LQ,102.63450,48.27080,135.72430,256.59480,48.89040,114.23650,103.45990,48.08240,135.21530,259.81820,48.61890,114.18210,27.01540,44.66850,136.82630,221.22400,48.20790,115.00280,3.58520,20.89590,94.06540,21.94330,24.23430,96.40280,2.35540,17.55950,45.09960,11.40520,16.01610,52.04990,1.82780,15.92100,30.02930,8.12370,12.63910,31.30620,1.48810,14.82740,22.90390,6.53080,10.69780,20.73720,1.34340,14.03950,19.34340,5.67860,9.55830,15.63800,1.14220,13.48630,17.20890,5.05920,8.88900,12.90630,1.04370,13.03450,15.86360,4.70110,8.35560,11.38230,1.02340,12.66270,14.97680,4.51430,7.92940,10.58170,0.95370,12.43530,14.37720,4.35650,7.60100,9.98570,0.88900,12.13610,13.99320,4.10630,7.31760,9.58280,0.90740,12.03230,13.63960,4.06830,7.16010,9.26150,0.86140,11.89390,13.38810,4.01070,7.01120,9.09330,0.85980,11.73460,13.20910,3.97300,6.89740,8.95780,0.79260,11.64620,12.93490,3.89220,6.73840,8.76230,0.82310,11.84600,12.90630,3.87250,6.77800,8.66000,0.93050,13.72620,15.50550,4.09830,7.94870,9.77710,1.01880,14.98260,18.06110,4.40950,8.87340,11.53000,1.26220,16.19540,20.71580,4.82720,9.85820,13.45800,1.57900,17.42410,23.53950,5.44690,10.85510,15.49310,1.87960,18.65270,26.51330,6.04510,11.86190,17.64190,2.27220,20.01090,29.73720,6.80070,12.89020,20.07800,2.66190,21.44020,33.19590,7.58020,14.09480,22.59270,3.27420,22.92710,36.87430,8.55280,15.34930,25.42040,3.67380,24.22790,40.56880,9.43730,16.59390,28.19870,4.27930,25.73040,44.34240,10.47930,17.87960,31.11530,4.92670,26.97100,48.51280,11.59270,19.14060,34.25210,5.67630,28.39950,52.45410,12.84930,20.42980,37.42840,6.33400,29.53790,56.31880,14.10380,21.64190,40.61480,7.23530,30.90450,60.88770,15.53440,23.02340,44.11090,8.06790,32.00900,64.70230,16.96700,24.16410,47.26670
LQ,96.73260,52.66870,146.72840,249.06520,50.39910,124.72980,97.52330,52.81220,145.98030,249.28080,50.60090,124.35190,36.69190,49.85020,146.64490,218.31010,50.36560,124.47770,4.38500,23.12010,114.34550,26.91690,26.03410,109.15380,3.07350,18.59980,53.49260,14.12290,17.43310,59.53990,2.41640,16.44870,33.33920,9.91990,13.74420,35.18600,2.03950,15.22620,24.27490,7.93330,11.76000,23.03430,1.82450,14.25060,19.78920,6.85430,10.44040,16.93580,1.63620,13.58970,17.13690,6.12840,9.59100,13.69930,1.54970,13.11410,15.54680,5.69880,9.05320,11.94050,1.49460,12.57870,14.54880,5.33690,8.49570,10.90550,1.41070,12.29970,13.74800,5.13460,8.18980,10.13340,1.36900,11.93880,13.24550,4.90550,7.87410,9.65030,1.33540,11.78540,12.78170,4.82500,7.71900,9.28730,1.27490,11.61780,12.46530,4.70740,7.51440,9.03390,1.28440,11.50820,12.27820,4.67190,7.40980,8.85690,1.18310,11.41490,12.07610,4.55350,7.32680,8.67100,1.25420,11.67140,11.73570,4.62810,7.42140,8.41110,1.27650,13.61110,14.00460,4.78080,8.68830,9.36210,1.52370,14.82350,16.56590,5.19300,9.45520,11.11320,1.80290,16.22050,19.11900,5.73030,10.52760,13.07870,2.05300,17.55500,21.89800,6.30350,11.61150,15.09340,2.42170,18.94870,24.78920,6.98670,12.71330,17.30840,2.76220,20.32940,28.22090,7.68570,13.89670,19.75340,3.24990,21.85710,31.54900,8.60220,15.20240,22.35480,3.74170,23.33330,35.18600,9.53610,16.41890,25.11250,4.28940,24.87030,38.95820,10.60350,17.84740,28.05870,4.93310,26.37730,43.10120,11.71230,19.11090,31.23130,5.56220,27.98650,47.40770,12.88130,20.53590,34.43830,6.31990,29.52980,51.42810,14.24960,22.00000,37.92970,7.05590,30.86160,55.83610,15.54680,23.26610,41.25360,7.95170,32.40650,60.26780,17.02050,24.58240,44.82340,8.96060,33.72410,64.76840,18.76020,25.93010,48.76160
LQ,94.06540,49.27760,133.92140,273.75020,46.37470,113.85660,94.78080,49.01900,134.42200,278.70550,46.19700,114.23650,31.54060,44.51400,135.57860,280.30500,46.18220,114.83790,3.54500,22.98120,94.86090,39.25380,31.75920,101.77500,2.46200,19.30940,49.01210,16.94030,20.79310,63.85100,1.83120,17.48720,33.85590,11.44450,16.35540,39.96620,1.49290,16.24990,26.15700,8.87650,13.87840,27.20630,1.37060,15.46530,22.22830,7.64960,12.46520,20.45520,1.21780,14.86220,19.77900,6.87630,11.56130,16.63580,1.09520,14.35530,18.05170,6.29640,10.84910,14.38110,1.00010,13.87840,16.92690,5.92790,10.27610,12.92420,0.94600,13.50410,16.10910,5.71230,9.78610,12.05230,0.94440,13.26400,15.49730,5.51550,9.43090,11.45100,0.84300,12.96900,14.98080,5.15620,9.10320,10.88330,0.88130,12.89020,14.75360,5.07420,9.00090,10.67220,0.88590,12.74380,14.50570,4.97140,8.81150,10.40210,0.84140,12.66950,14.38110,4.90760,8.73440,10.24280,0.91820,12.96560,14.23800,4.94800,8.81150,9.97070,0.91510,15.00990,17.01600,5.00990,10.05990,10.97230,1.14220,16.33850,19.89700,5.43140,11.00510,12.97440,1.39460,17.52780,22.67440,5.84130,11.97740,15.03700,1.68710,18.89010,25.60580,6.45940,13.06900,17.33560,2.07510,20.20350,28.72890,7.18520,14.20970,19.71760,2.53940,21.68710,32.26480,8.01760,15.51350,22.34910,2.94330,23.05960,35.68910,8.84300,16.67130,24.98910,3.48770,24.43350,39.44140,9.83050,17.92580,27.97070,4.09630,25.98550,43.25070,10.91190,19.39450,31.12350,4.76820,27.24810,47.43600,12.12050,20.53060,34.33570,5.39840,28.47680,51.05060,13.46540,21.80030,37.42840,6.10750,29.78220,55.30670,14.64700,23.02940,40.85710,6.88120,31.03340,59.15180,15.97750,24.20880,43.89370,7.71680,32.24310,63.01620,17.35830,25.43090,47.40770,8.66820,33.44750,66.87150,19.31830,26.61140,50.73890
LQ,176.60220,45.68410,124.91940,441.31520,46.70320,107.85530,171.31070,45.19370,123.91360,426.68420,46.15270,106.67920,31.08220,40.79870,124.22640,314.29190,45.55350,106.58220,3.38520,17.45110,81.17700,18.06110,19.33440,85.84310,2.26700,14.54780,35.73790,9.48080,12.62900,43.48880,1.77630,13.15580,22.82120,6.78370,9.91950,25.89330,1.46220,12.24060,17.11900,5.46010,8.44800,16.87370,1.33540,11.63040,14.30750,4.83560,7.53310,12.48620,1.16890,11.17490,12.84930,4.39320,6.87300,10.29780,1.03120,10.72140,11.80250,4.02660,6.43300,9.05360,1.01260,10.51890,11.29430,3.87250,6.22510,8.41380,1.00940,10.22740,10.86750,3.78840,5.88700,8.00700,0.96300,10.10800,10.52580,3.71840,5.74670,7.64190,0.92900,9.90000,10.39600,3.61790,5.57810,7.50340,0.92280,9.78880,10.27940,3.60830,5.50860,7.40920,0.90440,9.69780,10.17890,3.60640,5.38450,7.32320,0.94910,9.64020,10.12440,3.67380,5.30630,7.29300,0.87820,9.89440,10.05490,3.58720,5.50270,7.10550,1.02030,11.39010,12.14780,3.83720,6.41370,8.00180,1.22890,12.37890,14.16120,4.26510,7.00220,9.41410,1.39780,13.42250,16.42250,4.64690,7.81420,11.07470,1.64770,14.48720,18.55660,5.16910,8.63480,12.66860,2.05130,15.67940,21.06640,5.87090,9.55830,14.56840,2.34670,16.85760,23.75950,6.47600,10.54510,16.50930,2.86510,18.02790,26.65870,7.36360,11.54880,18.80900,3.26110,19.22480,29.72150,8.07320,12.58540,21.05010,3.79030,20.44560,32.92030,8.99720,13.71180,23.47270,4.45460,21.80600,36.23090,10.13950,14.82740,26.08910,5.04850,23.08980,39.77540,11.20030,16.15350,28.84240,5.80720,24.13860,43.16340,12.41320,17.26290,31.56580,6.52120,25.39040,46.72230,13.63590,18.55660,34.40090,7.36360,26.64710,50.52230,14.96080,19.71290,37.41800,8.26000,27.79030,53.99730,16.48760,20.82010,40.31730
LQ,89.73000,48.50770,134.63760,220.18750,46.28570,114.29100,90.35580,48.42860,134.78160,220.35960,46.22650,114.34550,25.41380,44.33240,135.07050,207.16670,46.12320,114.40000,3.11230,20.95020,99.91630,20.90390,27.35850,102.54350,1.99040,17.43760,48.42540,10.22760,17.57770,58.74830,1.58390,15.81000,31.37300,7.24780,13.90760,35.02340,1.24470,14.68130,23.60040,5.75740,11.82360,23.01650,1.12330,13.91120,19.60570,5.02490,10.66540,16.91810,1.00940,13.39060,17.25860,4.49780,9.84710,13.85700,0.82160,12.84240,15.80490,4.08030,9.19300,11.99460,0.86600,12.47850,14.87680,3.94540,8.74720,11.04260,0.76520,12.14910,14.19960,3.72420,8.37300,10.26110,0.78950,11.89710,13.79300,3.62370,8.12850,9.86020,0.70310,11.70930,13.35140,3.52590,7.92450,9.47210,0.67440,11.51130,13.12210,3.48580,7.73560,9.23850,0.65630,11.40560,12.85640,3.43640,7.61750,9.06210,0.71970,11.35910,12.72510,3.45540,7.50040,8.96060,0.63670,11.56130,12.33000,3.38900,7.60100,8.55830,0.78350,13.40830,14.86890,3.59290,8.74720,9.58580,0.86440,14.47960,17.34920,3.83140,9.51480,11.30730,1.13120,15.81820,19.87650,4.36670,10.54800,13.22730,1.40910,16.98870,22.63940,4.84620,11.56130,15.28000,1.66900,18.38020,25.42040,5.46680,12.60890,17.47220,2.09720,19.57070,28.52600,6.16790,13.67570,19.79430,2.46550,20.91210,31.81940,6.88120,14.87380,22.27420,2.93420,22.42890,35.13810,7.70640,16.09920,24.89860,3.37010,23.60450,38.87110,8.55280,17.21390,27.73750,3.89810,24.90330,42.29110,9.48080,18.41820,30.55860,4.57000,26.20850,46.41890,10.60970,19.68230,33.80100,5.17350,27.47680,50.32240,11.67900,20.83090,36.98630,5.93940,28.81990,54.16710,13.03900,22.13810,40.15820,6.72550,30.06200,58.21640,14.33840,23.31500,43.35070,7.52640,31.35430,62.36420,15.77970,24.49810,46.76390
LQ,90.06050,54.13030,147.65170,234.97060,55.45970,125.68300,90.95130,54.18630,148.41480,236.33330,55.75100,125.10960,25.88650,48.90650,148.41480,224.74380,55.55660,125.93930,3.17350,20.08870,104.06280,21.58940,26.57580,107.65780,2.14330,16.13260,44.34240,10.51950,15.15900,54.88840,1.65100,14.28790,26.23200,7.41680,11.17190,29.91050,1.34660,13.11060,18.55660,5.89370,9.12950,18.05640,1.20360,12.36570,15.08540,5.09570,8.00430,12.96360,1.07170,11.78540,13.13290,4.63440,7.26950,10.42370,0.98000,11.32830,11.97430,4.34630,6.78020,9.09900,0.93820,10.89990,11.22290,4.13430,6.41160,8.35430,0.85220,10.68300,10.64410,3.95130,6.14960,7.76090,0.80940,10.42590,10.18200,3.83720,5.96910,7.36870,0.79560,10.16470,9.94680,3.72030,5.75280,7.16520,0.81090,10.07410,9.75640,3.68930,5.68820,7.02620,0.73790,9.90000,9.61210,3.61210,5.54030,6.88360,0.75000,9.74190,9.54490,3.62950,5.44140,6.82500,0.68040,10.02610,9.27290,3.50100,5.57610,6.54270,0.78190,11.78860,11.31380,3.72230,6.53830,7.31320,0.92130,12.96560,13.59130,4.00470,7.25570,8.85690,1.15320,14.09480,15.74630,4.45050,8.13580,10.47620,1.35460,15.29360,17.91100,4.95650,8.98000,12.09660,1.67070,16.61970,20.39180,5.60690,9.97550,14.01230,1.94330,17.90270,23.29150,6.17250,11.03230,16.03680,2.32240,19.26460,26.26610,6.87140,12.13280,18.25020,2.70660,20.71240,29.44060,7.70900,13.41890,20.63570,3.16790,22.17280,32.89380,8.49820,14.54400,23.26150,3.76110,23.64800,36.53070,9.51570,15.81410,25.96060,4.24290,25.13540,40.34000,10.49170,17.11200,28.88790,4.87370,26.38430,44.35530,11.56300,18.40870,32.00700,5.57120,27.99410,48.30930,12.74980,19.79980,35.03290,6.23080,29.31220,52.40540,13.93630,21.15240,38.33260,7.05090,30.88730,56.84390,15.30850,22.57590,41.73830
LQ,106.48530,48.25500,135.07050,347.44750,49.35880,114.61860,107.55930,48.16080,135.14290,351.49400,49.34250,114.61860,32.05830,45.25100,136.60470,349.05550,49.26130,116.05670,4.09030,22.83720,101.46130,238.70340,31.83030,100.92720,2.88690,19.23970,51.76160,108.90210,19.99020,61.27230,2.27050,17.47360,35.34950,64.85690,15.46130,38.53610,1.86280,16.45720,27.22060,41.41830,13.02070,26.51330,1.68220,15.52160,22.88020,29.47170,11.49880,19.80460,1.48000,14.83510,20.06240,22.85070,10.38830,16.08350,1.44770,14.44190,18.43160,12.96000,9.78330,14.11520,1.35620,13.93320,17.36280,7.81030,9.17710,12.85990,1.28280,13.59330,16.36200,6.92530,8.69350,11.91680,1.19570,13.26050,15.88890,6.25190,8.32570,11.40840,1.23200,13.13490,15.40680,5.90510,8.07230,11.02660,1.16730,12.88330,14.96880,5.52890,7.82860,10.68480,1.19250,12.77090,14.85290,5.37200,7.72850,10.57240,1.08730,12.47850,14.59190,5.05060,7.49110,10.34370,1.10140,12.82530,14.23420,5.05060,7.58220,10.05190,1.18780,14.75800,17.00260,5.21250,8.73440,11.26830,1.44930,15.92510,19.65140,5.63820,9.50670,13.12570,1.72670,17.09880,22.43580,6.14690,10.38830,15.18650,2.06320,18.38970,25.38740,6.74730,11.48330,17.40830,2.49360,19.67720,28.51850,7.53400,12.57200,19.85080,2.79460,20.84170,31.76850,8.20640,13.62190,22.26850,3.32120,22.20170,35.12850,9.15580,14.98260,24.87930,3.84310,23.51170,38.84940,10.07000,16.55540,27.83190,4.41980,24.86370,42.26690,11.18090,17.94430,30.67220,5.06990,26.09670,46.15910,12.35080,19.25460,33.69170,5.70780,27.38060,50.04730,13.53930,20.50930,36.81340,6.54270,28.70240,53.99730,14.98080,21.90270,40.11290,7.32580,29.88880,58.10340,16.43550,23.10800,43.38830,8.26810,30.88730,61.82500,17.92970,24.13230,46.55650,9.25570,32.07180,65.63810,19.49930,25.30950,49.85000
LQ,95.10160,46.91390,132.71870,240.50960,46.12320,113.04950,95.83000,47.06530,133.14100,242.95730,46.19700,113.10300,22.54020,42.70500,133.35310,225.81980,46.00550,113.74840,3.38900,21.15240,88.32030,21.89800,26.61860,99.13680,2.28260,18.16800,44.49770,11.31380,17.41960,56.99000,1.73000,16.44020,30.38100,8.05730,13.76230,34.46630,1.41710,15.39720,23.63700,6.41430,11.75370,23.06410,1.22260,14.56680,20.13000,5.58450,10.62420,17.11000,1.08890,13.92950,17.93910,4.97360,9.76670,14.05790,1.01100,13.47210,16.56590,4.62190,9.16650,12.30580,0.88130,13.18360,15.66710,4.31380,8.80630,11.26830,0.86290,12.80150,15.02500,4.16440,8.37300,10.56610,0.78950,12.63240,14.51750,4.01660,8.18980,10.10020,0.79870,12.33930,14.19960,3.95920,7.91010,9.78010,0.79720,12.14590,13.89470,3.89610,7.70480,9.52150,0.76060,11.99680,13.69190,3.82750,7.61980,9.39670,0.73640,11.91960,13.61730,3.75140,7.50040,9.27010,0.73790,12.11660,13.32210,3.78840,7.55880,8.94650,0.77280,14.03210,16.02410,3.97500,8.75490,9.98870,0.99240,15.13540,18.75530,4.32800,9.53920,11.94390,1.22410,16.33000,21.43950,4.77870,10.46940,13.97430,1.50750,17.62310,24.28750,5.38300,11.55510,16.07500,1.84280,18.87550,27.37020,6.01050,12.57870,18.33120,2.18950,20.24010,30.46960,6.77390,13.78040,20.66770,2.62270,21.54080,33.92000,7.58530,14.88160,23.27350,3.11050,22.98720,37.45950,8.49000,16.09090,25.96060,3.63330,24.25990,41.15980,9.48660,17.06790,28.85760,4.19850,25.62780,45.23190,10.47310,18.34230,31.89600,4.86940,26.92750,49.20480,11.67570,19.57070,34.99480,5.59570,28.13100,53.32580,12.85640,20.79850,38.40740,6.33170,29.52170,57.37620,14.22650,22.21330,41.56010,7.19770,30.75070,61.51700,15.64630,23.42540,44.96780,8.03610,31.98210,65.39110,17.15040,24.52400,48.20790
LQ,92.81480,49.39130,136.45720,234.00600,46.56840,116.16860,93.39760,49.65280,137.19700,234.19830,46.67320,115.77780,36.22090,46.74820,138.47060,223.50040,46.68820,116.50530,4.80400,25.24240,103.59850,32.08410,31.38050,104.43680,3.44400,21.42350,54.64640,16.35340,21.87990,66.13650,2.82170,19.63660,38.52540,11.74570,17.82890,43.08880,2.40940,18.40870,30.35680,9.41120,15.55380,30.55860,2.13130,17.40160,25.90000,7.99650,13.99170,23.33370,1.96510,16.74900,23.02240,7.17770,12.98970,19.19850,1.80450,16.09920,21.09910,6.54030,12.12310,16.59650,1.74820,15.62660,19.86620,6.18880,11.58330,15.10960,1.57740,15.21820,18.85300,5.77550,11.15670,13.96670,1.48480,15.01780,18.05170,5.55330,10.78070,13.16190,1.48320,14.71960,17.66500,5.42480,10.48390,12.77460,1.43640,14.48340,17.25860,5.27560,10.24170,12.36460,1.43160,14.32530,16.93580,5.18000,10.04020,12.06250,1.40430,14.20970,16.57900,5.14970,9.86100,11.75570,1.36420,14.29910,16.25010,5.03770,9.82760,11.38550,1.44770,16.40620,19.20350,5.22990,11.23300,12.41660,1.63300,17.88890,22.23980,5.65840,12.27670,14.49790,1.97690,19.20000,25.34800,6.20750,13.33780,16.82940,2.29120,20.57850,28.68370,6.87140,14.56680,19.35340,2.66550,21.99430,31.97280,7.62640,15.77320,21.83030,3.21820,23.32720,35.49450,8.46270,16.90990,24.54650,3.72030,24.78480,39.29790,9.39100,18.28090,27.52080,4.29550,26.11070,43.01430,10.42060,19.50000,30.52620,4.90550,27.57330,47.07030,11.56630,20.82550,33.70080,5.67180,28.72580,51.28610,12.73920,22.11500,37.02720,6.47360,30.22820,55.21920,14.08470,23.40080,40.45420,7.16270,31.39800,59.24850,15.39450,24.62800,43.57690,8.07590,32.68120,63.14360,16.96700,25.77840,46.95850,9.12450,33.71460,67.08050,18.62910,26.93480,50.41450,10.14250,34.68130,71.14390,20.40240,28.05480,53.67690
LQ,111.25520,56.89930,159.38300,263.59460,57.93900,133.14100,112.51680,57.30360,160.45050,265.03700,58.27120,132.85920,43.55170,52.72240,159.19020,255.01060,57.69180,131.74210,5.00350,22.43480,113.15660,36.00310,28.64770,111.15110,3.64300,17.73260,48.92350,17.36280,17.24950,60.12910,2.92510,15.52960,29.40960,12.23010,12.62570,34.89970,2.52530,14.16510,20.98500,9.84530,10.25320,22.14240,2.23080,13.18360,16.75000,8.55830,8.80120,15.57990,1.99210,12.34590,14.26890,7.60330,7.76650,12.14440,1.86950,11.80770,12.84930,7.08070,7.11700,10.33150,1.71180,11.36840,11.93710,6.62180,6.67060,9.24710,1.73660,11.09580,11.33010,6.41900,6.35410,8.61040,1.66410,10.83720,10.87380,6.26590,6.14330,8.13430,1.63460,10.49850,10.44840,6.11210,5.83800,7.74010,1.62800,10.27890,10.15770,5.98060,5.64610,7.51100,1.54480,10.11370,9.94380,5.86400,5.52640,7.29300,1.63130,10.02610,9.82450,5.90740,5.44340,7.22520,1.51240,10.22740,9.48660,5.76420,5.49470,6.90570,1.58390,12.00650,11.48390,5.98060,6.47580,7.55710,1.78960,13.11760,13.75920,6.34110,7.14190,9.00280,1.99380,14.32160,16.00710,6.82990,7.97040,10.55680,2.27740,15.69160,18.51320,7.52890,8.94870,12.29550,2.66550,17.01070,21.27410,8.28960,9.98960,14.29590,3.01100,18.39920,24.07490,9.12730,11.01410,16.31460,3.40420,19.74860,27.26320,10.01580,12.10030,18.50840,3.95920,21.31790,30.90100,11.11640,13.41890,21.16460,4.40140,22.74180,34.38230,12.08300,14.58200,23.64930,4.93520,24.31760,38.22610,13.31850,15.98710,26.38250,5.62030,25.86790,42.23060,14.63520,17.25400,29.31680,6.32700,27.47680,46.35040,16.09630,18.60460,32.37730,7.03860,28.91440,50.73890,17.48130,19.93850,35.54300,7.93590,30.49640,55.28920,19.14880,21.40120,39.02360,8.80950,31.91950,59.75500,20.72110,22.72400,42.25480
LQ,96.85670,47.44690,133.07050,242.54620,48.22360,113.31750,97.98590,47.26320,134.20710,244.61450,48.09810,113.21020,36.84380,44.54200,134.63760,236.33330,47.92630,113.64040,4.81450,24.76520,103.64480,31.96420,32.08080,104.34310,3.26490,20.54660,56.10350,15.43550,20.95020,67.73680,2.50060,18.48010,38.53610,10.69730,16.26680,43.10120,2.03440,17.12970,29.78440,8.43830,13.74780,29.83950,1.80950,16.02850,24.73150,7.22520,11.95810,22.15950,1.63790,15.19450,21.72920,6.36470,10.78960,17.67420,1.43000,14.65070,19.59550,5.79820,9.97550,15.01290,1.33380,14.04320,18.34070,5.34340,9.37980,13.50600,1.26530,13.70810,17.19540,5.09140,8.88640,12.35420,1.14530,13.40480,16.42250,4.82720,8.51590,11.53660,1.11710,13.08980,15.85100,4.69480,8.18490,11.01700,1.09520,12.84920,15.47250,4.57630,7.94620,10.59730,1.08730,12.63910,15.09750,4.51430,7.71430,10.30390,1.15000,12.41870,14.74960,4.49980,7.51440,10.14250,1.04210,12.70320,14.38110,4.39520,7.62220,9.72980,1.11550,14.62390,17.05180,4.57830,8.83720,10.65350,1.29710,15.74050,19.78920,4.98210,9.56920,12.50370,1.51400,17.11640,22.67440,5.42260,10.65950,14.59580,1.86950,18.32340,25.63900,6.06820,11.70300,16.82060,2.22740,19.54040,28.88030,6.74000,12.72690,19.18360,2.59080,20.89040,32.12700,7.51360,13.93680,21.52270,3.07170,22.32960,35.58190,8.40840,15.16300,24.13100,3.57180,23.61690,39.19890,9.33900,16.36810,26.93100,4.18040,24.89670,42.96480,10.36520,17.55500,29.75290,4.75350,26.18050,46.73610,11.48720,18.82200,32.79670,5.48890,27.41020,50.78550,12.70380,19.94370,35.82600,6.23080,28.73370,54.68090,13.98940,21.34560,39.15490,6.99170,29.75760,58.63370,15.28810,22.44650,42.02550,7.89130,31.06790,62.55240,16.86040,23.62940,45.36470,8.77620,32.26120,66.36490,18.44120,24.78480,48.68820
LQ,110.27310,51.76740,144.58520,281.65090,53.85170,122.85980,111.72550,52.03010,144.26040,283.55560,54.20500,122.79830,38.83850,48.25500,144.99310,264.79560,53.63030,123.04470,4.59700,22.25390,96.93970,29.28590,28.06240,104.10950,3.28360,18.40870,44.29080,14.67850,17.51430,56.03200,2.61380,16.58110,29.17810,10.41750,13.38710,33.59180,2.21880,15.35330,22.07960,8.30030,11.09890,22.16530,1.98710,14.53260,18.33590,7.20020,9.83040,16.23300,1.81120,13.82030,16.24160,6.41900,8.89930,13.22000,1.66410,13.36950,14.76950,6.01050,8.28600,11.52010,1.60840,12.79470,13.95150,5.62480,7.76650,10.55680,1.46870,12.41870,13.15460,5.35220,7.40980,9.78600,1.44290,12.07760,12.66860,5.12810,7.10800,9.32460,1.36900,11.81720,12.13070,4.99710,6.84420,8.89610,1.33220,11.64620,11.81930,4.91180,6.65320,8.58300,1.33380,11.53630,11.59940,4.82500,6.50380,8.38940,1.35140,11.39010,11.42480,4.83350,6.35190,8.26000,1.26370,11.57390,11.22290,4.72200,6.47800,8.00180,1.38020,13.51830,13.49500,4.96930,7.59870,8.91290,1.56760,14.73880,15.96060,5.35880,8.39050,10.53510,1.78790,16.04930,18.54210,5.78680,9.37980,12.38890,2.13990,17.37470,21.21380,6.42140,10.43460,14.37720,2.50590,18.70090,24.11850,7.16770,11.51130,16.57030,2.92140,20.17210,27.20630,7.92800,12.69980,18.83340,3.37580,21.63630,30.52620,8.81790,13.92220,21.36220,3.95130,23.05360,34.05790,9.80380,15.11970,24.10600,4.50400,24.49160,37.95080,10.78530,16.45720,26.96610,5.16700,26.11070,41.69070,11.96410,17.86120,29.95790,5.87090,27.53620,45.80670,13.21640,19.26960,33.23160,6.72060,28.85140,50.06260,14.47450,20.57850,36.58100,7.55200,30.33680,54.11610,15.89310,21.93700,39.95490,8.48450,31.75040,58.59560,17.42200,23.41920,43.33820,9.48080,33.07080,62.72050,19.06950,24.64750,46.91670
LQ,89.43790,48.69850,133.00000,266.25020,47.11090,113.26380,90.69000,48.73040,132.78890,266.98310,47.29370,112.83590,26.39630,44.76720,133.49480,258.65840,47.17170,113.64040,3.82360,23.10190,94.50150,33.24950,29.88060,100.83860,2.62810,19.95920,49.41360,16.20730,20.27690,61.04920,2.05640,18.16800,34.81440,11.21320,16.22470,39.04550,1.77960,17.10760,27.80280,8.96060,13.97710,27.58560,1.51240,16.37230,23.68600,7.66510,12.64250,21.06640,1.43320,15.83460,21.37870,6.93020,11.78860,17.49500,1.33380,15.42120,19.84050,6.45460,11.08670,15.52610,1.20990,15.02950,18.87260,6.05660,10.70670,14.24960,1.25420,14.82350,18.11290,5.86400,10.29610,13.41020,1.12020,14.50990,17.46760,5.63820,9.99240,12.80660,1.15320,14.38910,17.14140,5.54890,9.71980,12.46880,1.14530,14.28050,16.93140,5.50890,9.62100,12.21290,1.11710,14.12810,16.75440,5.44470,9.46060,12.04210,1.17210,14.16140,16.63580,5.45130,9.39320,11.98450,1.12330,14.40790,16.63150,5.35440,9.48230,11.77580,1.21470,16.58530,19.79430,5.56450,10.81640,13.04260,1.44930,18.01860,23.08200,5.94390,11.85230,15.36170,1.74650,19.44460,26.28660,6.50220,13.03450,17.74360,2.10410,20.95560,29.63540,7.22770,14.35910,20.37600,2.52360,22.44650,33.12450,8.00180,15.63880,23.14160,3.00000,23.89820,36.91500,8.89890,16.96680,26.04170,3.50300,25.30280,40.79930,9.83350,18.30920,29.07850,4.09230,26.83370,44.75800,10.89280,19.72820,32.39460,4.74720,28.07760,48.96770,12.03190,21.00460,35.66950,5.40280,29.49740,52.87920,13.19460,22.49350,39.15490,6.28000,30.86160,57.37620,14.64300,23.71650,42.74270,7.02370,32.22500,61.19100,16.09630,25.08210,46.09110,8.00700,33.39070,65.32390,17.51790,26.34200,49.78950,8.94650,34.63160,69.79000,19.01020,27.70020,53.22610,9.97670,35.48930,73.51820,20.68370,28.73370,56.64390
LQ,97.14740,50.85490,138.69750,279.76990,52.97430,118.38700,98.07040,51.26510,139.61140,268.46000,53.15530,118.90910,28.63860,46.52360,140.14930,254.56120,53.08280,119.37650,4.10830,21.96560,88.49900,30.22850,30.52170,103.59850,2.83070,18.49920,42.07370,14.60760,18.60460,57.95310,2.23770,16.73610,28.23570,10.18500,14.05050,34.73880,1.83620,15.65090,21.78530,8.06260,11.68400,22.82710,1.64440,14.80810,18.39330,6.91060,10.22740,16.80290,1.50590,14.17250,16.47020,6.25650,9.33950,13.71430,1.41710,13.79120,15.15410,5.83220,8.69350,11.99460,1.30350,13.41180,14.41220,5.46900,8.27370,10.99470,1.26370,13.17670,13.78930,5.26470,7.95830,10.33150,1.25260,12.87310,13.43590,5.09570,7.64570,9.89600,1.18620,12.74040,13.11840,4.96720,7.48640,9.57990,1.16890,12.60220,12.94570,4.86520,7.34520,9.39960,1.17680,12.51510,12.75690,4.77240,7.22830,9.24710,1.11240,12.43530,12.66500,4.74720,7.17820,9.13300,1.12490,12.58200,12.51420,4.74090,7.14650,8.87370,1.17360,14.58580,15.33710,4.93740,8.38050,9.97670,1.40100,15.84280,17.85040,5.35660,9.19030,11.74570,1.67560,17.10320,20.41290,5.84810,10.20460,13.71800,1.99550,18.41350,23.29150,6.40250,11.26680,15.86790,2.40600,19.81510,26.23200,7.14530,12.40540,18.13650,2.74780,21.12490,29.56510,7.86250,13.61830,20.53990,3.25180,22.64690,32.92910,8.75120,14.86610,23.21350,3.73000,24.03710,36.42040,9.68260,16.22470,25.89330,4.33810,25.45120,40.28310,10.75070,17.47810,28.88030,5.02920,26.82650,44.17500,11.94390,18.79280,32.06690,5.71230,28.20740,48.15020,13.18730,20.17730,35.18600,6.51890,29.46510,51.98570,14.49790,21.42910,38.58990,7.33330,30.89590,56.22900,15.99020,22.90910,41.90550,8.24660,32.21600,60.32740,17.48590,24.11320,45.12600,9.19000,33.45700,64.35100,19.10910,25.42410,48.65890
LQ,119.37650,49.91630,139.53480,286.03970,51.61080,118.50270,120.67780,50.36560,140.38100,286.59730,52.06530,118.73460,62.69950,48.31800,141.54920,260.51860,51.62820,120.02420,7.74530,27.31430,110.94350,41.58380,29.90520,104.81290,5.46240,23.05960,56.82570,21.88110,21.51280,61.96950,4.37480,20.96100,40.04510,15.67540,17.45560,41.40650,3.74170,19.75370,31.76850,12.60520,15.11570,30.44540,3.39470,18.82200,27.05770,10.81690,13.60040,23.89500,3.10490,17.96290,24.03130,9.57700,12.53520,19.86100,2.88510,17.34780,21.92630,8.74840,11.68090,17.40830,2.72270,16.94490,20.38130,8.13430,11.11710,15.74630,2.59790,16.59390,19.43380,7.70120,10.64180,14.63520,2.49710,16.36380,18.64360,7.41180,10.35080,13.91360,2.49010,16.06180,18.15070,7.19270,9.98960,13.41020,2.40940,15.78130,17.62810,6.96460,9.71160,12.97440,2.35710,15.65500,17.29020,6.83480,9.53920,12.65450,2.29810,15.56590,17.03840,6.72300,9.42820,12.40270,2.30510,15.77320,16.58780,6.67230,9.42550,11.97430,2.41640,18.06050,19.52970,6.92280,10.98100,13.30390,2.72270,19.54040,22.66270,7.51610,12.05170,15.50140,3.09940,21.00460,25.86640,8.18770,13.34480,17.92040,3.57370,22.50520,29.27050,9.03390,14.61630,20.55050,4.13030,23.91080,32.97340,9.94380,16.05350,23.34570,4.69070,25.44440,36.90480,10.99150,17.48720,26.37570,5.40280,26.92030,40.83400,12.14100,18.90480,29.48720,6.14690,28.29940,44.95460,13.38080,20.24010,32.88490,7.02370,29.77400,49.19000,14.81310,21.76060,36.19110,7.94380,31.09380,53.25930,16.37500,23.18080,39.77540,8.90170,32.50690,57.85950,17.96720,24.63450,43.26320,10.00980,33.69540,62.05230,19.77390,25.93700,47.01440,11.18730,34.82090,66.27340,21.59500,27.41750,50.58410,12.38190,36.08020,70.68820,23.63700,28.69460,54.21810,13.75550,37.24750,74.98520,25.83950,30.10340,57.89690
LQ,103.83030,52.54360,141.78480,255.46140,53.22800,114.94780,104.34310,52.75830,142.10010,256.82260,53.59350,114.61860,41.67880,50.04880,142.49590,243.78330,53.30080,115.27860,5.19300,25.61420,112.99600,31.74310,31.11110,103.50610,3.66420,21.05380,57.39460,16.15600,20.13040,62.84700,2.83970,18.72020,37.52170,11.36270,15.42120,39.48580,2.44440,17.27630,28.28020,9.07630,12.90390,27.04360,2.11600,16.10340,22.99870,7.71420,11.15670,20.00540,1.89800,15.25780,19.83540,6.80800,10.11370,15.90990,1.76800,14.64300,17.78070,6.25650,9.29410,13.64340,1.64610,14.09480,16.34910,5.89140,8.71130,12.14100,1.55140,13.63980,15.41500,5.54000,8.18980,11.20030,1.49130,13.37650,14.59980,5.35440,7.86450,10.50410,1.47350,12.99660,14.18420,5.20170,7.54950,10.03380,1.40260,12.77430,13.74050,5.03990,7.30840,9.65320,1.35460,12.58540,13.40280,4.95010,7.17140,9.44020,1.34340,12.46520,13.13290,4.91180,7.02470,9.17000,1.33060,12.73700,12.68970,4.86520,7.13060,8.77900,1.42350,14.78500,14.96480,5.03770,8.34310,9.60630,1.56930,16.14930,17.75750,5.43800,9.30480,11.37900,1.83280,17.44660,20.58240,5.98750,10.25890,13.36980,2.18950,18.85600,23.54560,6.62900,11.40250,15.50140,2.55710,20.17210,26.68650,7.33330,12.52180,17.76680,2.93050,21.70960,29.91840,8.13430,13.83110,20.22390,3.42310,23.13220,33.51030,9.06500,15.00600,22.83300,3.97500,24.65400,37.24250,10.06390,16.38500,25.56590,4.55970,26.10370,41.20670,11.16800,17.72340,28.56350,5.22340,27.49160,45.27170,12.26790,19.04690,31.62480,5.95080,28.92230,49.44350,13.55790,20.41920,34.75770,6.71340,30.26150,53.49260,14.86490,21.69830,38.04580,7.55710,31.72380,57.65430,16.35340,23.15040,41.26530,8.46270,33.05220,61.99010,17.86440,24.40120,44.58860,9.47500,34.18860,66.02270,19.57020,25.78530,48.02050
LQ,93.59320,48.33380,135.36040,232.85800,46.06430,114.50920,94.14440,48.44440,135.43310,234.39100,46.13790,114.12770,27.46330,44.76720,136.23670,218.14080,46.19700,115.27860,3.88820,22.98120,98.36710,24.11850,29.01720,102.95420,2.71010,19.77930,51.22310,12.47930,19.45970,62.23910,2.10410,18.10250,35.29170,8.94370,15.63070,38.73020,1.78460,16.95360,27.75920,7.27290,13.49340,26.74210,1.63130,16.26680,23.80870,6.34820,12.27020,20.30240,1.43800,15.68750,21.24670,5.72130,11.41800,16.80290,1.35140,15.23010,19.79950,5.29530,10.80150,14.84100,1.29550,14.92810,18.65330,5.07420,10.33930,13.58010,1.21780,14.55160,17.95310,4.83560,9.97270,12.78880,1.18150,14.27670,17.46760,4.68020,9.64290,12.33000,1.17050,14.18360,17.13690,4.61150,9.52290,11.96410,1.11710,14.01380,16.83380,4.51630,9.29670,11.74570,1.11550,13.92220,16.64900,4.46690,9.16910,11.55310,1.12960,13.70810,16.43550,4.44440,8.95910,11.35940,1.16420,14.08740,16.20730,4.44640,9.13740,11.07150,1.14060,16.22050,19.19350,4.65520,10.51590,12.15810,1.38180,17.62760,22.38370,5.02700,11.50820,14.37720,1.64440,18.90480,25.59250,5.58680,12.55190,16.70600,1.97360,20.21920,28.80450,6.20750,13.73340,19.25330,2.37980,21.64760,32.34260,6.93020,14.92420,21.80220,2.80000,23.16260,35.91440,7.76870,16.25410,24.49580,3.42880,24.56290,39.83140,8.82350,17.49620,27.61440,4.03250,25.93010,43.30070,9.96780,18.65270,30.41320,4.61780,27.32160,47.29490,11.07790,19.89730,33.48320,5.28220,28.59320,51.49140,12.18890,21.08110,36.72220,6.01510,30.05370,55.60580,13.53190,22.45820,40.03380,6.76180,31.25850,60.22810,14.81310,23.67290,43.47620,7.59560,32.62600,64.22000,16.33610,24.96940,46.84720,8.50910,33.82020,68.45090,17.95310,26.28570,50.26110,9.52150,34.87090,72.66960,19.73810,27.45450,53.66010
LQ,81.67890,46.59830,126.06770,227.63400,44.40210,105.57200,82.76190,46.59830,126.71350,229.28960,44.45800,105.76320,27.15670,42.54690,127.43030,222.44440,44.20740,106.38860,3.49910,21.58010,91.78040,29.83160,27.54360,92.93090,2.40250,18.31870,46.57030,14.35390,18.48970,55.90720,1.82950,16.62830,31.85340,9.89300,14.65450,35.03290,1.55140,15.49740,24.78920,7.83120,12.48850,23.96310,1.28440,14.75030,20.97420,6.61460,11.24830,18.03290,1.16260,14.11700,18.64850,5.93020,10.37380,14.80120,1.06700,13.74780,17.16390,5.48890,9.75010,12.95640,0.98620,13.35540,16.11760,5.15830,9.33420,11.78240,0.94290,13.02070,15.47660,4.91610,8.90450,11.12930,0.90440,12.72010,15.00490,4.72200,8.60940,10.65970,0.86750,12.55530,14.58800,4.66150,8.38800,10.25500,0.84300,12.36240,14.25350,4.54320,8.16770,9.98270,0.81700,12.23080,14.07320,4.49370,8.04070,9.85130,0.80330,12.01290,13.92880,4.41160,7.85970,9.73570,0.73940,12.35910,13.64710,4.36460,8.03100,9.40250,0.91200,14.29910,16.26300,4.59700,9.20620,10.40520,1.05610,15.50950,19.03490,4.92030,9.99520,12.25070,1.33220,16.74470,21.74600,5.39620,11.03530,14.33840,1.63130,17.95820,24.48940,5.97150,12.03550,16.41820,1.98200,19.34440,27.61440,6.64820,13.15930,18.69210,2.40250,20.53060,30.75370,7.39400,14.23200,21.08820,2.90320,21.93700,34.09480,8.25460,15.46130,23.64930,3.39090,23.28440,37.57370,9.19280,16.67560,26.28660,3.98490,24.44640,41.25360,10.20020,17.74630,29.12440,4.59910,25.76470,44.99410,11.23910,19.02720,32.16140,5.28000,27.16020,48.77630,12.44440,20.18780,35.05200,6.03350,28.27630,52.50290,13.71430,21.35670,38.29000,6.80310,29.50550,56.46300,15.05310,22.59950,41.33580,7.63930,30.64020,60.26780,16.48760,23.70400,44.57560,8.55280,31.83030,63.67840,17.87370,24.81770,47.62030
LQ,85.60490,47.75540,133.99270,215.29990,46.82340,112.94260,86.56420,47.83290,134.13550,216.12850,47.01980,112.78260,27.60000,45.12220,134.35030,176.60220,46.86860,112.99600,3.59870,22.45820,103.36760,20.24480,24.30480,98.92200,2.33450,18.50880,52.50290,10.85480,16.60680,55.46480,1.72010,16.43170,34.30780,7.63930,13.28150,33.66440,1.38820,15.09220,25.41380,6.11910,11.33750,22.30300,1.12960,14.15030,20.85000,5.12380,10.06840,16.38790,1.00630,13.44370,18.10350,4.55560,9.21950,13.32210,0.85980,12.81510,16.43120,4.17640,8.54110,11.58610,0.76520,12.38220,15.25150,3.86860,8.10400,10.48240,0.69550,11.99030,14.36950,3.66610,7.74280,9.72680,0.69100,11.67450,13.72930,3.53350,7.42600,9.24710,0.62170,11.45210,13.24550,3.41740,7.21920,8.85410,0.60820,11.25760,12.89560,3.35880,7.05610,8.60770,0.56630,11.04740,12.60870,3.25360,6.87740,8.32730,0.52010,11.00210,12.38540,3.19770,6.79780,8.19030,0.51720,11.20240,11.94390,3.15680,6.87960,7.90440,0.57680,12.90390,14.36170,3.33060,8.04800,9.16430,0.74390,14.10960,16.84710,3.61980,8.89160,10.95000,0.93050,15.32940,19.49930,4.04050,9.78880,12.82790,1.19410,16.58960,22.08530,4.59700,10.81640,14.83700,1.47680,17.85200,25.10600,5.16270,11.85550,16.99820,1.86120,19.23970,28.27270,5.90050,12.94500,19.37350,2.23940,20.57850,31.59950,6.60500,14.14660,21.88110,2.65120,22.00570,35.06160,7.41680,15.41720,24.45140,3.17530,23.38240,38.99090,8.31920,16.57680,27.41310,3.71640,24.70630,42.80430,9.27870,17.77840,30.41320,4.26710,26.29270,46.91670,10.32840,19.14060,33.40210,4.93520,27.67780,50.81660,11.49050,20.30310,36.57090,5.63600,28.81990,55.07960,12.67560,21.57450,39.90990,6.42610,30.13660,59.32600,14.04650,22.88510,42.96480,7.26790,31.38050,63.22870,15.49730,23.96750,46.39150
LQ,100.92720,51.62820,142.10010,262.87890,53.70390,120.49900,102.18060,51.57610,141.70620,267.71960,53.90720,120.43940,32.21300,47.40080,142.65480,262.40370,53.79620,120.73750,4.51840,23.55500,95.70800,32.36860,33.12700,108.70140,3.17160,19.84590,46.73610,15.65880,20.10950,63.46370,2.51830,17.91660,31.63320,10.99790,15.19850,38.46100,2.10750,16.66270,24.40090,8.70690,12.66950,25.71900,1.89130,15.72820,20.43930,7.43720,11.04430,18.86770,1.69700,15.02170,18.10350,6.64820,10.00360,15.20680,1.56930,14.44940,16.59650,6.08200,9.26210,13.13290,1.56440,13.97340,15.61720,5.77330,8.71130,11.97430,1.42030,13.65060,14.74570,5.47340,8.31580,11.12290,1.40260,13.33420,14.29590,5.29750,7.93900,10.56920,1.32740,13.17320,13.86450,5.14100,7.73800,10.10620,1.30830,12.97930,13.60990,5.02270,7.59160,9.86020,1.27490,12.78450,13.36240,4.95870,7.39130,9.61510,1.32260,12.67960,13.18730,4.95870,7.25570,9.51280,1.24630,12.91070,13.03900,4.83980,7.38900,9.23000,1.36100,14.84670,15.68790,5.06780,8.53350,10.18500,1.56930,16.23730,18.46520,5.50440,9.45250,12.07610,1.82280,17.52780,20.89310,6.04050,10.45780,14.02750,2.09380,18.89990,23.83330,6.64100,11.54570,16.17310,2.53060,20.21920,27.02950,7.38640,12.72690,18.54700,2.91230,21.66450,30.26850,8.20910,14.01010,21.01210,3.42120,23.15040,33.89250,9.18430,15.26180,23.77800,3.91780,24.56940,37.57370,10.20320,16.68420,26.57550,4.56380,26.16650,41.41830,11.31700,18.00460,29.51060,5.31060,27.54360,45.49800,12.42010,19.33440,32.96450,6.02890,29.04100,49.71400,13.72180,20.76080,36.17130,6.74240,30.34520,53.82830,15.02900,22.16120,39.55230,7.67280,31.83030,58.12220,16.60960,23.56730,42.95240,8.56930,33.21150,62.38510,18.22180,24.94950,46.51520,9.61800,34.33540,66.45650,20.04690,26.30680,50.04730
LQ,104.06280,51.92480,146.47830,277.91200,54.46750,126.32540,105.23880,52.24170,147.31480,279.50310,54.73200,126.13210,39.47470,48.90650,146.97920,275.29730,54.37350,126.26090,4.79340,24.86370,112.30480,37.83510,34.01340,114.45460,3.39850,20.51460,55.64120,17.67420,21.44580,68.90910,2.71190,18.50400,36.63140,12.33350,16.44440,42.43690,2.31550,17.00190,27.86110,9.88410,13.72260,28.72140,2.06490,16.12430,22.96310,8.42470,12.02580,21.05560,1.86790,15.34530,20.03130,7.51870,10.99000,16.79410,1.74320,14.83130,18.21700,7.00150,10.19610,14.43160,1.64280,14.21340,16.97140,6.54990,9.53380,12.99590,1.53180,13.88210,15.97330,6.22380,9.06370,11.92360,1.51080,13.52900,15.34940,6.00820,8.62980,11.29100,1.43480,13.35180,14.84490,5.84580,8.45300,10.82000,1.39780,13.14880,14.49790,5.75970,8.22180,10.44530,1.38020,12.93810,14.24570,5.63820,8.04560,10.20320,1.32420,12.77770,14.03890,5.52000,7.91730,9.97670,1.33060,13.11060,13.49500,5.51550,8.00190,9.57120,1.45090,15.06080,16.08780,5.73260,9.27010,10.46070,1.62480,16.56820,18.86770,6.14460,10.25320,12.32310,1.90970,17.95820,21.81340,6.72060,11.34680,14.46670,2.25320,19.40450,24.78920,7.46510,12.52180,16.75000,2.64940,20.87420,28.28760,8.23320,13.77310,19.17360,3.12900,22.33540,31.67540,9.17570,15.02560,21.77970,3.62180,23.84160,35.40740,10.13650,16.47850,24.67400,4.13830,25.38360,39.50790,11.19380,17.96750,27.76650,4.80190,27.02910,43.41340,12.51070,19.34440,30.78640,5.47340,28.33010,47.86270,13.68440,20.68550,34.20570,6.23320,29.78220,51.84150,15.02100,22.11500,37.44910,7.08070,31.22370,56.62580,16.52240,23.53640,41.23010,7.94120,32.66280,60.94820,18.08930,24.98260,44.64060,8.90170,33.97470,65.27920,19.75340,26.45510,48.41090,9.87510,35.20370,69.79000,21.93760,27.91080,51.77760
LQ,112.09360,57.67130,163.42690,282.73640,59.58620,136.75230,113.64040,57.93900,163.52770,283.82960,59.75920,136.53090,46.76390,54.05580,165.25970,284.37920,60.10750,139.00090,5.22550,24.48520,121.76050,39.60790,33.75290,121.27730,3.66800,19.19010,54.88840,17.79460,19.34940,68.40300,2.88690,16.82710,33.33020,12.36460,14.04690,39.43040,2.43740,15.27770,23.74720,9.82750,11.26370,25.02150,2.14840,14.20220,18.90690,8.40570,9.62920,17.43560,2.00230,13.48630,16.12190,7.60070,8.58410,13.58010,1.85450,12.86970,14.37720,7.00400,7.84290,11.45100,1.74980,12.29320,13.35510,6.64100,7.29010,10.23060,1.67070,11.91320,12.51770,6.31290,6.90850,9.37650,1.57090,11.66510,11.90000,6.08200,6.63360,8.78170,1.53670,11.32830,11.53330,5.92560,6.33710,8.39760,1.51400,11.12010,11.24560,5.78000,6.17890,8.14500,1.48320,10.96290,11.00750,5.70560,6.03310,7.92800,1.43160,10.85210,10.82320,5.59790,5.97730,7.76870,1.20830,10.95990,10.34070,5.26040,5.92800,7.27040,1.29080,13.27100,13.05350,5.48450,7.33140,8.33540,1.51400,14.62780,15.81330,5.88450,8.28360,10.14250,1.69870,15.94990,18.46520,6.31520,9.27810,12.05570,2.00900,17.21840,21.17550,6.94980,10.31340,14.04650,2.36760,18.57100,24.19340,7.68830,11.42730,16.21160,2.79100,19.95400,27.29880,8.50910,12.54520,18.47000,3.20330,21.42350,30.57480,9.40250,13.76230,20.82840,3.65450,22.97520,34.27060,10.36220,15.12360,23.54560,4.29750,24.33690,38.11990,11.46420,16.34270,26.40310,4.86520,25.78530,41.92950,12.61580,17.61850,29.27820,5.50890,27.34370,46.17270,13.86830,19.03210,32.42940,6.22850,28.85930,50.24580,15.16220,20.37690,35.47510,7.00890,30.23650,54.78450,16.56590,21.78330,38.99090,8.03350,31.89270,59.59850,18.25020,23.33330,42.60780,8.88770,33.23970,63.57090,19.86100,24.56940,45.91480
LQ,104.38990,54.80790,148.24460,259.12120,55.71200,120.91700,104.71870,55.13240,147.99000,260.05130,55.73150,120.49900,42.75500,52.03010,148.75610,246.92740,55.49840,121.27730,5.03990,25.17550,117.24050,31.57420,30.37870,108.20240,3.52970,20.14080,56.31880,15.77560,18.90960,62.34330,2.79460,17.93050,35.44610,11.07470,14.30660,37.63620,2.32760,16.46570,25.89330,8.83180,11.86830,24.93740,2.07680,15.41320,20.96330,7.55200,10.33350,18.10350,1.88960,14.62010,17.96250,6.78120,9.31810,14.45890,1.73990,14.01010,16.22440,6.24250,8.66030,12.39930,1.66250,13.46140,15.05720,5.85270,8.05530,11.21320,1.58560,13.07940,14.12290,5.61130,7.67170,10.32230,1.46380,12.86970,13.49860,5.39180,7.41450,9.69140,1.46550,12.52520,13.05350,5.28220,7.07640,9.28440,1.44130,12.32940,12.70740,5.16050,6.92630,9.01970,1.38660,12.17190,12.44100,5.06780,6.76040,8.79560,1.37220,12.02580,12.15810,5.02490,6.66630,8.56650,1.36100,12.33930,11.78240,4.93740,6.74280,8.18770,1.52370,14.36280,14.14970,5.24730,7.93660,9.12450,1.74320,15.50950,16.49190,5.68310,8.60440,10.69730,1.96010,16.87940,18.98560,6.22610,9.59640,12.44100,2.23250,18.32340,21.89240,6.83230,10.72140,14.51350,2.60320,19.70780,24.98910,7.58020,11.84280,16.75880,3.01470,21.17990,28.36930,8.36510,13.05180,19.14880,3.44210,22.80740,31.79400,9.29590,14.34780,21.66200,3.98100,24.30480,35.54300,10.33150,15.65500,24.38820,4.51220,25.91630,39.48580,11.39540,17.05030,27.29170,5.17350,27.38060,43.55170,12.59120,18.36600,30.42120,5.81400,28.94600,47.93440,13.82310,19.85100,33.64620,6.60500,30.33680,52.21110,15.13380,21.20190,36.97610,7.42190,31.83030,56.60770,16.57470,22.60540,40.30590,8.31110,33.25850,61.02900,18.10350,24.00540,43.61480,9.30450,34.56220,65.41350,19.79430,25.36340,47.16840
LQ,85.80900,45.58250,122.06420,241.52400,44.38820,104.20280,86.80660,45.45240,122.43030,245.45100,44.27680,104.10950,22.05680,40.86080,122.67540,225.10140,43.87620,104.38990,2.42170,17.45560,79.09690,22.29150,21.18540,84.19740,1.39940,14.05050,35.26280,10.25200,13.43310,43.25070,0.89820,12.40540,22.05120,6.76420,10.18180,24.19340,0.64730,11.32830,16.20730,5.20170,8.44300,15.02900,0.46080,10.56560,13.30390,4.35240,7.40290,10.92140,0.31380,10.01490,11.61920,3.84510,6.75820,8.86250,0.23820,9.60740,10.53510,3.54310,6.29260,7.73230,0.22510,9.27810,9.80970,3.30050,5.94230,7.00400,0.12420,9.02700,9.33620,3.09010,5.71040,6.57620,0.10550,8.86050,9.03390,2.94880,5.59210,6.27530,0.09260,8.62470,8.77060,2.87600,5.36880,6.11210,0.10980,8.49070,8.59670,2.81260,5.25190,5.97150,0.08260,8.35310,8.46000,2.74060,5.17470,5.86180,0.06120,8.30340,8.36510,2.69760,5.10750,5.78460,0.08120,8.47060,8.31650,2.71910,5.13820,5.66290,0.08690,9.94750,10.42060,2.82530,6.03930,6.60500,0.16730,10.84320,12.27480,3.07540,6.60750,7.94120,0.32840,11.78540,14.11140,3.38900,7.27170,9.33620,0.54100,12.82530,16.10480,3.76700,8.03100,10.81370,0.80170,13.94050,18.19330,4.28540,8.85790,12.38540,1.09050,15.06470,20.57710,4.85040,9.69510,14.14590,1.38340,16.33000,23.24350,5.48230,10.69480,16.08780,1.71510,17.53230,26.05520,6.12600,11.72510,18.22180,2.10750,18.87060,29.11680,6.81040,12.80830,20.42350,2.50590,20.16170,32.29070,7.53400,13.94050,22.88610,3.07170,21.51840,35.56250,8.40300,15.13150,25.41380,3.59480,22.90910,39.14400,9.30740,16.24990,28.16180,4.14230,24.10050,42.66910,10.21240,17.41510,30.99150,4.78920,25.43760,46.32300,11.26830,18.62860,33.90160,5.50670,26.71870,50.21520,12.37150,19.78950,36.91500
LQ,91.51530,51.94230,143.69480,237.11850,53.87020,122.55280,92.42950,51.80240,144.01750,235.74750,53.85170,121.94260,31.47340,47.95740,144.91140,218.81920,53.37380,122.43030,3.24990,21.16340,107.46090,22.22250,25.53250,105.81110,2.15530,16.66270,47.70560,11.02660,15.53370,55.21920,1.61010,14.72340,28.43630,7.59560,11.70930,31.17320,1.31620,13.50410,20.22390,6.03120,9.67580,19.44890,1.17680,12.67960,16.24590,5.22120,8.49070,13.95910,0.99390,12.06140,14.08470,4.67400,7.71430,11.19380,0.89820,11.44280,12.74270,4.27520,7.10800,9.70620,0.83230,11.17800,11.70230,4.10430,6.73400,8.73460,0.80170,10.76290,11.18090,3.89410,6.41590,8.12900,0.76370,10.58610,10.64410,3.78060,6.19770,7.67280,0.71360,10.31910,10.36830,3.63330,5.98760,7.46000,0.72580,10.10230,10.08810,3.60440,5.85230,7.26290,0.71360,10.00920,10.01280,3.56410,5.77500,7.15280,0.70760,9.88880,9.78300,3.52590,5.64210,7.00400,0.63220,10.11650,9.49240,3.42310,5.77300,6.68200,0.71820,11.79810,11.56630,3.61980,6.67930,7.35610,0.79410,12.93470,13.69190,3.87840,7.40520,8.86250,1.08110,14.15030,15.83840,4.37070,8.25880,10.49480,1.31780,15.40120,18.19800,4.84830,9.21950,12.21290,1.61660,16.64550,20.76400,5.40280,10.20180,14.15350,1.85780,17.97220,23.46670,6.01280,11.25760,16.09630,2.22220,19.41950,26.50640,6.70610,12.34920,18.33590,2.72270,20.81470,29.80800,7.51610,13.56470,20.89850,3.11230,22.29460,33.33020,8.32730,14.87380,23.49700,3.68540,23.76020,36.93540,9.29880,16.09510,26.36190,4.23080,25.26920,40.89190,10.25200,17.46010,29.29360,4.82290,26.76890,44.81030,11.37570,18.86580,32.39460,5.48010,28.17680,49.11570,12.46180,20.16170,35.54300,6.23080,29.71680,53.14320,13.81930,21.58010,39.03450,7.07570,31.07650,57.45010,15.15410,23.04150,42.54670
LQ,94.98110,50.01560,140.22650,268.46000,47.18690,118.67660,95.66740,50.11520,140.38100,271.20720,47.24790,118.38700,27.86110,45.59700,139.91830,255.91360,46.97440,118.38700,3.34750,20.99370,95.54570,26.41000,27.29960,102.49800,2.25670,17.48720,45.39130,12.49670,17.55950,57.74740,1.81620,16.02440,29.87890,8.77900,13.84930,34.10400,1.54650,14.92420,22.80950,7.03610,11.81090,22.16530,1.24150,14.01740,19.08430,5.97830,10.46940,16.14740,1.11860,13.45790,17.01600,5.40940,9.69230,13.26370,1.02810,12.92780,15.59650,4.98640,9.08470,11.56300,0.91820,12.50180,14.78140,4.69280,8.60940,10.62530,0.87060,12.29320,14.12670,4.60320,8.32570,9.95280,0.85830,12.04200,13.66200,4.44230,8.00670,9.53320,0.80940,11.84600,13.34410,4.34020,7.83330,9.25570,0.79720,11.71880,13.10400,4.30160,7.67640,9.03390,0.76060,11.60210,12.91350,4.24690,7.55180,8.91010,0.78950,11.44900,12.74630,4.25700,7.40980,8.77340,0.83070,11.71560,12.65100,4.27930,7.54240,8.58840,0.84140,13.63980,15.29220,4.32800,8.71650,9.72980,0.99240,14.85060,17.92970,4.63230,9.55830,11.56300,1.24950,16.13680,20.52930,5.08070,10.46360,13.50970,1.50100,17.44660,23.33370,5.65840,11.52690,15.59230,1.83950,18.82200,26.41000,6.29410,12.60550,17.84110,2.17580,20.21920,29.64320,7.03860,13.82750,20.25000,2.67440,21.72660,33.41110,7.85730,15.11180,23.06410,3.07540,23.21730,36.86410,8.77060,16.36380,25.69900,3.62180,24.58890,40.83400,9.76820,17.60940,28.70630,4.07230,26.09670,44.75800,10.76330,18.97320,31.76850,4.75770,27.45450,49.01210,11.98780,20.15650,34.99480,5.44030,28.88290,52.91210,13.22000,21.49600,38.21540,6.19810,30.32010,57.39460,14.47840,22.89710,41.69070,7.01390,31.65300,61.82500,15.71290,24.06880,45.09960,7.91490,32.86600,65.72830,17.07410,25.24910,48.64430
LQ,94.70090,48.41280,135.28780,245.24140,49.32630,114.23650,95.62680,48.19220,135.50580,246.08180,49.18040,113.85660,28.13970,45.22230,136.45720,247.77850,49.22890,114.78300,3.67380,22.74180,102.22590,185.80010,32.39740,101.32730,2.47950,19.00760,53.42580,84.23050,20.40330,63.33530,1.87290,17.24950,36.06230,46.05030,15.62660,39.70830,1.50100,16.04510,27.73020,32.04120,13.07250,27.14960,1.31150,15.07650,23.08790,25.69900,11.40560,20.19250,1.10770,14.39670,20.15600,22.38370,10.22170,16.23300,1.00320,13.90760,18.29300,20.49220,9.44170,13.98190,0.96910,13.45080,17.15040,19.22840,8.77290,12.63340,0.91670,13.17320,16.20730,18.18860,8.44550,11.75900,0.88440,12.88670,15.60890,16.85600,8.24400,11.14540,0.80630,12.63240,15.01290,16.28020,7.98250,10.60970,0.81240,12.48850,14.63910,16.00710,7.86210,10.32530,0.77740,12.25050,14.35010,15.77970,7.65750,10.03080,0.74390,12.19150,14.11140,15.71290,7.58460,9.87210,0.80780,12.52180,13.87590,15.74210,7.63870,9.65320,0.86440,14.52890,16.53110,15.96060,8.80890,10.67540,1.08110,15.77320,19.43880,16.43550,9.59920,12.65450,1.37860,17.17400,22.25120,17.28120,10.66540,14.71400,1.67230,18.43720,25.20380,18.20750,11.65880,16.93140,2.05470,19.82030,28.54850,19.48420,12.90730,19.43880,2.40420,21.14140,31.71770,20.76930,13.97340,21.84720,2.88510,22.68830,35.39770,22.30300,15.36120,24.70590,3.37960,24.06240,39.31990,23.73500,16.73610,27.61440,3.89810,25.49180,42.98950,24.96320,17.99070,30.58290,4.55970,26.73300,47.08430,26.83290,19.22480,33.88330,5.26690,28.15380,51.09750,29.15510,20.64800,37.27340,5.90960,29.45710,55.25420,31.49020,22.01150,40.53440,6.70370,30.69960,59.28720,34.03940,23.29050,43.74130,7.65220,31.91060,63.35670,36.89460,24.56290,47.50670,8.48450,32.96820,67.10370,39.69710,25.75780,50.52230
LQ,94.74080,45.87360,128.81820,219.33050,44.19350,107.02010,95.66740,45.97620,129.21950,219.50140,44.34640,106.43690,27.65060,43.46730,129.75790,144.66670,44.01380,106.87380,3.31180,21.03190,96.36170,16.13040,20.11480,88.42750,2.07170,17.08550,47.25260,8.92970,13.95510,45.92830,1.48320,15.15110,30.40510,6.41430,11.12620,27.34160,1.17210,13.92220,22.45890,5.16270,9.53380,17.87370,0.95830,13.06560,18.46520,4.39930,8.47060,13.23460,0.83230,12.41870,16.08350,3.93750,7.79990,10.90240,0.72420,11.90670,14.63520,3.66230,7.33370,9.58870,0.62320,11.53630,13.76300,3.41170,6.93970,8.79560,0.61720,11.17190,13.08950,3.27610,6.59020,8.27880,0.53950,10.94190,12.67210,3.11970,6.40730,7.97280,0.53650,10.72140,12.28510,3.06800,6.21030,7.71940,0.49340,10.59490,12.05230,2.99630,6.10580,7.58790,0.49930,10.46650,11.91680,2.97990,5.99380,7.50590,0.45490,10.42010,11.77580,2.95240,5.97320,7.41430,0.48900,10.62710,11.57950,2.97440,5.97730,7.29550,0.54840,12.12960,14.00460,3.10310,6.96420,8.46820,0.71670,13.30610,16.46590,3.41930,7.75460,10.15160,0.88130,14.46450,18.89220,3.88430,8.63990,11.84950,1.14370,15.66310,21.56710,4.37690,9.52840,13.76300,1.44450,16.77940,24.41980,4.95010,10.44330,15.77560,1.74160,18.12120,27.49920,5.60460,11.53630,17.92510,2.15190,19.41450,30.59910,6.34820,12.54190,20.24480,2.62090,20.58390,34.05790,7.21020,13.60040,22.68610,3.02940,22.02300,37.45950,8.04670,14.77340,25.18420,3.56990,23.23560,41.11310,9.01410,15.84280,27.92680,4.11030,24.51100,44.78420,9.97970,16.99750,30.60720,4.75140,25.72360,48.84980,11.09720,18.12120,33.59180,5.42480,27.00000,52.43790,12.32660,19.28450,36.29060,6.24950,28.10810,56.33680,13.73300,20.31890,39.43040,6.98670,29.14430,60.26780,15.07730,21.37340,42.10980
LQ,96.11570,50.11520,138.01880,241.52400,52.03010,117.58250,96.73260,50.33210,138.31970,242.34110,52.27710,117.07010,27.04360,45.32270,138.92500,221.22400,51.87230,118.09860,3.11230,21.27360,99.09370,21.56710,26.21550,99.22290,2.07000,17.32090,47.00040,10.98190,16.77940,53.67690,1.48970,15.28160,29.58850,7.51610,12.66950,31.88750,1.23840,13.99910,21.65640,5.95770,10.47230,20.61970,1.00630,13.03450,17.49040,5.01200,9.09260,14.94470,0.83990,12.30300,15.05310,4.41570,8.15790,11.91350,0.74240,11.74100,13.56530,4.03250,7.51670,10.27030,0.67890,11.35910,12.46880,3.81180,7.07410,9.21000,0.62920,10.98100,11.77910,3.57370,6.67280,8.52820,0.53650,10.73330,11.22940,3.43830,6.48440,8.01500,0.55140,10.44040,10.88010,3.37010,6.19770,7.74530,0.52310,10.18750,10.51020,3.25930,5.99590,7.47530,0.49040,10.06840,10.30390,3.20510,5.90750,7.29300,0.47410,9.93630,10.19710,3.16980,5.80950,7.17770,0.44310,10.19610,9.75640,3.16980,5.84620,6.76910,0.48010,11.96130,11.92020,3.26110,6.89070,7.58790,0.68340,13.07600,14.16120,3.63520,7.60570,9.16150,0.86140,14.20220,16.30170,4.03650,8.46560,10.78850,1.15320,15.45320,18.77000,4.55970,9.37440,12.57020,1.43480,16.72310,21.33460,5.11510,10.45490,14.53310,1.77130,17.95820,24.08730,5.73030,11.46460,16.58780,2.16550,19.36440,27.24900,6.43330,12.64250,18.93640,2.54830,20.66940,30.36490,7.18020,13.84930,21.32910,3.04960,22.04020,33.86500,8.02020,15.03340,23.99410,3.56990,23.52400,37.30430,8.96060,16.33850,26.70730,4.17040,24.77830,41.20670,9.94380,17.53230,29.70580,4.78920,26.27170,44.92840,11.07790,18.93900,32.76150,5.47780,27.59570,49.08610,12.24040,20.17730,35.91440,6.23320,28.81210,52.89570,13.52450,21.47930,39.16590,7.03360,29.97940,56.93520,14.84100,22.75370,42.33960
LQ,83.05240,47.60080,131.88090,238.10680,47.47760,112.04090,84.26360,47.52370,132.78890,239.70380,47.41620,111.72550,23.84570,44.31850,132.64850,242.34110,47.14130,112.09360,3.15490,20.83630,101.81990,158.51880,26.56870,97.43960,2.03270,17.23620,50.26110,64.22000,16.86630,56.15720,1.54320,15.59020,32.53380,36.19110,12.94500,33.88330,1.21620,14.50610,24.34410,25.92690,10.89990,22.44150,1.07480,13.74060,20.11960,21.56710,9.65110,16.58780,1.00010,13.22900,17.66500,19.45900,8.88900,13.56900,0.82620,12.69310,16.16030,18.13180,8.22920,11.85620,0.76220,12.31620,14.95280,17.29930,7.77840,10.72550,0.68340,11.96130,14.28050,16.79850,7.42140,10.07600,0.72270,11.80130,13.78170,16.64460,7.18960,9.66790,0.62620,11.53010,13.31120,16.32320,6.95970,9.28150,0.57530,11.37150,12.99950,15.81330,6.81990,9.04800,0.55890,11.25760,12.75690,15.85100,6.76480,8.92690,0.55890,11.23920,12.62280,15.93950,6.75600,8.76780,0.57830,11.52380,12.26100,15.28410,6.73840,8.50640,0.63220,13.32020,14.84100,15.09750,7.77610,9.60040,0.83990,14.64690,17.57290,15.68370,8.69600,11.49050,1.13750,15.90450,20.19770,16.65340,9.51750,13.44330,1.38820,17.18280,22.96900,17.85510,10.53640,15.53440,1.76140,18.62380,25.79260,19.30330,11.64620,17.70660,2.10750,19.82540,29.12440,20.66770,12.69980,20.13000,2.51120,21.27360,32.54250,22.19390,13.94780,22.79770,2.99630,22.84920,36.07220,23.79030,15.32140,25.37430,3.45730,24.13230,39.78660,25.44020,16.54250,28.36180,3.99880,25.55290,43.58950,27.31310,17.84280,31.33120,4.64690,26.94200,47.70560,29.45620,19.17030,34.54120,5.33470,28.13100,51.71380,30.63160,20.33470,37.87710,5.98060,29.43280,55.60580,32.14420,21.67580,40.97320,6.77640,30.86160,59.95150,33.76450,23.12620,44.31660,7.66250,32.17080,63.89420,35.62080,24.33050,47.99180
LQ,95.10160,47.47760,133.14100,230.21890,45.80060,112.72940,95.87070,47.41620,133.28230,231.15520,45.87360,112.09360,27.47050,43.95870,133.49480,182.92790,45.40910,112.46370,2.88870,20.13560,97.85940,17.47220,22.06890,94.70090,1.83620,16.72740,46.17270,9.15290,14.96310,49.78950,1.30190,14.99430,29.43290,6.40480,11.86830,29.18580,1.05770,13.87840,21.97730,5.08930,10.12500,18.89710,0.88900,13.17670,18.18380,4.39930,9.16120,13.97050,0.77580,12.56530,16.10480,3.88820,8.45800,11.45100,0.66530,12.15890,14.76550,3.59680,7.94620,10.14860,0.61870,11.75680,13.93260,3.38710,7.57520,9.34190,0.56340,11.55820,13.28190,3.25550,7.30150,8.75670,0.56780,11.37770,12.79590,3.17720,7.10570,8.40570,0.52910,11.17190,12.59470,3.09750,6.92410,8.21980,0.48750,11.07160,12.38890,3.07540,6.79120,8.05990,0.52610,10.90890,12.24730,3.02940,6.64880,8.00700,0.50830,10.87000,12.07960,3.04770,6.58800,7.91490,0.46520,11.12620,11.96080,2.95610,6.71430,7.77390,0.56340,12.85940,14.38500,3.15310,7.86690,9.10180,0.66840,14.10590,17.00260,3.41930,8.80630,10.85160,0.84910,15.39320,19.60570,3.88820,9.70330,12.79240,1.15950,16.61540,22.33750,4.44850,10.67420,14.83300,1.48000,17.87040,25.44020,5.01200,11.70930,17.03390,1.76800,19.32440,28.60850,5.65610,12.94840,19.37350,2.22390,20.71770,32.18720,6.43560,14.13920,21.97160,2.57480,22.13230,35.65000,7.19020,15.36120,24.52750,3.09380,23.52400,39.45250,8.08120,16.53400,27.38450,3.65070,24.81110,43.35070,9.02820,17.67320,30.41320,4.27730,26.31390,47.37950,10.11530,19.04690,33.42910,4.84410,27.62550,51.49140,11.19060,20.34000,36.58100,5.58230,28.90650,55.55290,12.41660,21.51840,39.87620,6.33170,30.17820,59.87270,13.81180,22.84320,43.01430,7.17020,31.47690,63.69990,15.24740,23.91710,46.22730
LQ,124.54060,47.35490,130.36820,296.09700,49.65280,112.25200,125.23660,47.52370,130.57270,297.28840,49.94930,112.04090,52.37300,45.33710,131.39630,247.99210,49.32630,112.56990,6.27290,24.64100,97.77520,32.95570,26.83370,95.78930,4.25300,20.47750,48.99730,17.29930,18.99770,54.13310,3.31550,18.49920,33.92910,12.20260,15.24200,35.49450,2.77120,17.10760,26.53400,9.62390,13.04480,25.42040,2.42690,16.35110,22.24550,8.16100,11.66190,19.57520,2.22050,15.72420,19.72790,7.28550,10.76290,16.24160,2.07680,15.19450,18.08460,6.65310,10.09100,14.27270,1.99890,14.84280,16.98480,6.29880,9.61560,13.05710,1.94330,14.60490,16.32320,6.03580,9.33420,12.32310,1.87790,14.37410,15.85100,5.80950,9.11110,11.77910,1.84280,14.15400,15.38630,5.66730,8.79860,11.40840,1.81280,13.99910,15.04110,5.54440,8.59170,11.12290,1.76470,13.87480,14.76950,5.46900,8.46560,10.90870,1.74320,13.69370,14.71400,5.36760,8.29100,10.78220,1.69700,14.00280,14.46280,5.32150,8.39550,10.51640,1.82120,16.17020,17.15940,5.61800,9.80820,11.91680,2.08530,17.43310,20.06240,6.06820,10.78660,13.99320,2.34840,18.91450,23.08200,6.60980,12.00970,16.26730,2.85600,20.27690,26.23880,7.38900,13.26050,18.77970,3.32870,21.62510,29.34000,8.19300,14.38540,21.25220,3.88430,23.04750,32.86730,9.14440,15.72010,24.02510,4.47720,24.45930,36.67170,10.14250,17.07230,27.03650,5.06990,25.93700,40.35140,11.21640,18.51350,29.93420,5.90280,27.37320,44.39410,12.46180,19.88700,33.33020,6.75450,28.56210,48.38180,13.90990,21.17990,36.72220,7.55450,29.92990,52.32430,15.28000,22.71800,40.20360,8.52270,31.18030,56.68020,16.80290,23.96120,43.58950,9.55650,32.45210,60.88770,18.51320,25.39040,47.12630,10.66280,33.57120,64.63620,20.30770,26.82650,50.50690,11.87640,34.68130,68.59510,22.34910,28.06240,54.06510
LQ,92.58330,47.72440,132.78890,219.15980,48.50770,112.04090,93.28060,47.55450,132.78890,220.87750,48.30230,111.72550,24.87290,43.05030,132.78890,222.79540,48.23930,112.19910,2.33280,19.17520,93.00840,150.48360,30.93880,99.61200,1.36900,15.36920,43.55170,54.49170,16.92740,58.61470,0.96140,13.57890,27.01540,30.47770,11.98710,33.34820,0.68800,12.43190,19.54990,22.92160,9.54470,20.54520,0.46970,11.54260,15.70460,19.47410,8.17750,14.17270,0.39440,10.99910,13.54680,18.03290,7.38670,11.13250,0.31680,10.51010,12.18550,17.08760,6.70560,9.39390,0.23090,10.19610,11.36590,16.42250,6.27560,8.37860,0.18900,9.81660,10.74440,15.87630,5.85430,7.77130,0.15000,9.66210,10.25810,15.43550,5.66410,7.28550,0.15580,9.39590,9.94380,15.15410,5.38250,7.00400,0.12270,9.23810,9.72090,14.93670,5.23260,6.77880,0.13710,9.15330,9.63850,14.78530,5.15540,6.71820,0.14290,9.07950,9.51280,14.58010,5.15540,6.59780,0.11410,9.27270,9.25860,11.75240,5.19780,6.34580,0.15440,10.87300,11.32680,12.31270,6.07250,7.12540,0.26870,11.75050,13.36980,13.43960,6.51240,8.57750,0.50970,12.83210,15.48900,12.96360,7.25570,10.14250,0.67140,13.86750,17.46760,14.17270,7.99940,11.62920,0.94910,15.05690,19.78920,16.08780,8.89930,13.34780,1.19410,16.20790,22.45890,17.62810,9.79160,15.24740,1.54160,17.45110,25.21030,19.12890,10.81640,17.30840,1.96350,18.79770,28.45130,20.79620,11.93240,19.74830,2.31720,20.08870,31.54060,22.41260,13.03450,22.13100,2.75140,21.39570,34.85230,24.13720,14.16140,24.64200,3.32490,22.80140,38.47170,26.30030,15.44920,27.47770,3.79620,24.07510,42.17010,28.30980,16.68850,30.22050,4.43000,25.29610,46.02310,30.14860,17.81510,33.20480,5.05060,26.62570,49.77440,30.98320,19.10600,36.28060,5.83450,27.92590,53.62650,19.00040,20.31370,39.47470
LQ,89.73000,49.71840,138.24440,264.79560,48.73040,118.32920,90.28190,50.03220,138.09390,260.51860,48.87440,118.04110,25.28230,46.10850,138.39510,242.54620,48.77840,118.79270,3.35130,20.84170,101.59550,25.95390,26.56870,104.90730,2.16040,17.16070,47.35120,12.35420,16.80540,57.72880,1.64120,15.34930,29.91840,8.49540,13.04140,33.55560,1.40750,14.23200,22.16530,6.81280,11.09890,21.75160,1.16890,13.31660,18.18860,5.83670,9.76400,15.82580,0.99550,12.68630,15.84260,5.22340,8.92270,12.78170,0.91200,12.24720,14.43160,4.91180,8.40300,11.21320,0.84760,11.79500,13.40280,4.65100,7.86930,10.06700,0.77130,11.43040,12.73920,4.47720,7.54240,9.39960,0.74240,11.25140,12.34730,4.38500,7.32910,9.01410,0.73330,11.03830,11.96750,4.30360,7.11250,8.64070,0.71520,10.90290,11.75570,4.26110,7.00670,8.48730,0.68490,10.74210,11.51680,4.14230,6.82430,8.28420,0.68340,10.71550,11.30730,4.00080,6.73190,8.12370,0.68800,10.98100,11.14540,3.91780,6.87070,7.92540,0.78350,12.71330,13.34780,4.05840,7.96800,8.76780,0.89820,13.79850,15.72540,4.31380,8.69600,10.45150,1.15320,14.94370,18.03760,4.76400,9.55280,12.19230,1.41870,16.23730,20.50280,5.28000,10.55390,14.11520,1.68880,17.54140,23.25550,5.88680,11.64300,16.12610,2.07340,18.86090,26.16380,6.55470,12.76070,18.31690,2.43040,20.09910,29.22430,7.28800,13.86390,20.68900,2.87420,21.58010,32.66500,8.10510,15.10790,23.36990,3.41740,23.07770,36.39040,9.02820,16.38930,26.26610,3.93750,24.38190,39.94370,10.02780,17.61400,29.07080,4.54940,25.70300,43.89370,11.10680,18.92920,32.25620,5.27560,27.21150,48.10690,12.31270,20.18780,35.55270,5.98290,28.56990,51.77760,13.61360,21.60260,38.82770,6.71820,29.88880,56.04990,14.90480,22.86710,42.13390,7.61100,31.24980,60.34730,16.36630,24.11960,45.64530
LQ,167.44440,47.14130,128.75150,484.68650,46.25610,112.09360,164.44070,47.32430,128.88500,479.47060,46.40440,111.62070,38.09870,43.45370,128.48540,406.93080,45.82980,111.41160,3.49910,19.56060,85.03080,24.50850,23.58590,89.36510,2.27560,16.08670,39.16590,11.33010,15.63470,47.47840,1.67890,14.37030,25.73240,7.69350,12.29970,28.74400,1.34340,13.33780,19.63610,6.12370,10.47810,19.15380,1.12490,12.57870,16.31460,5.18210,9.36640,14.19190,1.00320,11.95810,14.43940,4.68020,8.54870,11.69570,0.87060,11.54880,13.33680,4.34630,8.01160,10.31310,0.85220,11.13230,12.54910,4.16230,7.57290,9.49820,0.77130,10.89990,11.98110,4.00080,7.29920,8.95500,0.73180,10.61540,11.71560,3.86470,7.01790,8.62690,0.71210,10.48680,11.39210,3.81570,6.88410,8.33000,0.68190,10.35370,11.24880,3.76310,6.71870,8.17700,0.66840,10.25320,11.10680,3.73780,6.63140,8.04670,0.62920,10.20180,11.00110,3.73970,6.58580,7.93590,0.67440,10.42010,10.97550,3.76890,6.67060,7.87300,0.74240,11.99030,13.12570,3.98890,7.65520,8.87650,0.92130,13.00000,15.36990,4.26920,8.34310,10.50710,1.14060,14.11700,17.61430,4.69070,9.22750,12.21980,1.43800,15.31740,20.06760,5.26260,10.16190,14.11520,1.76140,16.50410,22.74480,5.81860,11.15970,16.17730,2.19470,17.65500,25.41380,6.54030,12.11330,18.31210,2.60670,18.90480,28.48110,7.28800,13.21850,20.66770,3.16050,20.06790,31.69230,8.09180,14.29910,23.26150,3.66030,21.37900,34.95670,9.00000,15.47330,25.83280,4.21460,22.77160,38.21540,10.01280,16.66270,28.45870,4.84190,23.94230,41.83380,11.07150,17.78760,31.40640,5.57780,25.13540,45.51140,12.20950,18.93410,34.35430,6.30580,26.39140,49.26440,13.58010,20.07830,37.37660,7.07320,27.58080,52.89570,14.89280,21.25710,40.56880,7.95700,28.68670,56.64390,15.92680,22.40550,43.62740
LQ,97.52330,49.66920,136.90030,243.16330,46.50870,115.88920,97.85940,49.62000,136.53090,243.99060,46.79330,114.89280,38.58990,45.88830,136.97440,227.26900,46.30050,115.50000,4.02260,22.65280,101.10470,29.44840,28.21500,99.78570,2.77480,18.76860,49.30910,14.35780,19.16040,59.46200,2.20160,16.90120,32.78790,9.94080,15.20240,37.03740,1.80290,15.64690,24.98260,7.75830,12.92100,25.05400,1.57410,14.79270,20.85000,6.60020,11.57390,18.61940,1.43000,14.15400,18.39810,5.90740,10.65360,15.12570,1.37220,13.72620,16.92690,5.42480,10.02890,13.18000,1.30190,13.33420,15.71290,5.14540,9.52290,11.89330,1.14370,12.91760,14.94870,4.81870,9.09260,11.05220,1.15320,12.70320,14.38890,4.70110,8.81660,10.46380,1.18940,12.53520,14.13050,4.65100,8.59680,10.19410,1.17210,12.35580,13.80430,4.55970,8.39050,9.96180,1.11240,12.16540,13.46540,4.41770,8.19960,9.61210,1.00170,12.00320,13.19460,4.33610,8.02130,9.35340,1.02190,12.14590,12.95280,4.27930,8.00910,9.05650,1.13280,14.24320,15.52200,4.52250,9.33690,10.06090,1.34340,15.63470,18.29780,4.91400,10.29040,12.00820,1.60350,16.87500,21.15910,5.37640,11.32210,14.02370,1.89130,18.23850,23.92590,5.96460,12.42860,16.12610,2.20670,19.59090,26.97310,6.60740,13.57180,18.43640,2.68150,20.94470,30.21250,7.41940,14.71190,20.78540,3.10490,22.44060,33.69170,8.21710,16.01190,23.48490,3.67960,23.97380,37.35600,9.20710,17.39260,26.26610,4.19250,25.28940,41.17150,10.10620,18.56140,29.20120,4.79340,26.56160,44.70580,11.24230,19.69760,32.12700,5.42700,27.88820,48.89400,12.32310,21.00460,35.24360,6.31520,29.28810,52.87920,13.77420,22.37040,38.64380,7.11540,30.72510,57.13670,15.19460,23.73520,42.14600,7.92540,31.85700,61.19100,16.65340,24.85710,45.43130,8.90450,33.10830,65.21230,18.22650,26.08980,48.71750
LQ,109.71110,47.00470,130.02850,260.98760,47.33960,109.91490,109.55860,47.23260,129.96080,260.28480,47.21740,109.30540,30.29260,42.16820,131.12080,230.96740,46.65820,109.76200,3.26110,18.88040,86.32270,21.42840,23.23560,90.13420,2.15870,15.54980,38.82770,10.61910,14.76190,47.94870,1.65430,13.88940,24.89860,7.42190,11.39320,28.20610,1.34500,12.86280,18.60010,5.81860,9.56370,18.10820,1.19410,12.07440,15.46020,4.98850,8.42800,13.19090,1.01260,11.55200,13.63220,4.49370,7.71430,10.72870,0.94910,11.19330,12.56660,4.15630,7.31300,9.41700,0.87210,10.73030,11.87310,3.82940,6.88850,8.58840,0.88440,10.47810,11.32680,3.74750,6.62490,8.05200,0.82160,10.22170,11.03300,3.61020,6.37110,7.70900,0.81390,10.10520,10.70040,3.58910,6.22510,7.45500,0.76820,9.90840,10.44840,3.49720,6.00620,7.28040,0.70610,9.76120,10.24280,3.43070,5.87880,7.16030,0.72730,9.59100,10.11230,3.39660,5.72050,7.03120,0.68340,9.83040,10.02180,3.35320,5.85430,6.87140,0.81700,11.39320,12.10000,3.57760,6.77360,7.76870,0.90900,12.41530,14.14200,3.82550,7.53070,9.16720,1.15630,13.49700,16.31460,4.32390,8.33320,10.77900,1.40910,14.50990,18.55180,4.76610,9.13740,12.40620,1.72830,15.73640,21.05010,5.38300,10.09670,14.26890,2.04970,16.77940,23.72270,5.98750,11.06860,16.28020,2.38330,18.06050,26.58240,6.62420,12.11660,18.32640,2.83970,19.45970,29.71370,7.43970,13.31660,20.60370,3.31740,20.70160,33.08890,8.26540,14.37790,23.17750,3.82550,22.09200,36.54080,9.21850,15.67130,25.74570,4.48340,23.34560,40.00000,10.22150,16.75340,28.53350,5.09790,24.50460,43.53910,11.35620,17.81060,31.20640,5.78680,25.96470,47.46420,12.54210,19.14060,34.20570,6.57380,27.25550,51.22310,13.83820,20.30310,37.21170,7.44730,28.39180,55.23670,15.23520,21.45140,40.39710
LQ,95.58620,47.97300,131.32730,232.28780,46.88370,110.68480,95.74860,47.91070,131.60360,232.66770,47.03500,110.17050,31.01620,43.21110,131.60360,200.00520,46.35990,110.37580,3.52400,19.92820,91.25140,22.37220,23.51170,90.91390,2.36240,16.37230,42.12190,11.44120,15.57000,49.30910,1.79790,14.58970,27.11420,7.98860,12.14590,29.46390,1.50590,13.49700,20.34970,6.29410,10.29040,19.28830,1.29230,12.69980,16.71920,5.36320,9.07420,14.04270,1.12960,12.07440,14.81310,4.80820,8.33570,11.48060,1.01260,11.67770,13.50600,4.40950,7.82140,10.00380,0.93210,11.24220,12.73920,4.13230,7.38670,9.14160,0.89050,10.90290,12.01500,3.95330,7.03810,8.48730,0.79410,10.68300,11.54980,3.78640,6.81100,8.05730,0.83230,10.43460,11.28780,3.73580,6.53180,7.79210,0.76370,10.29040,10.96920,3.59680,6.38380,7.60330,0.77130,10.12500,10.82320,3.57760,6.24610,7.45240,0.75910,10.08250,10.69420,3.58910,6.22720,7.35100,0.80780,10.21320,10.52270,3.56800,6.25670,7.22770,0.86750,11.89710,12.67210,3.71640,7.30380,8.12630,1.02810,13.05870,15.06120,4.06040,8.10650,9.78300,1.26220,14.07630,17.29020,4.46690,8.89160,11.42150,1.47840,15.23800,19.57520,4.91180,9.76400,13.15460,1.82950,16.49980,22.16530,5.51550,10.72440,15.07730,2.13820,17.70060,25.01500,6.10290,11.67140,17.14140,2.50950,19.02720,28.02930,6.80800,12.71670,19.25330,2.94700,20.39800,31.19810,7.61610,13.89300,21.60610,3.47060,21.71530,34.74820,8.50910,15.08430,24.22480,4.00470,23.01130,38.18360,9.43150,16.19120,26.92400,4.60530,24.35620,42.07370,10.42990,17.50070,29.70580,5.24080,25.70990,45.88770,11.54650,18.72020,32.76150,5.90050,27.08730,49.69890,12.71800,19.90760,35.67930,6.67720,28.35320,53.45920,14.03130,21.16340,38.77350,7.56480,29.63530,57.71010,15.45610,22.44650,41.89360
LQ,119.20080,52.10050,137.12270,286.59730,52.20630,111.72550,119.55250,52.36570,136.97440,288.84780,52.10050,110.53010,34.88070,48.01990,136.60470,255.23580,51.69770,110.47860,4.16230,20.76080,94.58120,24.45140,23.98010,94.78080,2.91600,16.69290,41.57200,12.34730,14.87770,49.91060,2.26360,14.76190,25.83950,8.72070,11.20240,29.09380,1.91980,13.55750,18.82850,7.04100,9.19560,18.54700,1.67560,12.65260,15.41910,6.02660,7.98010,13.39910,1.47190,12.01290,13.41020,5.42920,7.21920,10.81690,1.35460,11.55200,12.21980,5.02920,6.71210,9.39100,1.26850,11.14140,11.48060,4.73670,6.34980,8.51730,1.25580,10.79550,10.90870,4.58040,6.02890,7.95170,1.16730,10.55680,10.45760,4.41570,5.84210,7.55960,1.18150,10.28180,10.14250,4.34430,5.61010,7.26540,1.15160,10.09670,9.93780,4.26920,5.50070,7.06080,1.14530,9.92790,9.77120,4.21460,5.37470,6.91300,1.07640,9.84990,9.67380,4.14630,5.32390,6.82010,1.08270,10.04580,9.39390,4.14030,5.36290,6.57380,1.15320,11.56450,11.30400,4.31170,6.33280,7.31060,1.29230,12.70320,13.32950,4.64690,7.02470,8.65720,1.52370,13.81660,15.48900,5.06990,7.79030,10.15770,1.81120,14.92040,17.65120,5.66730,8.61710,11.77910,2.12110,16.19120,20.14040,6.32460,9.58550,13.58760,2.47430,17.28970,22.87430,6.94980,10.48390,15.53850,2.85970,18.62380,25.73900,7.74790,11.55820,17.59590,3.27420,19.89730,28.88030,8.52550,12.66610,19.86620,3.73580,21.24050,32.14420,9.44310,13.83110,22.21110,4.27320,22.74180,35.34950,10.46070,15.04120,24.69310,4.86520,24.03710,39.07830,11.53000,16.22890,27.44180,5.59570,25.31630,42.60780,12.76750,17.34780,30.16460,6.28230,26.74020,46.41890,13.99700,18.62860,33.08000,7.05340,28.05480,50.29170,15.29220,19.83560,35.94390,7.89650,29.25610,54.23520,16.72800,21.04280,38.96910
LQ,97.02270,49.13190,134.70960,260.51860,46.04960,113.58650,97.81730,49.13190,134.49380,259.58550,46.13790,113.69440,25.39400,44.75300,135.72430,251.89560,45.85900,114.45460,3.42500,21.43460,90.69000,29.40960,27.99410,98.79350,2.29120,18.17740,44.62760,14.13820,18.55660,56.33680,1.73660,16.43590,30.34080,9.69730,14.73110,34.31710,1.42030,15.23010,23.50310,7.64190,12.55860,23.14760,1.24150,14.54400,19.89190,6.51650,11.34370,17.31740,1.04680,13.86020,17.49960,5.78460,10.42010,14.14200,0.92900,13.38000,16.15600,5.28000,9.83320,12.37500,0.95060,13.00340,15.19860,5.02700,9.30210,11.33990,0.80940,12.66610,14.47060,4.71990,8.94870,10.55370,0.77740,12.48180,13.99700,4.58660,8.70620,10.07900,0.75310,12.25700,13.64710,4.47100,8.45800,9.76230,0.73330,12.04200,13.31850,4.36050,8.21440,9.47790,0.68490,11.90350,13.08230,4.25300,8.05530,9.28440,0.70000,11.76640,12.97440,4.20660,7.91730,9.17860,0.71060,12.06140,12.79240,4.27120,8.04070,8.92690,0.78350,13.99540,15.58400,4.47100,9.22480,9.92880,0.90900,15.34130,18.30730,4.78920,10.08250,11.80250,1.20200,16.62830,20.92010,5.26040,11.13230,13.83440,1.47840,18.00460,23.78410,5.81180,12.21770,15.93530,1.76970,19.44460,26.83990,6.41430,13.35890,18.17440,2.20840,20.79850,30.18060,7.12540,14.54780,20.72650,2.66720,22.27140,33.70990,7.95430,15.87570,23.40010,3.11050,23.71030,37.35600,8.79280,17.14300,26.23200,3.69320,25.09550,41.25360,9.81560,18.39450,29.28590,4.34020,26.53310,45.20540,10.92780,19.71800,32.59490,4.93950,28.06240,49.39870,12.07960,21.08660,35.77700,5.66960,29.36840,53.14320,13.34780,22.33540,39.01270,6.38830,30.64020,57.41310,14.58010,23.59830,42.27900,7.26540,31.95520,61.72210,16.01560,24.85710,45.96890,8.11040,33.12700,65.32390,17.74820,26.00630,49.27930
LQ,101.59550,54.03720,150.48360,260.28480,55.94650,129.08550,102.58900,54.16760,150.83320,261.93010,56.00530,128.48540,44.25220,50.82090,152.69260,259.12120,55.98570,129.55560,4.68860,25.04890,116.50530,40.43130,35.10240,115.50000,3.36640,20.21920,56.08560,18.16490,21.60260,70.23690,2.65650,18.06510,35.90460,12.46880,16.27940,42.62000,2.31030,16.66700,26.66560,9.89000,13.42950,28.34700,2.01580,15.65500,21.76280,8.40570,11.66820,20.48160,1.84280,14.81580,18.85300,7.49060,10.50720,16.18160,1.71020,14.28420,17.02940,6.86650,9.76670,13.78550,1.62800,13.85300,15.72540,6.49980,9.08210,12.24730,1.56600,13.39420,14.88480,6.14920,8.58160,11.28450,1.47840,13.04140,14.35780,5.88910,8.25140,10.68160,1.43960,12.81170,13.83440,5.77780,7.94870,10.14250,1.39620,12.60550,13.38450,5.63370,7.68590,9.78600,1.39620,12.44520,13.14380,5.50000,7.56820,9.60040,1.35780,12.16220,12.90630,5.40720,7.36360,9.39960,1.33220,12.50850,12.41320,5.39620,7.42600,8.95780,1.46060,14.66210,14.96880,5.61130,8.70370,9.79780,1.57740,16.03270,17.64660,5.92790,9.63200,11.57950,1.83450,17.45110,20.51870,6.46890,10.70960,13.64340,2.19130,18.91450,23.44850,7.18270,11.84280,15.83840,2.52000,20.24540,26.61710,7.91230,13.02410,18.09880,2.95060,21.78890,29.98960,8.76510,14.34780,20.73180,3.40600,23.25390,33.64620,9.67970,15.62260,23.38200,3.91780,24.78480,37.57370,10.68790,17.01510,26.32770,4.52870,26.35610,41.54830,11.85620,18.44200,29.34000,5.09140,27.94110,45.77980,12.98870,19.94890,32.63870,5.91650,29.49740,50.21520,14.36560,21.34560,36.06230,6.65060,30.87020,54.57760,15.68370,22.80740,39.58570,7.48040,32.44300,59.20980,17.24500,24.23430,43.00190,8.39490,33.82020,63.39940,18.84320,25.60740,46.65310,9.37650,35.15300,68.06870,20.51340,27.06540,50.19990
LQ,95.26270,47.98860,132.01990,232.85800,46.07900,111.62070,95.99310,48.16080,132.15910,233.23950,46.21170,111.04720,36.81340,44.55610,133.00000,207.78440,45.48120,111.56840,3.57180,20.96100,96.85670,25.15150,24.96270,94.26320,2.44440,17.09880,45.32480,12.41320,16.79240,52.87920,1.86620,15.39720,29.30910,8.56380,13.22550,32.06690,1.59860,14.22450,22.09670,6.78370,11.26980,21.17000,1.36420,13.49340,18.22180,5.78680,10.04870,15.48900,1.18310,12.76750,15.98600,5.06560,9.15590,12.48970,1.13900,12.35250,14.70610,4.74300,8.62720,10.96920,1.00010,12.01290,13.74800,4.42180,8.21440,9.92290,0.99390,11.65250,13.10040,4.24290,7.81660,9.27580,0.94130,11.46460,12.54210,4.12030,7.56580,8.78450,0.89050,11.11710,12.18890,3.92760,7.24430,8.48450,0.90130,11.02620,12.01840,3.93350,7.17370,8.31110,0.85060,10.82230,11.74570,3.80790,6.95970,8.09440,0.86290,10.62130,11.56300,3.77280,6.77580,7.95960,0.83230,11.01410,11.27800,3.73000,6.96200,7.70900,0.85060,12.66610,13.65450,3.85290,8.00910,8.74010,1.07640,13.87480,16.05380,4.25900,8.79600,10.47620,1.30190,15.12360,18.57110,4.73670,9.79720,12.26790,1.59370,16.28360,20.99580,5.22550,10.71550,14.09990,1.90130,17.58220,23.80870,5.81630,11.76950,16.14320,2.26180,18.82680,26.93800,6.43090,12.75740,18.51810,2.65480,20.05240,29.98170,7.19270,13.92220,20.78540,3.14380,21.55200,33.42010,8.04410,15.15110,23.37590,3.68740,22.95110,37.07830,8.93810,16.32160,26.19110,4.19450,24.31760,40.71840,9.86020,17.66860,28.92590,4.84190,25.73730,44.60160,10.94050,18.84630,31.92160,5.53110,26.93480,48.62970,12.00140,20.00050,34.91870,6.24720,28.27630,52.34050,13.31480,21.30130,38.08810,7.09560,29.63530,56.42690,14.70610,22.54640,41.32400,7.94640,30.93880,60.74690,16.14320,23.70400,44.45880
LQ,96.40280,43.38610,122.67540,234.77710,42.03870,103.59850,97.39780,43.48080,122.67540,235.55290,41.97420,103.59850,21.23570,39.53760,123.10640,181.82550,41.48830,104.10950,2.21870,15.13930,78.94730,14.54490,17.16510,82.34520,1.23050,12.20130,32.12700,7.26540,11.12620,37.66750,0.77430,10.79260,18.80410,4.91820,8.50330,19.72790,0.50080,9.81660,13.38080,3.81380,7.13740,11.76570,0.35480,9.18770,10.92460,3.24240,6.33280,8.58300,0.31530,8.77030,9.65320,2.93600,5.85230,7.08070,0.26430,8.47560,8.88490,2.71730,5.52640,6.30110,0.22800,8.12850,8.28960,2.50590,5.15930,5.73940,0.18750,7.95110,8.03080,2.40600,5.01220,5.44910,0.11840,7.72380,7.67280,2.25150,4.80340,5.14750,0.12710,7.63400,7.61610,2.22050,4.76810,5.13460,0.15290,7.58930,7.62130,2.28080,4.73280,5.14100,0.13850,7.47710,7.52640,2.19980,4.64430,5.05700,0.08410,7.37520,7.38900,2.08870,4.55640,4.95230,0.06690,7.48880,7.28800,2.05640,4.59480,4.82500,0.08120,8.68580,9.04520,2.13820,5.29080,5.65390,0.15000,9.41480,10.65970,2.36580,5.71640,6.86650,0.23820,10.17330,12.15120,2.70840,6.26930,7.95170,0.48010,11.08370,13.88340,3.11790,6.90850,9.24710,0.69400,12.02260,15.73380,3.54500,7.63160,10.58480,0.87980,12.96560,17.67880,3.97500,8.29840,11.96750,1.23840,14.00640,20.03130,4.55970,9.12420,13.69930,1.54810,15.06080,22.50540,5.16910,9.91120,15.52610,1.81780,16.20790,24.90510,5.76870,10.84020,17.32200,2.27050,17.29410,27.91950,6.50690,11.75370,19.57520,2.65830,18.57100,30.78640,7.30310,12.78450,21.66760,3.11420,19.70780,34.05790,8.03080,13.69370,23.95070,3.60060,20.80390,37.10900,8.97180,14.62390,26.29340,4.16640,22.00000,40.47710,9.91690,15.69160,28.79700,4.81450,23.24170,43.74130,11.09070,16.75770,31.47340
LQ,96.56750,49.55450,137.04850,245.03210,48.60300,116.39290,97.14740,49.88320,136.97440,244.82320,48.82630,116.05670,34.42890,46.70320,138.09390,223.14740,48.63480,117.12690,4.45460,23.36400,101.59550,28.58600,28.10050,102.49800,3.11420,19.32440,50.29170,14.69430,18.64780,59.59850,2.40070,17.38810,33.70990,10.27030,14.65450,36.89460,2.04120,16.09510,25.90670,8.16630,12.44850,25.20380,1.76140,15.20240,21.60610,6.95230,11.09890,18.82370,1.65100,14.62010,19.13890,6.27060,10.22460,15.34120,1.52370,14.10590,17.45850,5.81630,9.62380,13.42120,1.50270,13.65780,16.37930,5.47780,9.06640,12.18200,1.39940,13.39420,15.65040,5.19300,8.71650,11.37250,1.31940,13.10710,14.89680,4.99920,8.38550,10.70980,1.28120,12.89020,14.62330,4.85460,8.17020,10.41750,1.30510,12.68970,14.30360,4.82500,8.03100,10.14560,1.26220,12.52180,14.09230,4.75140,7.88850,9.97070,1.32100,12.36240,13.90610,4.72830,7.70950,9.85130,1.21470,12.65600,13.52820,4.65730,7.87170,9.50120,1.26850,14.54780,16.31890,4.78500,9.07420,10.66280,1.38820,15.96640,19.09420,5.08500,10.04580,12.56660,1.76970,17.34330,22.06820,5.71680,11.14750,14.82110,2.04800,18.76370,24.96320,6.29640,12.27670,16.99820,2.44620,20.12520,28.16180,6.99660,13.46850,19.40860,2.82530,21.54080,31.65010,7.74530,14.74650,21.99430,3.29300,22.96310,35.11890,8.59120,15.95810,24.54020,3.80790,24.46580,39.06730,9.57700,17.34330,27.63610,4.44440,25.84720,42.79190,10.63160,18.58060,30.59910,5.03130,27.27020,46.76390,11.73570,19.90250,33.81010,5.78680,28.71800,50.92560,12.97790,21.32900,37.08850,6.52840,30.08690,55.20170,14.33460,22.72990,40.40850,7.49570,31.52080,59.59850,15.87630,24.06880,43.97020,8.37590,32.92170,63.65690,17.40830,25.40390,47.45010,9.27580,33.96500,67.50130,19.01020,26.56160,50.66140
LQ,97.48140,50.88890,141.23600,243.57630,47.46220,119.02560,97.85940,51.09360,141.00190,244.19830,47.58530,119.02560,31.38130,46.52360,141.78480,227.63400,47.18690,119.25930,3.50870,20.88500,94.82080,24.92450,27.43970,101.32730,2.45320,17.18730,43.30070,12.19230,17.66860,55.90720,1.82780,15.35720,27.82470,8.33540,13.69730,32.51640,1.49780,14.15770,20.82310,6.56420,11.59900,20.89850,1.30190,13.36950,17.35830,5.60020,10.29610,15.21080,1.17990,12.79470,15.42730,5.03560,9.52290,12.38190,1.08580,12.37890,14.16500,4.61980,8.94610,10.84210,0.94910,11.95810,13.27460,4.29960,8.45050,9.76820,0.93360,11.62100,12.65800,4.15630,8.05770,9.12170,0.95990,11.44280,12.22660,4.05040,7.82140,8.73730,0.88900,11.27290,12.00820,3.94340,7.67640,8.47910,0.88740,11.12320,11.79920,3.89810,7.49110,8.28150,0.81700,10.95990,11.61260,3.81180,7.35210,8.15300,0.81850,10.79260,11.47070,3.75720,7.17820,7.98330,0.76220,11.08370,11.28130,3.69320,7.33370,7.74530,0.88130,12.95190,13.87590,3.92560,8.46310,8.90450,1.08580,14.04320,16.40090,4.25900,9.27540,10.65350,1.24150,15.24990,18.72130,4.62400,10.16190,12.36110,1.48160,16.47420,21.12630,5.10870,11.12930,14.22650,1.77300,17.73720,23.99410,5.71010,12.16540,16.27590,2.16380,19.22980,27.18510,6.42610,13.47560,18.65330,2.63520,20.56250,30.46960,7.25030,14.57440,21.10450,3.10860,21.95420,33.97500,8.03610,15.74860,23.85180,3.53920,23.38240,37.26310,8.89890,17.02820,26.38250,4.08430,24.68670,40.99650,9.85430,18.14460,29.11680,4.67610,26.13160,45.02040,10.89920,19.43460,32.25620,5.32590,27.70020,49.21970,12.03870,20.80930,35.38810,6.13300,29.01720,53.17640,13.38810,22.13230,38.73020,6.91060,30.32010,57.52430,14.64700,23.29050,42.06160,7.72450,31.74150,61.63990,16.03680,24.49810,45.28490
LQ,96.11570,47.33960,133.28230,228.91980,46.71820,111.83050,96.89820,47.38550,133.28230,228.73530,46.68820,111.67310,25.88650,44.65440,133.42390,152.96150,46.38960,111.88300,3.75530,22.67060,98.45210,17.64190,22.43480,93.82880,2.43040,18.79280,50.70790,10.01280,15.86740,50.06260,1.75150,16.67560,33.92000,7.20270,12.60890,30.88460,1.41390,15.31740,25.58580,5.75970,10.58310,20.78010,1.12330,14.30290,21.15360,4.87160,9.54200,15.60480,0.97220,13.59330,18.45560,4.34630,8.64250,12.80300,0.87210,13.02760,16.73680,3.99880,8.20950,11.23260,0.74700,12.61220,15.49310,3.69900,7.92210,10.16980,0.70000,12.25700,14.66670,3.53350,7.55650,9.54190,0.69400,11.87150,14.15350,3.40420,7.23060,9.13870,0.60220,11.63360,13.68810,3.30050,7.00900,8.75400,0.56190,11.47700,13.35140,3.19390,6.86410,8.50090,0.54990,11.28210,13.04260,3.15310,6.64010,8.31650,0.56340,11.15060,12.76750,3.13450,6.50590,8.16630,0.50230,11.38080,12.47230,3.09380,6.62920,7.99120,0.61870,13.08640,14.83700,3.26860,7.70240,9.32180,0.73030,14.24690,17.40370,3.56410,8.54870,11.11640,0.92750,15.52160,20.02610,3.97900,9.44980,12.98510,1.22570,16.71440,22.80360,4.55350,10.38540,15.01690,1.55950,18.00930,25.82610,5.12160,11.47700,17.24500,1.85620,19.34940,29.00970,5.78000,12.42200,19.58540,2.23770,20.66940,32.49030,6.46410,13.68290,22.07390,2.67260,22.10930,36.11180,7.31320,15.10390,24.78920,3.18090,23.46230,39.97750,8.17430,16.44020,27.63610,3.70870,24.93630,43.66530,9.15580,17.69600,30.54240,4.33610,26.24360,47.77700,10.22150,18.99280,33.70990,5.01850,27.56590,51.57070,11.42810,20.08870,36.67170,5.75070,28.82780,55.83610,12.72510,21.32900,39.96620,6.51170,30.05370,59.95150,14.04270,22.62320,42.97710,7.34850,31.34560,63.67840,15.56750,23.72270,46.15910
LQ,109.35590,58.79600,160.64600,280.30500,59.54310,135.94350,110.47860,59.30670,160.45050,281.65090,59.82430,134.70960,39.92120,54.50520,158.04220,264.55460,59.13570,133.28230,4.74300,22.46410,114.83790,28.85000,29.11250,115.55550,3.26670,17.17400,49.07130,13.93260,16.41890,60.84740,2.51830,14.77340,28.59350,9.70320,11.76320,33.84670,2.11090,13.21500,19.83540,7.73750,9.34760,20.68370,1.83120,12.22100,15.50960,6.61460,7.98250,14.21500,1.65920,11.41800,13.14010,5.92790,7.06510,11.08430,1.50430,10.79260,11.69570,5.47340,6.40090,9.41700,1.43800,10.33930,10.68480,5.18860,5.97530,8.30570,1.33700,9.96150,10.02180,4.91400,5.63000,7.65220,1.29710,9.62650,9.58280,4.73250,5.35510,7.23020,1.23840,9.41210,9.21570,4.61570,5.19780,6.83230,1.21310,9.21950,8.96620,4.51430,5.05210,6.60020,1.17680,9.04270,8.74290,4.43620,4.94790,6.42140,1.13750,8.94610,8.63240,4.35650,4.86320,6.30580,1.12810,9.17180,8.27610,4.35240,4.93840,6.01050,1.19570,10.77770,10.09110,4.49370,5.85430,6.63620,1.34340,11.90350,12.10340,4.90550,6.49730,7.98070,1.57580,13.04480,14.14200,5.36540,7.33830,9.50120,1.86120,14.19110,16.42250,5.92790,8.14810,11.13900,2.16900,15.45720,18.81880,6.55950,9.13220,12.88850,2.46900,16.71440,21.61170,7.24030,10.08540,14.89680,2.84340,18.07450,24.48310,7.99380,11.22380,17.00260,3.24800,19.56060,27.65060,8.87650,12.39550,19.32830,3.72030,20.97740,30.99150,9.79490,13.57890,21.74600,4.28740,22.45820,34.49440,10.87380,14.76960,24.44510,4.83350,23.87930,38.33260,11.91680,16.07840,27.28460,5.51550,25.28270,42.09770,13.16550,17.29410,30.19650,6.18650,26.76180,46.24090,14.38500,18.63340,33.34820,6.94980,28.21500,50.36840,15.72120,19.97470,36.45050,7.77130,29.67600,54.62920,17.19090,21.27920,39.80900
LQ,97.31420,51.35120,141.78480,238.90280,49.96590,118.38700,97.73310,51.47210,142.25820,240.50960,50.01560,118.09860,35.12850,47.38550,142.81390,217.46630,49.52180,118.15620,3.93160,21.15790,100.57370,25.75910,25.93700,101.01590,2.72450,17.32090,45.79320,12.94570,16.72740,55.53520,2.19130,15.65910,29.38640,9.12730,13.02070,32.91140,1.85780,14.44560,21.89800,7.28800,10.99000,21.34560,1.55620,13.52900,18.05170,6.18410,9.67030,15.44370,1.41550,12.92780,15.85100,5.54220,8.81660,12.51420,1.36260,12.54860,14.60370,5.18650,8.29100,10.95320,1.30030,12.16220,13.80430,4.87790,7.93660,10.03680,1.22570,11.78220,12.97080,4.70110,7.52610,9.29010,1.15790,11.42420,12.45840,4.48750,7.15330,8.80120,1.11390,11.30670,12.15810,4.42590,7.02240,8.51180,1.16100,11.21470,11.96080,4.39730,6.90400,8.36780,1.10770,11.08980,11.78580,4.30770,6.78460,8.17170,1.07170,10.96590,11.54650,4.23280,6.67930,7.98070,1.03900,11.11710,11.33660,4.17840,6.68370,7.74010,1.09670,12.97250,13.82310,4.29550,7.89330,8.89610,1.29550,14.21710,16.26300,4.61980,8.75490,10.57240,1.55300,15.55380,18.87260,5.12380,9.75570,12.46530,1.80950,16.75340,21.42840,5.71680,10.78660,14.31520,2.11430,17.93970,24.12470,6.30580,11.75370,16.34050,2.46200,19.23480,27.27750,6.92280,12.77770,18.54210,2.90870,20.67480,30.49380,7.71940,14.00280,20.93630,3.37200,22.17860,33.98420,8.61320,15.23800,23.52740,3.95720,23.54880,37.76170,9.58580,16.52120,26.43750,4.54940,24.94950,41.46550,10.60660,17.74630,29.27820,5.11510,26.39140,45.47130,11.63250,19.09120,32.21300,5.81180,27.85050,49.72910,12.78880,20.30840,35.39770,6.63620,29.37650,53.76090,14.18420,21.73790,38.63300,7.46510,30.74210,58.27310,15.59230,23.07170,42.03760,8.32460,32.16180,62.40590,17.07860,24.35620,45.41800
LQ,97.85940,51.48940,141.54920,243.57630,49.73490,120.08330,98.11270,51.35120,142.33730,244.19830,49.78430,119.25930,29.69800,47.05010,142.17910,209.97280,49.18040,119.55250,3.71260,20.24540,93.04720,22.73300,24.71280,98.92200,2.60850,16.90120,41.38290,11.93030,16.18700,51.79360,2.01070,15.13930,26.74210,8.41660,12.63240,30.15660,1.66740,13.93320,20.07280,6.70130,10.62130,19.41870,1.42350,13.22900,16.71920,5.74610,9.49850,14.21500,1.33700,12.69310,14.88080,5.23640,8.72930,11.71230,1.25110,12.25050,13.78170,4.87580,8.22430,10.30700,1.15160,11.74730,12.92780,4.55350,7.64570,9.45180,1.03280,11.49880,12.28510,4.33410,7.36360,8.76230,1.04210,11.28830,11.94390,4.27120,7.14650,8.47640,1.04520,11.18410,11.73570,4.18040,7.00670,8.23050,1.05300,11.07460,11.53990,4.15830,6.87070,8.08380,1.00790,10.91190,11.37250,4.07430,6.71650,7.93070,0.98310,10.79850,11.20350,4.04450,6.59450,7.79210,0.97690,10.96900,11.13570,3.98100,6.70120,7.70380,1.01100,12.73700,13.49500,4.19050,7.86210,8.93810,1.23840,13.89670,15.88470,4.53280,8.65520,10.72240,1.41390,15.10390,18.22650,4.92670,9.63740,12.46180,1.67560,16.33850,20.82310,5.38740,10.56560,14.39270,1.96850,17.57310,23.64930,5.95540,11.58020,16.38360,2.27910,19.02230,26.58930,6.66270,12.74380,18.59520,2.79640,20.45620,30.02140,7.48810,13.95510,21.11000,3.18460,22.00000,33.38410,8.27610,15.24590,23.68600,3.64870,23.34560,37.06810,9.23000,16.39770,26.44440,4.25300,24.61490,40.83400,10.16070,17.54590,29.34000,4.76610,26.18750,44.77110,11.14220,18.93410,32.29070,5.51330,27.84290,49.01210,12.39230,20.35050,35.50420,6.30820,29.14430,53.24270,13.68070,21.69270,38.95820,7.09310,30.57240,57.67290,15.03300,22.96920,42.24270,7.87820,31.90160,61.63990,16.43990,24.19600,45.31150
LQ,93.51490,47.37020,131.95030,217.80310,44.30460,110.58160,94.26320,47.53910,132.43840,218.81920,44.59820,110.63320,23.95070,44.82370,132.92960,113.64040,43.79400,110.47860,3.30050,21.55200,94.50150,15.06120,19.96950,88.28460,2.10060,17.82890,46.22730,8.92970,14.65830,44.20070,1.55620,15.97050,30.38900,6.49980,12.10680,26.67950,1.27490,14.80040,23.12970,5.32370,10.62710,17.99530,1.03280,14.05420,19.43880,4.60940,9.72530,13.80430,0.93050,13.48980,17.27670,4.19650,9.09260,11.73900,0.83990,13.09670,16.02410,3.89220,8.59680,10.51640,0.75150,12.74720,15.24330,3.64100,8.29840,9.81860,0.73330,12.50850,14.64300,3.52400,7.97520,9.39100,0.67890,12.29640,14.33460,3.42120,7.80940,9.12450,0.73180,12.17850,14.07700,3.40230,7.68110,8.96620,0.70460,12.05490,13.89850,3.38340,7.54480,8.89610,0.66840,11.94530,13.82690,3.36640,7.43530,8.80120,0.68040,11.96780,13.70680,3.37580,7.41910,8.72900,0.69250,12.18500,13.70310,3.33810,7.47950,8.74290,0.78800,14.05420,16.51370,3.54880,8.72160,10.28560,0.90900,15.34930,19.39350,3.92370,9.72810,12.24040,1.10300,16.61110,22.15950,4.36870,10.65950,14.21880,1.42520,17.89350,25.09940,4.96720,11.69980,16.38790,1.76140,19.26460,28.35440,5.64940,12.83550,18.73100,2.13310,20.57850,31.84490,6.31290,13.90760,21.20280,2.55530,21.94270,35.32060,7.12540,15.10000,23.84570,3.06620,23.47470,39.12210,8.04930,16.38500,26.61710,3.56410,24.63450,42.74270,8.96620,17.41510,29.37090,4.13430,26.02710,46.66690,9.97670,18.65270,32.36860,4.75350,27.32900,50.63050,11.14860,19.82540,35.40740,5.43800,28.46900,54.88840,12.28860,21.03740,38.56840,6.19110,29.66790,58.69100,13.59870,22.15540,41.58380,7.01390,30.92160,62.59440,15.01690,23.33330,44.69270,7.88080,31.99100,66.50250,16.55720,24.36260,47.81980
LQ,106.14730,53.88870,147.23080,267.47370,55.47910,124.60360,107.02010,53.77770,147.14680,269.45300,55.71200,123.47780,42.48560,49.85020,147.65170,263.83400,55.36310,124.03850,5.24290,25.26250,106.58220,34.68220,35.30530,112.04090,3.80400,21.33460,52.22730,17.03840,21.76060,68.16390,3.12340,19.41450,35.42670,12.15460,16.63260,42.12190,2.75860,18.05120,27.46330,9.87810,13.87110,28.89550,2.43920,17.03700,23.04030,8.44640,12.13610,21.44500,2.27910,16.41470,20.41290,7.62640,11.08980,17.48590,2.11770,15.90040,18.62910,7.05590,10.32490,15.03300,2.07340,15.44920,17.49960,6.64580,9.70610,13.63220,1.94330,15.04510,16.71040,6.31050,9.30210,12.64390,1.90630,14.74260,16.28020,6.13300,8.95650,12.03870,1.82450,14.50610,15.70870,5.99440,8.69350,11.57950,1.80450,14.31410,15.36580,5.86630,8.53600,11.25530,1.78460,14.07630,15.09750,5.77780,8.38800,11.02340,1.82620,14.05050,14.91280,5.77330,8.20460,10.83580,1.75980,14.25060,14.64300,5.68530,8.28850,10.55060,1.85280,16.39350,17.33560,5.85950,9.56640,11.45100,2.09550,17.77840,20.29720,6.35990,10.49260,13.46910,2.38150,19.22480,23.23150,6.94250,11.61470,15.65460,2.77300,20.66410,26.35510,7.64700,12.91070,18.01410,3.18650,22.17860,29.60410,8.47360,14.09480,20.60900,3.61600,23.62940,33.21370,9.32180,15.50950,23.21950,4.20460,25.16210,36.83370,10.33150,16.72310,25.95390,4.73040,26.57580,40.78770,11.38880,18.10720,28.97920,5.48890,28.01680,44.88900,12.63690,19.50000,32.24750,6.17480,29.56220,49.05650,13.87590,20.92840,35.51390,7.05840,31.01620,53.11010,15.30850,22.39380,38.86030,7.92800,32.45210,57.46870,16.85600,23.67290,42.31540,8.79280,33.73370,61.80440,18.29300,25.06880,45.94180,9.82160,35.04180,65.95460,20.09360,26.59010,49.51850,10.95640,36.43900,70.28690,21.90370,27.98650,52.97800
LQ,89.14730,47.46220,133.28230,217.29820,45.32270,112.30480,89.69340,47.69340,132.71870,218.31010,45.53910,111.77800,20.23960,45.17930,134.06410,115.94500,45.03660,112.19910,3.12340,20.91760,93.94700,14.69820,19.49500,90.72730,1.96510,16.88370,44.86270,8.53910,13.75870,44.05970,1.34020,14.86610,28.53350,6.10290,11.08980,25.47320,1.06240,13.56110,21.02840,4.83140,9.52840,16.58340,0.86440,12.70660,17.15490,4.17440,8.55120,12.39930,0.69700,12.03880,15.01290,3.70870,7.93900,10.30080,0.60820,11.57390,13.72550,3.43070,7.48410,9.20420,0.59030,11.15060,12.81010,3.23500,7.03140,8.49000,0.48010,10.89100,12.18200,3.05880,6.81320,7.99380,0.46080,10.65650,11.76570,2.95970,6.58800,7.67800,0.40910,10.42300,11.44780,2.88320,6.43300,7.50850,0.39300,10.30760,11.25210,2.78200,6.34770,7.34850,0.36210,10.13920,11.08750,2.75860,6.25030,7.23780,0.33280,10.06840,10.97230,2.68690,6.17890,7.18020,0.34310,10.33060,10.63780,2.70120,6.30950,7.00150,0.39590,11.93560,13.03540,2.85790,7.37520,8.26810,0.53650,13.14190,15.31260,3.14560,8.18000,9.89900,0.72580,14.24320,17.71580,3.52200,9.02700,11.66570,0.98620,15.48540,20.28150,4.02850,9.95870,13.51340,1.24150,16.71440,23.10580,4.58660,10.94190,15.57990,1.54000,18.12120,26.13660,5.19950,12.05490,17.76680,1.90630,19.47480,29.26280,5.90960,13.18710,20.14040,2.31030,20.87960,32.86730,6.64340,14.32530,22.73300,2.75680,22.27140,36.42040,7.49570,15.56590,25.44020,3.22380,23.81650,40.26040,8.37050,16.87940,28.26530,3.82550,25.04230,44.16220,9.36210,18.04650,31.26460,4.39320,26.51180,48.32380,10.36220,19.36940,34.34500,5.09790,27.87310,52.17880,11.57950,20.50400,37.61540,5.83450,29.21610,56.44490,12.87420,21.77760,40.83400,6.64820,30.40390,60.78710,14.26500,22.98720,44.00850
LQ,93.67160,47.63160,132.71870,273.49390,47.75540,113.15660,94.66100,47.47760,133.28230,275.55670,47.58530,112.72940,25.79930,43.78030,133.56570,273.23810,47.38550,112.88920,3.39470,21.64190,97.10580,138.62180,30.29500,98.57990,2.34840,18.27620,49.62360,47.12630,19.45470,59.61800,1.78300,16.62400,33.71900,27.58560,15.10390,36.76270,1.52860,15.64690,26.00790,21.23020,12.78790,24.96970,1.31780,14.80040,21.85290,18.42200,11.34370,18.57110,1.23200,14.18740,19.54990,16.81170,10.39980,15.19050,1.08580,13.70810,17.92510,15.86790,9.66760,13.36610,0.98460,13.45790,16.75440,15.43960,9.25940,12.09660,1.00790,13.05520,16.08350,15.15000,8.75750,11.36590,0.97070,12.73700,15.58820,14.90880,8.36550,10.93730,0.93980,12.59210,15.04910,14.66270,8.00670,10.47930,0.89820,12.42860,14.74170,14.64700,7.70950,10.18200,0.93980,12.38550,14.60760,14.67060,7.80230,10.10320,0.99550,12.31620,14.43940,14.76550,7.83570,9.98870,0.89670,12.53180,14.18810,14.62730,8.02610,9.72680,0.98150,14.45700,17.06520,14.59580,9.19300,11.02340,1.20040,15.89620,19.83020,15.21490,10.15340,12.92420,1.47350,17.06790,22.66860,16.06650,11.13840,15.06920,1.79130,18.51350,25.72570,16.99820,12.30300,17.34010,2.13480,19.69760,28.88790,18.14600,13.37300,19.73300,2.55000,21.14690,32.36000,19.65140,14.61630,22.32020,3.04220,22.55230,35.72810,21.48940,15.66720,24.87290,3.48390,23.84790,39.51900,23.16560,16.89240,27.81010,4.09830,25.28270,43.26320,24.91150,18.26200,30.74560,4.66560,26.74020,47.14030,26.78400,19.40450,33.80100,5.38080,28.07760,51.25460,28.93350,20.68550,37.21170,6.07740,29.43280,55.23670,30.98320,22.14970,40.41990,6.91550,30.76770,59.55940,33.26740,23.40690,43.69060,7.77650,31.92840,63.48510,35.44610,24.53700,47.16840,8.64070,33.17390,67.71320,38.00350,25.78530,50.56860
LQ,87.64630,49.75130,137.27140,225.63980,48.42860,118.09860,88.14210,49.94930,136.97440,226.90510,48.52360,117.69680,34.16870,46.24130,137.49490,218.64930,48.38120,118.50270,4.38910,24.75860,108.65130,31.07390,32.13480,107.90480,3.16230,20.79850,58.38660,15.53030,21.52400,69.47000,2.52360,18.82680,39.29790,11.04900,17.09430,44.43290,2.21020,17.47810,30.19650,8.84580,14.59730,31.16500,1.90970,16.52970,25.12550,7.52380,13.07600,23.40010,1.76140,15.83050,22.13670,6.73510,11.96780,18.99540,1.62970,15.23800,20.11960,6.20280,11.24830,16.46150,1.54810,14.61250,18.77000,5.73710,10.52470,14.75760,1.46220,14.24690,17.65120,5.48670,10.08540,13.61730,1.38980,13.84570,16.99820,5.23210,9.61830,12.85640,1.33700,13.62910,16.32320,5.06350,9.33950,12.16490,1.31150,13.44020,15.89730,4.95870,9.10580,11.78240,1.27800,13.25350,15.57160,4.86520,8.91230,11.48060,1.30190,13.10370,15.28000,4.79970,8.68320,11.25860,1.28440,13.39420,14.77340,4.81030,8.85270,10.76010,1.30990,15.50140,17.29480,4.98640,10.23600,11.56630,1.56440,16.68850,20.19250,5.42920,11.06860,13.60610,1.88290,18.08850,23.14760,5.98520,12.18170,15.86360,2.19640,19.40450,26.12310,6.58100,13.32720,18.20280,2.57480,20.79310,29.28590,7.38640,14.55540,20.65170,3.05690,22.13230,32.74390,8.20640,15.74050,23.36380,3.52200,23.57970,36.36040,9.14160,17.02390,26.23200,4.07830,24.90330,40.14690,10.09110,18.32340,29.19350,4.72620,26.34910,43.76660,11.28130,19.59600,32.23890,5.40500,27.70770,47.83410,12.50370,20.83630,35.41710,6.13300,28.96970,51.84150,13.76670,22.20750,38.79520,6.90080,30.39550,55.76510,15.16620,23.56120,42.07370,7.75570,31.71490,60.08960,16.72360,24.69970,45.60510,8.68480,32.93100,64.02420,18.36460,25.99940,49.14540,9.68560,34.10080,68.35510,20.25530,27.32160,52.58440
LQ,109.66020,51.78490,147.56740,266.25020,54.29850,125.10960,110.47860,51.83730,147.73620,268.21280,54.22370,124.60360,41.83380,47.60080,148.07480,268.46000,54.09300,125.23660,4.01070,21.85140,106.43690,34.13170,30.92160,110.06820,2.82710,17.55950,48.38180,14.84100,17.91660,62.78370,2.24800,15.72420,29.91050,10.37140,13.20110,36.65150,1.90470,14.47580,21.68430,8.30570,10.79260,23.38200,1.67400,13.56820,17.61430,7.13280,9.31010,16.47020,1.52540,12.89360,15.25150,6.41430,8.37050,12.96720,1.41870,12.39880,13.88340,5.98060,7.75460,11.09070,1.35300,11.93560,13.07510,5.62920,7.27630,9.97370,1.30510,11.61780,12.30930,5.40940,6.88180,9.24430,1.26060,11.32830,11.89330,5.29750,6.55120,8.77340,1.19890,11.12620,11.56300,5.19300,6.40090,8.42470,1.20360,10.90590,11.26830,5.11950,6.19980,8.12900,1.18310,10.72140,11.07470,5.04420,6.05590,7.96220,1.18940,10.55100,10.90870,4.99070,5.89930,7.84420,1.10300,10.81640,10.51950,4.91820,6.05790,7.47790,1.20040,12.48850,12.57370,5.10650,7.02020,8.02820,1.37540,13.67570,14.79720,5.51550,7.71190,9.52740,1.63460,14.82740,17.09650,6.02430,8.55880,11.20670,1.93150,15.99120,19.59040,6.60500,9.47420,13.01390,2.27220,17.18280,22.25120,7.31320,10.43460,14.90480,2.61030,18.43250,25.13850,8.07850,11.44900,16.98030,3.03850,19.75370,28.20610,8.96340,12.58200,19.20350,3.47060,21.07020,31.49020,9.83940,13.79490,21.57270,4.03650,22.46410,34.78600,10.84210,14.95540,24.13720,4.58250,23.76650,38.43960,11.85620,16.12010,26.81890,5.21470,25.02240,42.19430,13.21640,17.37470,29.59630,5.88230,26.49760,45.94180,14.37720,18.69120,32.47280,6.62660,27.76770,50.03210,15.68790,19.85100,35.45580,7.47280,28.99340,53.99730,17.07860,21.11950,38.63300,8.32730,30.25320,58.19760,18.54700,22.38800,41.77410
LQ,108.55130,52.49010,146.22890,279.76990,54.48640,123.53990,109.45720,52.63290,146.14600,282.46430,54.88400,123.66420,33.66440,47.89510,146.31190,271.71230,54.46750,124.72980,3.97500,20.83630,94.46170,27.07890,28.48450,105.71540,2.66900,17.02820,41.45370,12.85990,16.55110,55.21920,2.02250,15.05300,26.11630,8.82350,12.08410,31.52380,1.66740,13.74420,19.18360,6.87140,9.75290,19.79430,1.40910,12.81170,15.44780,5.81180,8.35810,14.01610,1.24790,12.06470,13.39910,5.14750,7.48880,11.18090,1.14530,11.55820,12.10340,4.70110,6.88180,9.53900,1.07640,11.18720,11.16800,4.43210,6.44580,8.52820,0.98150,10.80450,10.57240,4.22470,6.12660,7.88870,0.96140,10.50720,10.05790,4.08430,5.81360,7.43720,0.91670,10.26460,9.79780,3.92370,5.66010,7.17270,0.89210,10.08540,9.56820,3.83330,5.49670,6.90080,0.87980,9.97550,9.40540,3.78250,5.41190,6.74240,0.84450,9.81100,9.31600,3.70670,5.29850,6.65310,0.82310,10.12220,9.09040,3.71640,5.45520,6.42140,0.90130,11.72830,11.20350,3.87250,6.33280,7.18770,1.05770,12.94160,13.21270,4.18650,7.06290,8.58570,1.23520,14.02110,15.26370,4.63850,7.84290,10.08810,1.52700,15.18270,17.55920,5.12380,8.67300,11.81260,1.85280,16.43170,20.08320,5.73260,9.63200,13.65450,2.18270,17.66410,22.86250,6.35290,10.64480,15.67960,2.57300,19.08130,25.64570,7.10800,11.75370,17.73900,2.99630,20.40860,28.90310,7.94120,12.92780,20.19250,3.47060,21.82870,32.25620,8.78170,14.16880,22.62770,4.06240,23.24170,35.79660,9.75050,15.36520,25.36110,4.64060,24.63450,39.59680,10.77270,16.63690,28.28760,5.31720,26.08980,43.41340,11.93030,17.92120,31.28120,6.03580,27.47680,47.26670,13.15830,19.24470,34.34500,6.85920,28.81210,51.38070,14.48230,20.52530,37.60500,7.68060,30.08690,55.39450,15.88890,21.79460,40.84560
LQ,88.14210,43.17080,110.63320,211.88200,41.53910,89.54730,88.10660,42.93030,110.89170,211.08270,41.28600,89.25610,27.41310,40.27070,111.41160,173.19180,40.98520,89.58380,3.53920,19.99540,86.94570,19.77900,20.22440,78.85770,2.38500,16.33850,44.39410,10.50710,13.62190,45.55150,1.73330,14.48720,28.83480,7.44220,10.69780,28.25790,1.36900,13.23950,21.41180,5.86180,8.94610,18.85790,1.13120,12.41200,17.49500,4.98000,7.88130,13.92500,0.99080,11.78540,15.21490,4.46280,7.17600,11.36920,0.88900,11.23920,13.74800,4.11630,6.67930,9.91390,0.79410,10.76880,12.83860,3.77670,6.35410,8.99720,0.72880,10.49260,12.04550,3.66610,6.04760,8.33000,0.64880,10.23320,11.51350,3.49720,5.79730,7.88870,0.62920,9.89440,11.14860,3.40600,5.49870,7.57500,0.60820,9.77220,10.85800,3.32680,5.37070,7.38900,0.59920,9.61830,10.67540,3.28170,5.22290,7.22020,0.53800,9.53920,10.47310,3.24800,5.23260,7.08070,0.56190,9.65390,10.11530,3.24430,5.20940,6.82260,0.62920,11.21160,12.02850,3.37960,6.24610,7.67020,0.85830,12.10360,14.12670,3.75720,6.84200,9.15010,1.04520,13.12100,16.16880,4.13830,7.52610,10.66280,1.26370,14.09480,18.46040,4.59910,8.31330,12.33000,1.55140,15.11180,20.81770,5.13460,9.12160,14.09990,1.86950,16.30890,23.45450,5.80950,10.08250,15.95210,2.26010,17.39710,26.23880,6.51170,11.02020,17.98590,2.64410,18.68640,29.10910,7.26790,12.05490,20.22910,3.13450,19.78440,32.25620,8.07320,13.03100,22.60430,3.66030,21.00460,35.31090,9.06500,14.05420,24.83420,4.23280,22.15540,38.75180,10.02780,15.15900,27.42030,4.82500,23.41920,41.90550,11.11320,16.29630,29.95000,5.52220,24.47870,45.20540,12.29200,17.28520,32.71760,6.28230,25.56650,48.96770,13.58380,18.32340,35.27240,7.05590,26.64710,52.13040,14.84100,19.40950,37.89810
LQ,112.62300,59.82430,168.71590,292.86610,60.96970,141.23600,114.18210,59.88940,168.39640,296.98970,61.17140,141.39240,58.12220,57.34430,167.65520,295.50470,61.01440,140.61330,6.66030,28.40720,140.07220,52.14660,38.56930,130.77780,4.69900,22.02300,68.30720,22.38370,22.86120,80.92790,3.72810,19.37940,42.03760,15.53850,16.86630,48.44000,3.14380,17.65500,30.24450,12.38890,13.70810,32.11840,2.77480,16.40620,23.87030,10.57550,11.75680,22.68610,2.53060,15.51750,20.19770,9.48660,10.46360,17.49040,2.35190,14.74650,17.75290,8.69860,9.50670,14.42000,2.19300,14.10590,16.21580,8.13700,8.82690,12.62630,2.07510,13.62190,15.09340,7.73490,8.29840,11.48390,2.05810,13.28150,14.30360,7.49570,7.89330,10.65030,1.95340,12.94500,13.75920,7.30310,7.56820,10.08200,1.88120,12.62570,13.25280,7.05340,7.30610,9.65320,1.86790,12.40540,12.85990,6.95230,7.08320,9.40540,1.79290,12.19150,12.49320,6.82750,6.89520,9.07340,1.69540,12.29970,11.92700,6.65550,6.89520,8.62690,1.75310,14.41170,13.81560,6.80310,8.12850,9.14160,1.93990,15.69970,16.35340,7.15780,8.94610,10.63470,2.17580,16.92300,18.80900,7.66510,9.81660,12.35770,2.44970,18.21500,21.34560,8.22250,10.81930,14.19570,2.72990,19.47980,24.03130,8.96340,11.82680,16.16880,3.08460,20.76620,26.89590,9.74460,12.90730,18.15540,3.44020,22.12660,29.96590,10.52890,14.05420,20.39710,3.90200,23.53640,33.28530,11.50690,15.21030,22.80950,4.40550,24.83080,36.60110,12.51770,16.39770,25.25610,4.89700,26.27870,40.31730,13.52820,17.61850,27.92680,5.45570,27.64040,43.90650,14.59980,18.90480,30.59910,6.07510,28.99340,47.81980,15.86790,20.14600,33.51940,6.77640,30.40390,51.58650,17.19090,21.37900,36.44040,7.51100,31.74150,55.62350,18.65330,22.65870,39.51900,8.29760,33.03350,59.91210,20.07800,23.90450,42.59560
LQ,94.46170,48.25500,131.39630,271.20720,46.25610,110.73650,95.18210,48.46020,131.95030,272.21920,46.28570,110.68480,32.83200,44.24900,133.00000,260.51860,45.96150,111.46380,3.69130,22.32370,93.20270,33.90160,28.22270,95.91150,2.56420,18.80250,46.72230,15.74210,19.07640,57.28390,2.00730,17.20500,32.17860,10.80420,15.25390,35.88490,1.69540,16.21630,25.22990,8.44910,13.17320,24.77640,1.53020,15.52560,21.56710,7.27290,11.90350,18.81880,1.37700,14.99430,19.46910,6.47840,11.05340,15.61720,1.29870,14.58580,18.12710,5.99900,10.47810,13.84950,1.23200,14.16880,17.24950,5.62700,9.94470,12.77820,1.17840,14.03210,16.58780,5.46900,9.71430,12.05910,1.18780,13.79490,16.21160,5.28870,9.44440,11.63580,1.13280,13.68290,15.90570,5.16700,9.29140,11.33330,1.15000,13.52540,15.64630,5.09360,9.07690,11.11320,1.12650,13.41540,15.46430,5.01850,8.95130,10.93410,1.14220,13.27100,15.33300,4.96930,8.79090,10.81050,1.09200,13.60760,15.23520,5.01420,8.90710,10.53820,1.13120,15.76500,18.33590,5.21900,10.22740,11.82270,1.39620,17.04140,21.38970,5.60910,11.19330,13.96670,1.69210,18.36600,24.39460,6.10290,12.25700,16.18160,2.02420,19.83560,27.61440,6.73760,13.45080,18.59040,2.44440,21.21290,30.94210,7.50850,14.60870,21.07730,2.85790,22.66460,34.41030,8.28690,15.95810,23.77800,3.39280,24.06880,38.20480,9.21850,17.16070,26.63790,3.96120,25.51900,42.04960,10.19110,18.48490,29.71370,4.60530,27.01450,45.87420,11.33010,19.80490,32.76150,5.30180,28.26100,50.09300,12.57370,21.02100,35.98330,6.02430,29.65970,54.18410,13.84570,22.41140,39.41930,6.79580,31.02480,58.40560,15.31670,23.76650,42.66910,7.71420,32.19790,62.48960,16.78080,24.90330,46.20000,8.62140,33.44750,66.31910,18.29780,26.18750,49.60860,9.68560,34.48310,70.43700,19.87130,27.36590,52.73150
LQ,101.64030,53.98140,150.30920,261.93010,55.59540,128.68490,102.77130,54.14900,150.48360,262.64110,55.94650,128.55190,34.40090,49.86670,151.44860,258.19720,55.96610,129.62290,4.18850,23.17470,108.50130,33.77360,34.11060,115.61100,2.92330,18.87550,50.01690,15.48490,20.20350,67.43090,2.27740,16.68420,31.65010,10.62850,14.97090,39.36400,1.88460,15.40520,23.29150,8.35700,12.23730,25.34140,1.64610,14.39290,18.89710,7.09310,10.58610,18.00940,1.46870,13.61110,16.33180,6.28700,9.45250,14.19570,1.37380,13.02070,14.82510,5.75970,8.72160,12.00820,1.20830,12.61220,13.63960,5.38080,8.11630,10.67540,1.20360,12.20130,12.90280,5.12380,7.64100,9.81860,1.13590,11.80450,12.40620,4.89270,7.27630,9.27580,1.09360,11.64300,11.96080,4.77240,7.04710,8.85970,1.07330,11.40870,11.60930,4.67810,6.80000,8.52820,1.07020,11.23000,11.38550,4.59910,6.62050,8.31380,1.08580,11.03530,11.21320,4.57630,6.46720,8.14760,0.97840,11.35300,10.82000,4.45460,6.59670,7.72200,1.04830,13.28150,13.17640,4.60740,7.73560,8.49270,1.23050,14.54020,15.62140,5.00130,8.50080,10.13650,1.44770,15.90450,18.07520,5.51550,9.50390,12.01160,1.76640,17.14740,20.72650,6.06580,10.53340,13.92500,2.03610,18.50400,23.64320,6.66270,11.67770,16.04110,2.42340,19.87160,26.75610,7.41430,12.82190,18.40760,2.88510,21.26260,29.80800,8.29500,14.01380,20.75330,3.33810,22.76560,33.35710,9.22710,15.26580,23.34570,3.82160,24.18960,36.93540,10.16070,16.60680,26.02140,4.41980,25.49180,40.88030,11.23910,17.82890,29.06320,5.04200,27.01450,44.67970,12.38540,19.22980,32.15280,5.72130,28.26100,48.90870,13.54680,20.49870,35.18600,6.47600,29.57840,52.87920,14.93270,21.80600,38.51460,7.30560,30.90450,57.00830,16.38790,23.15040,41.76220,8.16900,32.23410,61.23160,17.86910,24.43990,45.16560
LQ,129.01860,51.31680,144.09840,320.36950,53.61190,123.23000,130.43630,51.33400,144.09840,321.40380,53.83320,123.47780,38.07750,47.08050,144.82970,304.31580,53.64870,124.22640,4.96500,22.73590,97.10580,31.64170,30.16160,107.36270,3.39090,18.53270,45.72590,15.18650,18.57580,59.65710,2.60140,16.27520,29.80010,10.43600,13.81300,35.97350,2.12280,14.75030,22.01140,8.13960,11.15360,23.57600,1.80120,13.61110,17.79930,6.78850,9.56100,16.81620,1.61820,12.84580,15.25550,5.96230,8.49320,13.22730,1.44290,12.21770,13.58380,5.40060,7.74990,11.17440,1.38180,11.71250,12.45140,5.06130,7.13970,9.86020,1.28120,11.26680,11.66240,4.74720,6.71870,8.99440,1.15950,11.02920,11.08750,4.53280,6.45220,8.40840,1.16890,10.69480,10.65660,4.42800,6.16420,7.96750,1.12020,10.50140,10.32840,4.30560,6.03720,7.67020,1.09990,10.31910,10.12740,4.25500,6.08290,7.49570,1.12650,10.09950,10.02480,4.22880,5.95060,7.37120,1.08730,10.37380,9.70620,4.17840,6.13080,7.03860,1.17680,12.04850,11.72230,4.38500,7.09440,7.69350,1.36900,13.33780,13.88340,4.72410,7.69300,9.13870,1.59700,14.44940,16.07080,5.23210,8.36050,10.72240,1.90300,15.63470,18.37890,5.80500,9.20890,12.45140,2.20840,16.76200,20.77470,6.39540,10.11370,14.31520,2.67620,17.98140,23.62480,7.15530,11.10800,16.45720,3.08280,19.33940,26.48570,7.95960,12.22420,18.65330,3.60440,20.64270,29.72940,8.89330,13.41540,21.06640,4.11430,22.01720,33.05330,9.80970,14.75030,23.72270,4.69900,23.34560,36.67170,10.81050,15.93750,26.41000,5.37420,24.60840,40.35140,11.95060,17.10320,29.26280,6.13300,25.91630,43.98300,13.17280,18.29980,32.34260,6.89830,27.37320,47.94870,14.48620,19.61120,35.33980,7.82070,28.60100,51.66600,16.02410,20.82010,38.68700,8.72900,29.87230,55.69420,17.44930,22.11500,41.72640
LQ,117.12690,48.82630,135.36040,281.92160,51.19640,116.50530,117.92610,49.00290,135.79730,284.10410,51.24800,116.28060,49.98650,46.27090,136.75230,255.23580,50.83790,117.24050,6.48790,25.34320,103.69110,35.47510,28.79640,102.18060,4.51840,21.41230,52.17880,18.58560,20.06280,58.99760,3.56610,19.48490,36.46050,13.25280,16.12010,38.55760,3.02750,18.11650,28.75160,10.53200,13.77310,27.72300,2.67440,17.24510,24.21850,9.01970,12.36570,21.30160,2.44270,16.53830,21.43950,7.96490,11.36220,17.58670,2.27910,15.99540,19.58030,7.31820,10.56850,15.33710,2.12110,15.66720,18.27880,6.81770,10.12220,13.92880,2.03610,15.19060,17.32650,6.43330,9.59920,12.92060,2.01240,14.93980,16.60960,6.25420,9.27810,12.24040,1.95500,14.66980,16.16450,6.04280,8.99830,11.83940,1.91640,14.44560,15.77140,5.91880,8.80890,11.48390,1.87290,14.29540,15.41500,5.78230,8.59680,11.17770,1.80290,14.19480,15.18650,5.70780,8.49570,10.95320,1.81620,14.43810,14.74170,5.65160,8.57900,10.63780,1.93820,16.55960,17.42650,5.90510,9.91120,11.95740,2.16040,17.93970,20.40240,6.33640,10.94190,14.05410,2.48660,19.40950,23.53340,6.88360,12.15560,16.34910,2.92140,20.78230,26.67950,7.68830,13.42950,18.81390,3.39850,22.17860,30.08490,8.47640,14.62390,21.38420,3.94930,23.72900,33.59180,9.47500,16.05350,24.09350,4.57830,25.10880,37.37660,10.51330,17.33430,27.06470,5.28870,26.57580,41.23010,11.70230,18.77340,30.19650,6.00130,27.97130,45.23190,12.90990,20.14600,33.48320,6.83480,29.36840,49.41360,14.26120,21.57450,36.87430,7.74790,30.59780,53.60980,15.73380,22.99930,40.48850,8.68480,31.90160,57.78470,17.25410,24.41410,43.89370,9.77710,33.16450,62.01080,18.99050,25.75100,47.59180,10.90240,34.35500,66.09090,20.81770,27.20410,51.12890,12.07610,35.44830,70.43700,22.87430,28.43810,54.66370
LQ,95.99310,49.35880,134.06410,268.46000,47.12610,112.51680,96.44390,49.40760,135.43310,270.45280,47.24790,112.99600,29.37090,46.09370,135.94350,260.05130,47.14130,113.37120,4.18850,22.90310,95.42420,33.32120,28.05480,98.32460,2.89780,19.54040,48.39640,16.28880,19.21990,57.32080,2.22050,17.68690,33.34820,11.33330,15.36520,35.89470,1.89460,16.58530,26.10270,9.03950,13.26400,24.80210,1.63130,15.78540,22.17100,7.77910,11.93880,18.86280,1.49460,15.14720,19.76870,7.02620,11.07160,15.64630,1.36900,14.61630,18.16490,6.54030,10.37670,13.78550,1.27960,14.34030,17.06970,6.15160,9.95590,12.59120,1.19730,13.93680,16.44850,5.88680,9.55010,11.84620,1.20520,13.65060,15.91420,5.72360,9.20620,11.40190,1.14220,13.52540,15.53440,5.52890,9.03230,11.00750,1.09670,13.38000,15.23930,5.47780,8.88380,10.75380,1.07480,13.18020,14.94870,5.42260,8.66280,10.51020,1.06080,13.11760,14.74960,5.38080,8.56380,10.33150,1.05770,13.32370,14.65480,5.34120,8.64250,10.18200,1.14370,15.34130,17.62350,5.57560,9.88050,11.45430,1.32260,16.77940,20.49750,5.93710,10.93590,13.43590,1.62480,18.15390,23.35180,6.39540,11.98710,15.58400,1.95000,19.43460,26.54090,7.06080,13.07250,17.92510,2.35020,20.75000,29.83160,7.81810,14.23570,20.40770,2.78020,22.28300,33.17800,8.71520,15.49340,22.99870,3.25360,23.59830,36.80320,9.52150,16.73170,25.72570,3.76890,25.10210,40.67230,10.40830,18.12590,28.69120,4.38090,26.51180,44.43290,11.58610,19.39450,31.70920,4.99920,27.87310,48.54200,12.89920,20.64800,34.72930,5.74390,29.16820,52.43790,14.17650,21.90270,38.11990,6.54750,30.38710,56.69840,15.65880,23.16260,41.52460,7.37880,31.79480,60.76700,16.93140,24.44640,44.65360,8.28960,32.95890,64.63620,18.57590,25.64830,48.23690,9.27870,34.02310,68.64330,20.18730,26.86250,51.38070
LQ,149.27070,43.15740,122.24700,331.00210,44.89450,103.59850,149.78840,43.41320,122.85980,332.10180,45.16500,103.64480,44.38120,40.56420,123.23000,291.41910,44.26290,103.83030,5.27780,18.23380,81.36470,27.01540,17.74630,83.37700,3.58520,15.47730,34.66330,14.22260,12.25370,39.02360,2.76940,13.96610,22.44150,10.16680,10.03740,23.35780,2.29640,13.13840,16.87370,8.20640,8.71900,15.57160,2.01750,12.40210,13.98560,7.02370,7.80230,11.63910,1.76140,11.84600,12.22660,6.27060,7.17140,9.59460,1.60680,11.57700,11.20350,5.77330,6.72530,8.46550,1.52050,11.25450,10.58480,5.41600,6.49730,7.78690,1.46060,11.04740,10.13650,5.23420,6.33070,7.35860,1.36740,10.83720,9.88110,5.02060,5.89110,7.08320,1.35780,10.72440,9.65030,4.95230,5.91980,6.90080,1.31940,10.57140,9.48370,4.86520,5.95060,6.73760,1.28600,10.47230,9.37650,4.82290,5.94030,6.65310,1.26220,10.46360,9.31310,4.78920,5.96080,6.57380,1.27650,10.64770,9.29010,4.78920,5.85020,6.50930,1.33540,12.00320,11.22620,4.96500,6.62710,7.36870,1.55950,13.07250,13.21270,5.46010,7.18960,8.74560,1.81280,14.16510,15.30450,6.01970,8.06020,10.26110,2.15360,15.23410,17.55000,6.62900,8.99300,11.88310,2.52000,16.44870,20.01580,7.38900,9.96430,13.68810,2.97990,17.59580,22.58680,8.23850,10.99610,15.59230,3.44590,18.85600,25.42700,9.13870,12.06470,17.66960,4.03650,20.07310,28.62350,10.14860,13.29210,20.01060,4.65940,21.36790,31.74310,11.26830,14.47580,22.37790,5.32810,22.56410,35.14760,12.42710,15.46530,24.95030,6.07970,23.87930,38.77350,13.74800,16.57250,27.67230,6.92530,25.20890,42.13390,15.12980,17.66410,30.41320,7.76350,26.32790,46.05030,16.56590,18.70090,33.33020,8.70970,27.53620,49.98650,18.06110,19.85620,36.28060,9.76820,28.59320,53.66010,19.70230,21.25150,39.45250
LQ,88.10660,49.09960,135.21530,242.34110,48.05110,116.50530,88.67840,49.44020,135.94350,243.99060,48.09810,116.61790,37.98240,46.00550,136.31010,231.34320,47.53910,117.18370,3.51630,22.48760,107.36270,31.95570,26.86970,103.18360,2.40770,18.20560,53.20950,14.91670,18.05120,59.75500,1.86620,16.31310,33.83760,10.10320,14.19850,36.62130,1.58720,15.17080,25.19070,7.92020,12.20790,24.65480,1.38820,14.28790,20.68900,6.69400,10.87900,18.25020,1.27650,13.68650,18.17440,5.94850,10.00640,14.85690,1.17520,13.21850,16.57030,5.51330,9.37980,13.03900,1.13120,12.84240,15.42320,5.16050,8.92270,11.79920,1.06390,12.55530,14.67850,4.89060,8.56890,11.01700,1.10920,12.45190,14.29590,4.83350,8.34060,10.59100,1.10610,12.37560,13.94390,4.75980,8.17020,10.19710,1.08890,12.31620,13.83440,4.68230,8.14810,10.05790,1.12020,12.23730,13.84950,4.66560,8.00910,10.02780,1.11710,12.25370,13.73300,4.69280,7.97520,9.94080,1.11240,12.52520,13.64340,4.66150,8.13090,9.80380,1.15950,14.54400,16.35770,4.85040,9.47690,11.10040,1.31940,15.91680,19.07440,5.19300,10.50140,13.02820,1.63460,17.17400,21.86420,5.69880,11.53010,15.16220,1.97860,18.61900,24.87290,6.36700,12.65930,17.54080,2.36410,19.98500,28.13230,7.10050,13.89300,20.03130,2.80360,21.40680,31.45670,7.92540,15.10000,22.58680,3.25930,22.89110,35.03290,8.77900,16.41050,25.40720,3.82750,24.24710,38.95820,9.75930,17.63220,28.43630,4.41980,25.87480,42.76730,10.86750,19.13070,31.51540,5.04850,27.15290,46.87500,11.95400,20.24540,34.73880,5.74610,28.58540,50.81660,13.27460,21.72660,38.07750,6.49500,30.10340,55.00990,14.66670,23.16870,41.53640,7.35350,31.41550,59.17110,16.10480,24.30480,45.07320,8.25460,32.58930,63.39940,17.71120,25.62100,48.79090,9.24430,33.76250,67.59540,19.45390,26.81210,52.01780
LQ,117.18370,46.09370,129.55560,271.45960,48.71450,110.53010,118.61860,46.38960,129.96080,272.72770,49.05120,111.20310,51.57070,43.95870,130.91480,248.20600,48.39700,112.04090,6.19810,24.76520,98.79350,36.99650,27.76020,96.15660,4.22270,20.79850,50.23050,18.73100,19.58590,56.06780,3.27800,18.86090,35.32060,13.01030,15.67940,37.08850,2.78380,17.76920,27.87570,10.27030,13.57540,26.76300,2.42870,16.84890,23.62480,8.67930,12.08410,20.67830,2.18950,16.24570,20.87150,7.63670,11.13840,17.08760,2.03270,15.68340,19.25830,6.94740,10.48390,14.99280,1.91140,15.25780,17.85510,6.44990,9.91120,13.55420,1.79960,14.83130,16.97590,6.06820,9.44980,12.63340,1.70360,14.54400,16.36630,5.76650,9.12420,11.96410,1.68060,14.29910,15.82170,5.59570,8.82430,11.48720,1.62640,14.06530,15.36990,5.44910,8.56890,11.13250,1.61500,14.01010,15.06120,5.35660,8.40550,10.85800,1.58070,13.87110,14.90880,5.25600,8.28850,10.67220,1.57900,14.14290,14.63910,5.24290,8.37550,10.40210,1.71020,16.25410,17.12790,5.53780,9.77220,11.55310,1.95170,17.51880,20.10400,5.97370,10.82530,13.63220,2.32760,18.91940,23.07600,6.57860,11.91640,15.87210,2.69760,20.24010,26.17750,7.26540,13.14190,18.22180,3.17530,21.67580,29.35540,8.12100,14.35530,20.68900,3.69510,23.03540,32.93800,9.00280,15.62660,23.46060,4.36460,24.38830,36.51060,10.02780,16.90120,26.27980,5.05490,25.77160,40.29450,11.22290,18.25260,29.27050,5.80720,27.16760,44.20070,12.39930,19.66200,32.54250,6.58340,28.32240,48.30930,13.72930,21.01550,35.75750,7.48810,29.61900,52.03390,15.22710,22.43480,39.15490,8.43560,30.81890,56.17510,16.79850,23.79780,42.52220,9.53320,32.09880,60.24790,18.53250,25.14210,46.11830,10.59420,33.14570,64.04590,20.32870,26.40550,49.56350,11.84620,34.06200,68.04490,22.34910,27.61810,52.74790
LQ,103.27550,56.36030,157.00260,276.59890,58.04250,133.56570,104.29630,56.34050,157.28500,276.59890,58.22950,133.21170,36.79310,53.48350,158.32790,273.49390,58.22950,134.56570,5.79820,26.04100,120.73750,39.96620,35.08220,122.79830,4.02460,21.05380,58.06570,19.25330,21.48490,72.43370,3.15860,18.52310,36.95570,13.47280,16.03680,43.20080,2.64410,16.74040,27.02240,10.78850,13.03100,28.33210,2.30510,15.65500,21.67870,9.27010,11.27900,20.22390,2.03950,14.73500,18.53250,8.28690,10.07410,15.79230,1.90300,14.06530,16.53540,7.63160,9.21420,13.35140,1.80950,13.55040,15.08940,7.19520,8.56130,11.78240,1.69210,13.00690,14.16120,6.81530,8.03580,10.76960,1.61990,12.68970,13.52820,6.54510,7.70480,10.07300,1.56440,12.36570,12.89920,6.39770,7.40060,9.58280,1.53670,12.09710,12.48620,6.26120,7.13510,9.21570,1.48480,11.89070,12.19920,6.14690,6.95300,8.93250,1.41710,11.74100,11.97770,6.02200,6.80440,8.69580,1.44130,11.96780,11.46420,6.01970,6.80880,8.28420,1.50750,14.09480,13.83060,6.19580,8.07480,9.01690,1.72830,15.39720,16.50930,6.67470,8.88380,10.79790,1.92810,16.84020,19.19350,7.26790,9.96990,12.65100,2.26180,18.26670,22.03410,7.83640,11.08670,14.75360,2.57660,19.70270,25.04100,8.58020,12.24390,17.00260,3.00180,21.12490,28.61600,9.45470,13.48270,19.47410,3.43640,22.76560,32.17000,10.33760,14.82350,22.09100,3.94730,24.29840,35.82600,11.36590,16.15770,24.80210,4.58040,25.96470,39.98870,12.64740,17.66860,28.05870,5.07210,27.41750,44.12370,13.71050,19.04200,31.02440,5.82080,28.85140,48.55660,15.08130,20.41920,34.39160,6.56190,30.57240,52.78070,16.69720,21.93700,37.68840,7.35860,31.95520,57.35770,18.26920,23.38850,41.20670,8.25730,33.34340,61.82500,19.83020,24.77830,44.94150,9.21000,34.69120,66.36490,21.32910,26.28570,48.61500
LQ,93.20270,52.47230,145.65000,241.52400,50.31540,123.97600,94.34250,52.75830,146.22890,243.16330,50.61780,123.29190,35.89470,49.78430,146.22890,226.72360,50.43270,124.03850,4.74510,24.48520,115.27860,29.59630,29.43280,110.99530,3.39280,20.06790,57.57990,15.25550,19.55050,65.01200,2.75680,18.11180,36.95570,10.93730,15.59830,39.83140,2.35890,16.84020,27.62890,8.82070,13.35180,26.81890,2.10410,16.00370,22.78590,7.60070,12.00970,19.93830,1.93150,15.21820,19.88670,6.79580,11.05640,16.19020,1.79290,14.62390,18.16960,6.31990,10.33640,14.12290,1.71840,14.30290,16.83380,6.01970,9.86100,12.75340,1.61820,13.90760,16.06650,5.69430,9.43900,11.93370,1.58720,13.71180,15.36580,5.57560,9.16650,11.33660,1.55140,13.38360,14.97680,5.40940,8.85020,10.92780,1.47510,13.16620,14.59190,5.25380,8.63230,10.60660,1.51240,13.02410,14.35390,5.18430,8.48060,10.38060,1.50100,12.83900,14.17270,5.14750,8.28110,10.22760,1.47350,13.20460,13.77050,5.08930,8.47310,9.91090,1.54970,15.28960,16.21580,5.40500,9.87490,10.82630,1.78130,16.55960,19.12400,5.84130,10.75400,12.77820,1.98030,17.95820,21.85290,6.33400,11.86830,14.86890,2.34150,19.32440,24.92450,7.02620,12.98620,17.15040,2.76040,20.64800,28.20610,7.76870,14.09850,19.64630,3.24620,22.15540,31.62480,8.67650,15.42920,22.23400,3.65260,23.64180,35.13810,9.53900,16.64980,24.82780,4.25300,25.10880,38.93640,10.60660,17.97680,27.79560,4.82930,26.60430,42.80430,11.72560,19.38440,30.93390,5.51330,27.88060,47.04230,12.85990,20.59990,34.27060,6.22150,29.32020,51.03490,14.14970,22.04020,37.46980,7.01390,30.61470,55.34180,15.50140,23.21730,40.96160,7.87300,32.15280,59.55940,16.98480,24.55640,44.25220,8.79280,33.38120,63.72150,18.62910,25.83350,47.80550,9.77120,34.58200,67.78410,20.32870,27.16020,51.17600
LQ,84.99720,51.54140,142.25820,224.74380,53.52010,120.79730,85.84310,51.71510,143.21320,225.28060,53.75930,120.73750,24.43880,46.70320,143.61440,213.98620,53.39200,121.76050,3.04590,20.67480,102.00000,22.01700,27.43230,105.71540,2.00560,16.84020,46.10470,10.73810,16.44020,57.02670,1.48320,14.99430,28.18400,7.40420,12.27340,32.46410,1.23680,13.75150,20.40240,5.85490,10.03460,20.44990,1.03590,12.98970,16.55720,5.03560,8.80370,14.59190,0.89510,12.31290,14.33840,4.50400,7.97520,11.72230,0.81090,11.86190,13.04990,4.18440,7.44690,10.12130,0.74550,11.38700,12.23010,3.89610,6.94410,9.19850,0.72120,11.13840,11.57620,3.76500,6.65320,8.53090,0.67440,10.79550,11.17770,3.60830,6.37750,8.13700,0.63370,10.63300,10.79160,3.53160,6.20820,7.84160,0.57230,10.48680,10.51950,3.43830,6.07870,7.59300,0.57380,10.30190,10.33150,3.42310,5.96080,7.46510,0.56780,10.23890,10.13650,3.41170,5.87060,7.29050,0.53650,10.46360,9.91990,3.34560,5.96080,6.97200,0.59330,12.19480,12.17520,3.47440,6.89960,7.74530,0.73640,13.44370,14.54090,3.80010,7.64340,9.38520,0.96300,14.66600,16.71920,4.24090,8.48320,11.12290,1.17990,15.89620,19.22840,4.68860,9.45520,12.92420,1.49940,17.19170,21.91500,5.29090,10.47810,14.94870,1.79960,18.63340,24.66120,5.89590,11.61150,17.02050,2.15700,19.97470,27.88300,6.59300,12.78450,19.41870,2.59790,21.50720,31.17320,7.42190,14.00280,21.96600,3.03850,22.88510,34.75770,8.21440,15.26180,24.62930,3.56800,24.29200,38.54690,9.15860,16.57680,27.65780,4.11630,25.90930,42.31540,10.18500,17.99070,30.53430,4.79340,27.29960,46.35040,11.32030,19.26460,33.78280,5.40720,28.57760,50.33770,12.37850,20.54660,36.97610,6.19350,30.03720,54.50890,13.71050,22.00000,40.43130,7.04100,31.32810,58.90150,15.05720,23.32110,43.77930
LQ,86.21960,48.38120,134.42200,213.82300,46.02020,114.56390,86.87610,48.20790,134.56570,214.47710,45.96150,114.34550,26.99430,44.61220,135.07050,199.57240,45.78600,115.05790,3.42690,21.99430,102.22590,22.07390,27.53620,103.41380,2.36760,18.50400,51.39650,11.26180,18.44680,60.90790,1.91470,16.90990,33.97500,8.07320,14.85060,37.22200,1.51560,15.76500,25.90000,6.46410,12.74380,25.02150,1.38820,15.00990,22.01700,5.64720,11.59580,18.86770,1.22100,14.42680,19.48420,5.09360,10.76590,15.47250,1.15000,14.06530,17.92510,4.75140,10.23030,13.62100,1.12810,13.67220,17.01600,4.51430,9.73360,12.49320,1.02500,13.34830,16.28450,4.31170,9.38520,11.72560,1.01880,13.34480,15.81750,4.25100,9.27270,11.30080,1.03740,13.01380,15.58820,4.22880,8.98260,11.03620,0.96760,12.79470,15.13790,4.08230,8.71900,10.71920,1.00940,12.75400,15.04910,4.11030,8.62720,10.64090,0.92750,12.60550,14.84890,4.01070,8.52850,10.46690,0.96450,12.95190,14.45500,4.05240,8.70370,10.11230,1.03280,14.85060,17.24500,4.20860,9.95310,11.22620,1.19890,16.27520,20.25000,4.60530,10.98400,13.28560,1.46380,17.50520,23.08790,5.05700,11.91640,15.42320,1.80290,18.95360,26.15700,5.71010,13.15930,17.82250,2.11260,20.23490,29.38640,6.29170,14.24690,20.26570,2.53410,21.78330,32.81430,7.14780,15.50950,22.90390,3.02940,23.24170,36.43040,7.96220,16.80100,25.75240,3.61600,24.58240,40.41990,8.96340,18.06510,28.87270,4.11430,26.09670,44.21360,9.90490,19.38940,31.94720,4.79550,27.47680,48.13570,11.03300,20.62130,34.98530,5.42480,28.70240,51.96960,12.12390,21.88560,38.45030,6.20050,29.98760,56.48100,13.44700,23.09590,41.88160,6.94740,31.39800,60.46670,14.80920,24.37550,45.17890,7.90180,32.60770,64.57020,16.47460,25.68250,48.96770,8.83180,33.79130,68.66740,18.06110,26.86250,52.17880
LQ,149.61550,48.76240,137.27140,430.25460,50.48310,120.02420,149.01300,48.60300,136.82630,427.86810,50.18180,118.90910,35.95380,45.65500,137.19700,382.98810,50.03220,119.25930,4.39520,22.20170,96.52620,28.60100,26.61140,101.64030,2.95430,18.19620,47.74840,13.75920,16.88810,56.33680,2.29990,16.36810,32.16140,9.73860,13.13840,35.00430,1.87790,15.12750,24.42610,7.81550,10.98100,23.71660,1.65590,14.15400,20.39180,6.76180,9.69230,17.76210,1.43160,13.46140,17.79930,6.08900,8.80630,14.48230,1.34180,12.90730,16.44420,5.66960,8.19720,12.74980,1.27800,12.45520,15.34530,5.33910,7.73560,11.62260,1.17990,12.11660,14.47060,5.08930,7.36820,10.76640,1.17520,11.76320,14.02750,4.93950,7.02690,10.31000,1.13280,11.68400,13.65450,4.90550,6.94640,9.95580,1.07020,11.48640,13.27460,4.85670,6.76480,9.68850,1.08420,11.33750,13.08590,4.72620,6.59880,9.48660,1.00480,11.23300,12.91350,4.65520,6.57070,9.30740,1.07950,11.35300,12.65100,4.82930,6.55120,9.13870,1.16260,13.15580,14.86890,5.00130,7.73090,10.19110,1.30190,14.20220,17.46300,5.28440,8.48320,12.01500,1.57580,15.37320,20.06240,5.80720,9.42280,14.01230,1.85620,16.60680,22.68030,6.43090,10.40560,16.01140,2.20330,17.68690,25.45340,7.07080,11.31600,18.21230,2.62630,18.95360,28.49610,7.73750,12.36240,20.59310,3.04590,20.22440,31.63320,8.61870,13.55040,23.11180,3.60060,21.53520,35.17640,9.64150,14.70810,25.87980,4.19250,23.02940,38.74100,10.69730,16.06180,28.72890,4.77450,24.09410,42.19430,11.82600,17.10760,31.61640,5.40280,25.53250,46.14550,12.93850,18.46110,34.64450,6.16090,26.67570,49.77440,14.23800,19.52020,37.74070,6.94000,27.97890,53.60980,15.57160,20.80390,40.88030,7.72970,29.09660,57.54280,17.00260,22.06890,43.99570,8.74010,30.41230,61.68100,18.56140,23.36400,47.47840
LQ,87.57580,52.41900,145.07500,234.97060,54.46750,123.53990,88.10660,52.49010,145.32090,233.81400,54.67520,123.16820,24.13720,46.74820,145.23880,224.03170,54.33600,124.16370,2.68690,19.21990,98.49470,21.02300,26.49050,105.66750,1.78460,15.62260,42.08570,9.90200,15.09610,54.42310,1.33540,13.88570,25.00210,6.82260,11.04430,29.64320,1.08890,12.86970,17.91100,5.40060,9.07950,17.97660,0.93210,12.07440,14.62730,4.67400,7.94380,12.80660,0.83230,11.55510,12.88130,4.23280,7.24890,10.35600,0.73480,11.13840,11.82600,3.92170,6.76700,9.03950,0.71060,10.86700,11.04900,3.77090,6.45650,8.21980,0.66530,10.49260,10.60350,3.59290,6.16630,7.73750,0.57380,10.32490,10.22760,3.47440,6.03100,7.38390,0.61870,10.05710,10.01880,3.42120,5.80140,7.18270,0.58730,9.92790,9.84530,3.38150,5.70230,7.03360,0.57530,9.79720,9.65030,3.35320,5.60410,6.90320,0.54100,9.70880,9.60630,3.28550,5.51260,6.83480,0.54400,9.98680,9.34770,3.30420,5.64810,6.49980,0.59770,11.62410,11.42480,3.43260,6.58370,7.33590,0.74390,12.71000,13.59870,3.69710,7.26720,8.81510,0.92440,13.86020,15.61310,4.18240,8.09670,10.37750,1.18470,15.04900,17.97190,4.63020,8.97480,12.08300,1.41390,16.32160,20.41290,5.17350,9.95310,13.92120,1.72170,17.60040,23.20750,5.78460,11.03230,15.94790,2.09550,18.97810,26.13660,6.48310,12.07440,18.14130,2.52360,20.36110,29.29360,7.28040,13.26050,20.55050,2.91600,21.87990,32.67370,8.05730,14.52510,23.17150,3.43640,23.26610,36.40040,8.97750,15.77720,25.96740,3.99680,24.84400,40.23760,9.97070,17.15630,28.91830,4.60110,26.24360,44.25220,10.95960,18.44680,32.01550,5.28870,27.73770,48.44000,12.17180,19.84080,35.27240,5.96230,29.11250,52.32430,13.41390,21.20190,38.52540,6.77390,30.61470,56.53520,14.71800,22.65870,41.86960
LQ,87.22490,48.22360,133.35310,198.00000,45.99080,112.35780,88.57070,48.09810,134.20710,199.86080,46.00550,112.62300,38.20480,44.30460,133.99270,197.57500,45.72770,112.62300,3.39280,23.03540,104.53060,28.94880,30.92160,101.73000,2.32410,19.06160,55.04470,13.22360,20.48280,65.54810,1.77130,17.08110,36.33050,9.06500,16.04930,41.26530,1.53180,15.89620,27.62890,7.15030,13.57180,28.35440,1.32420,15.03730,22.91570,6.03580,12.11010,20.98500,1.12810,14.20970,19.87130,5.25380,10.96590,16.66650,1.04520,13.72620,18.07990,4.81030,10.21030,14.35010,0.99080,13.23600,16.79410,4.49780,9.60740,12.84930,0.92900,12.92100,15.88050,4.30560,9.24080,11.86630,0.95210,12.65930,15.32490,4.18040,8.86570,11.27150,0.83990,12.40870,14.77340,3.99480,8.59680,10.75380,0.86440,12.31290,14.45110,3.97110,8.45300,10.43290,0.83990,12.11980,14.21500,3.92170,8.20700,10.14250,0.87060,11.99350,13.99700,3.88430,8.08940,10.02480,0.76980,12.33930,13.55050,3.77870,8.21200,9.53900,0.91200,14.41170,16.34050,4.07230,9.51210,10.45150,1.06550,15.62660,19.22340,4.37070,10.28470,12.44440,1.28760,16.89240,22.01140,4.78710,11.27600,14.50180,1.62480,18.30450,24.89860,5.39180,12.43190,16.80290,1.91470,19.64670,28.00730,6.02890,13.58610,19.14880,2.30850,20.95020,31.26460,6.69890,14.75420,21.63960,2.81620,22.38210,34.75770,7.55710,15.98290,24.40720,3.36260,23.94230,38.64380,8.50640,17.30300,27.42030,3.90400,25.13540,42.43690,9.47500,18.50880,30.34080,4.41770,26.48340,46.26830,10.40210,19.77930,33.47420,5.13890,27.81280,50.26110,11.59940,20.92300,36.63140,5.82310,29.15230,54.09910,12.82790,22.37630,39.94370,6.66510,30.51330,58.31090,14.28430,23.54880,43.15090,7.54430,31.71490,62.40590,15.78810,24.68670,46.48760,8.37590,32.73650,65.88660,17.30380,25.81970,49.81970
LQ,97.35600,48.36540,136.75230,251.01840,49.94930,116.05670,98.07040,48.65070,136.97440,254.11340,50.19850,115.38920,37.50100,45.80060,138.39510,252.33630,50.29870,116.33670,3.65260,22.14390,102.58900,31.04920,31.31940,104.76580,2.52180,18.42770,49.83480,13.68070,18.42300,63.44220,1.94490,16.70150,32.90260,9.47210,13.81300,38.33260,1.64440,15.61850,25.26260,7.55960,11.48640,25.53280,1.37700,14.73880,21.09910,6.39060,10.05710,18.61460,1.27170,14.15030,18.75530,5.78460,9.20360,15.01690,1.15630,13.61110,17.10100,5.26690,8.43550,13.02110,1.08580,13.20460,15.92680,4.97140,7.92940,11.70230,1.05140,12.93470,15.28000,4.79550,7.62220,10.97550,0.95060,12.58880,14.79720,4.53700,7.31070,10.43910,0.90440,12.33930,14.21880,4.40750,7.00450,9.91390,0.95370,12.24720,13.95910,4.41770,6.90850,9.66200,0.91200,12.05170,13.75550,4.31780,6.75820,9.49240,0.86900,11.93560,13.61360,4.19450,6.64010,9.31890,0.88900,12.16540,13.25640,4.24490,6.68370,8.98030,0.92280,14.23200,15.98600,4.36260,7.94620,9.96180,1.12330,15.31740,18.60010,4.73880,8.61960,11.76910,1.38340,16.59390,21.30160,5.25170,9.61010,13.80430,1.68380,17.92580,24.27490,5.86180,10.76290,15.90150,1.97360,19.15050,27.34160,6.43330,11.96130,18.09880,2.35710,20.55190,30.73740,7.23020,13.29210,20.64100,2.78380,21.87990,33.98420,8.07320,14.44940,23.11780,3.36450,23.33330,37.85610,9.18140,15.81000,25.94710,3.83140,24.66060,41.56010,10.88970,17.08990,28.75920,4.39520,26.06190,45.59170,11.74230,18.47060,31.94720,5.07210,27.38800,49.30910,16.09630,19.67220,34.84280,5.83220,28.52330,53.57620,20.01580,20.90670,38.40740,6.56190,29.84770,57.71010,23.08200,22.27140,41.57200,7.33080,31.09380,61.94880,25.75910,23.57350,44.99410,8.24120,32.29750,66.06820,28.42140,24.85710,48.29480
LQ,94.82080,51.71510,143.53400,243.78330,49.52180,121.82120,95.54570,51.80240,143.61440,244.61450,49.63640,121.45810,31.32290,48.30230,144.34150,208.71720,49.50540,122.24700,3.93350,21.70960,107.90480,23.26150,24.56940,105.95500,2.69580,17.66860,49.60860,12.33000,16.38080,55.72970,2.11430,15.78950,30.92570,8.72630,12.98970,32.51640,1.74490,14.47580,22.54020,6.97440,11.03830,21.05560,1.48480,13.57540,18.35030,5.96460,9.82760,15.43550,1.37540,12.96560,16.04110,5.36540,9.06370,12.57370,1.25110,12.46180,14.49010,4.96290,8.44050,11.01380,1.19570,12.02910,13.65080,4.64270,8.07230,10.02780,1.17210,11.79500,12.88850,4.52250,7.77370,9.38810,0.99700,11.45210,12.28510,4.27120,7.49340,8.82350,1.02030,11.21770,11.93370,4.18650,7.20330,8.53370,1.02030,11.08070,11.71560,4.14030,7.08990,8.37590,1.01260,10.94490,11.43470,4.09430,6.95970,8.12630,0.95370,10.81040,11.21970,4.06240,6.90630,7.99380,0.96610,10.99300,10.92140,4.02660,6.94190,7.73750,1.08110,12.80150,13.05350,4.20660,8.06750,8.71240,1.16580,13.95510,15.46430,4.49570,8.93050,10.33450,1.44450,15.15110,17.82710,4.96500,9.80550,12.11020,1.73330,16.47420,20.44990,5.54220,10.84020,14.09230,2.06830,17.86580,23.12970,6.19110,11.86830,16.10910,2.42520,19.19010,26.16380,6.92280,13.01720,18.33590,2.78920,20.57850,29.35540,7.62380,14.21340,20.66230,3.28920,22.16700,32.90260,8.55830,15.51750,23.38800,3.82750,23.62320,36.66160,9.48660,16.75770,26.23880,4.30770,25.12880,40.51150,10.45760,18.17740,29.08610,4.98430,26.60430,44.62760,11.59940,19.49500,32.39460,5.62030,28.04720,48.64430,12.75340,20.87420,35.47510,6.45940,29.36840,52.89570,14.15740,22.15540,38.96910,7.30310,30.86160,57.13670,15.53850,23.47470,42.33960,8.09180,32.27030,61.51700,16.97140,24.73240,45.80670
LQ,100.48560,48.73040,134.35030,272.72770,50.04880,113.58650,101.41660,48.71450,134.92590,270.70390,50.38240,114.18210,33.65530,44.16580,135.28780,264.79560,50.08200,114.23650,4.05040,20.47750,89.91340,31.80250,25.55970,96.65000,2.71190,17.23170,41.57200,14.42000,16.16190,52.96150,2.05980,15.61450,27.69400,9.77710,12.37890,31.92160,1.73830,14.61250,21.25220,7.74010,10.45490,21.18640,1.51080,13.81300,17.79460,6.54750,9.20620,15.60890,1.32580,13.23950,15.83420,5.85950,8.36550,12.74980,1.16890,12.73360,14.45110,5.36100,7.52370,11.12930,1.10770,12.34920,13.66570,5.00130,6.84200,10.13950,1.07950,12.09060,12.94930,4.83770,6.46300,9.45470,1.02960,11.81720,12.53860,4.65730,6.32860,9.02260,1.01100,11.66510,12.12050,4.57000,6.20400,8.65720,0.97690,11.46150,11.85290,4.54940,5.87270,8.42740,0.95370,11.34370,11.65910,4.48340,5.73260,8.25730,0.90900,11.20240,11.37570,4.40550,5.63000,8.00700,0.91510,11.45210,11.31700,4.32390,5.71240,7.80770,1.00320,13.23950,13.72180,4.53280,6.68370,8.75120,1.15790,14.46450,16.22440,4.81660,7.42840,10.33450,1.40260,15.56190,18.74560,5.32810,8.35810,12.17180,1.69540,16.84020,21.26310,5.86860,9.68680,14.07320,2.08360,18.26670,24.14340,6.59780,10.94490,16.15170,2.45500,19.52020,27.35590,7.32320,12.02910,18.43160,2.85600,20.95560,30.54240,8.02290,13.38000,20.76930,3.36070,22.53470,34.11320,8.91850,14.66600,23.47270,3.90790,23.84160,37.82460,9.86020,15.98290,26.21150,4.54730,25.17550,41.80990,10.82630,17.12970,29.17810,5.18860,26.71870,45.82020,11.85960,18.52790,32.29940,5.95540,28.01680,49.98650,13.28920,19.79460,35.54300,6.72790,29.39260,54.04820,14.50570,21.22400,38.88200,7.59810,30.75920,58.48150,15.88470,22.54640,42.02550,8.45730,32.00000,62.63640,17.44480,23.79150,45.53810
LQ,95.38380,47.83290,132.50840,264.55460,48.44440,112.72940,96.15660,47.87960,132.57840,266.73840,48.53950,112.99600,31.54900,44.16580,132.78890,251.67580,48.16080,113.37120,3.98290,21.26260,89.36510,30.47770,26.51890,96.77390,2.63870,17.78760,42.76730,14.15350,17.37470,53.66010,1.95840,16.10340,29.07080,9.60330,13.53970,32.56870,1.59700,14.97870,22.40100,7.48550,11.50510,21.68430,1.39780,14.22080,18.88240,6.28940,10.24170,16.13040,1.21470,13.57890,16.74120,5.50890,9.42280,13.19820,1.12020,13.12800,15.32490,5.05060,8.80630,11.58610,1.01570,12.78790,14.45110,4.69070,8.44300,10.52580,0.95830,12.43530,13.80050,4.43000,8.03100,9.86920,0.90280,12.28000,13.36240,4.27930,7.85970,9.40250,0.89670,12.02580,13.03180,4.20460,7.58460,9.14160,0.88740,11.86190,12.74270,4.12030,7.41450,8.89890,0.86140,11.74410,12.55610,4.04450,7.28320,8.77060,0.80630,11.66820,12.42360,3.95920,7.21690,8.60490,0.87210,11.86830,12.32660,3.97700,7.24430,8.44910,0.94290,13.72260,14.70610,4.16440,8.43050,9.51280,1.10450,14.81970,17.28570,4.46490,9.20620,11.32360,1.49130,16.06590,19.75850,5.06350,10.12220,13.16910,1.61010,16.98430,21.97730,5.44690,10.86410,14.85290,1.93150,18.57580,25.22340,6.05890,12.06470,17.15940,2.25670,20.01090,28.68370,6.66990,13.41890,19.68190,2.73880,21.43460,32.19580,7.48300,14.62010,22.35480,3.21820,22.89710,35.85540,8.33000,15.94570,25.09940,3.80990,24.18960,39.80900,9.33040,17.11640,28.18400,4.43410,25.67560,43.40080,10.34990,18.42300,31.14010,5.11730,27.07270,47.60600,11.50030,19.75370,34.30780,5.90050,28.25330,51.57070,12.78530,21.00460,37.67800,6.65310,29.59470,55.74740,14.04650,22.35870,41.05470,7.51100,30.87020,59.93180,15.42730,23.62940,44.25220,8.43830,32.11680,63.98080,16.94470,24.83740,47.77700
LQ,103.69110,52.10050,146.89550,270.95530,54.88400,126.77840,105.09650,52.29480,146.64490,271.96550,55.34380,126.38990,39.13300,47.94190,147.82070,271.71230,54.86500,128.08800,3.96310,23.41920,106.72780,33.24060,34.29620,111.83050,2.65830,18.72990,50.80100,14.94070,20.70160,66.52540,2.04800,16.51260,32.62990,10.16980,15.38120,40.15820,1.67400,15.09610,24.02510,7.86770,12.48850,26.23880,1.45250,14.15030,19.53470,6.63860,10.77180,18.79920,1.32740,13.38710,16.90030,5.85720,9.64570,14.79720,1.16100,12.82870,15.18650,5.34780,8.87340,12.52810,1.12330,12.38550,14.01990,5.05060,8.19960,11.14540,1.02810,11.95170,13.28190,4.78290,7.79750,10.19110,0.93050,11.71880,12.65100,4.57420,7.51210,9.54780,0.93520,11.46460,12.24730,4.45260,7.18960,9.17000,0.93980,11.27600,12.00480,4.35040,6.99780,8.90730,0.92440,11.08070,11.68570,4.27320,6.79120,8.62690,0.86290,10.98700,11.55310,4.18440,6.70560,8.41110,0.86140,11.21770,11.16480,4.17640,6.78460,8.07320,0.93210,13.25350,13.56530,4.37070,7.96560,8.89610,1.10140,14.49480,16.08780,4.73040,8.80120,10.60660,1.35140,15.73230,18.65330,5.21030,9.68960,12.58420,1.64120,17.14300,21.31260,5.80270,10.84910,14.63520,2.00060,18.54700,24.26240,6.50930,11.95810,16.82060,2.31550,19.95920,27.45610,7.21020,13.20110,19.15870,2.78380,21.34560,30.86820,8.01760,14.42300,21.77970,3.26300,22.90910,34.30780,8.91290,15.80180,24.43250,3.75140,24.18960,38.20480,9.84240,17.07230,27.40600,4.38710,25.72360,42.07370,10.90870,18.44680,30.52620,5.03990,27.27020,46.22730,12.08980,19.91280,33.88330,5.75070,28.59320,50.10830,13.35510,21.21840,36.99650,6.48550,29.92990,54.40600,14.63120,22.67060,40.48850,7.31320,31.45050,58.59560,16.07080,24.03070,43.94470,8.23050,32.70880,62.93150,17.61430,25.39710,47.52090
LQ,123.72650,49.26130,139.38190,309.06800,49.99900,117.81140,124.91940,49.75130,140.14930,311.00780,50.51670,117.92610,59.95150,46.31540,140.92400,304.31580,49.98250,118.85090,5.80270,23.16260,98.36710,45.99600,27.62550,98.57990,4.09430,19.37440,45.41800,20.57180,18.37070,55.30670,3.26670,17.64130,30.77000,14.03510,14.24690,34.97580,2.81080,16.55540,23.88270,10.98830,11.97740,24.21850,2.49010,15.84280,20.13520,9.25860,10.73920,18.19800,2.29990,15.26180,17.92510,8.24930,9.77220,14.96480,2.12280,14.78110,16.49190,7.49830,9.12950,13.07510,2.05980,14.35530,15.57990,7.01630,8.63480,11.95400,1.97020,14.12440,14.80920,6.64340,8.30830,11.17120,1.86950,13.93680,14.33460,6.39060,8.01880,10.62530,1.86950,13.72620,14.00840,6.25190,7.92940,10.25810,1.82780,13.59330,13.74800,6.12840,7.97520,10.00980,1.82280,13.48630,13.59500,6.01280,7.68350,9.83050,1.77960,13.44020,13.44700,5.96230,7.61750,9.71800,1.80950,13.58250,13.30390,5.91880,7.55180,9.53900,1.86450,15.67130,15.81330,6.15160,8.99830,10.61290,2.14330,16.94490,18.68240,6.60020,9.74460,12.58420,2.46900,18.34230,21.51710,7.23530,10.71260,14.65090,2.84520,19.70780,24.48310,7.94910,11.83320,16.94030,3.37200,21.22950,27.83920,8.89050,13.53610,19.44890,3.86270,22.52880,31.10700,9.77410,14.70430,21.93760,4.44440,23.95490,34.80490,10.82000,15.80180,24.66120,5.12590,25.34990,38.61140,12.00820,17.04140,27.66500,5.86400,26.86250,42.52220,13.22730,18.45630,30.77820,6.65790,28.24560,46.72230,14.57620,20.31370,34.03020,7.53920,29.55410,50.78550,16.10480,21.91990,37.33530,8.46820,30.86160,55.25420,17.57750,23.32720,40.89190,9.53320,32.23410,59.50100,19.35340,24.29200,44.27790,10.69100,33.39070,63.50650,21.11540,25.35660,47.97740,11.88310,34.50280,67.87880,23.06410,26.78330,51.39650
LQ,96.23860,51.43750,141.94230,238.30530,47.27840,119.84690,96.98120,51.87230,142.17910,239.90480,47.47760,119.31790,39.49680,48.53950,143.29330,218.98940,47.17170,120.14260,4.25700,23.05360,102.86270,29.72150,27.50640,101.37190,2.99820,18.74920,48.44000,14.75760,19.02720,58.19760,2.33980,16.79240,31.78550,10.20020,15.18270,35.47510,1.99380,15.56590,24.04370,8.02020,13.01720,23.70430,1.73000,14.62010,19.94860,6.77640,11.65560,17.38100,1.54970,13.91850,17.50870,6.03580,10.72140,14.10760,1.46220,13.51470,16.09630,5.59570,10.09950,12.26450,1.33380,13.11410,15.10960,5.19950,9.68410,11.13900,1.28280,12.71000,14.38500,4.94370,9.22480,10.36220,1.17680,12.52520,13.79300,4.74510,8.95650,9.81270,1.18940,12.22100,13.48760,4.64900,8.62980,9.49240,1.19890,12.12960,13.22000,4.57830,8.48320,9.28730,1.22730,12.02910,13.06790,4.61980,8.36550,9.16430,1.24310,11.88110,12.87780,4.56800,8.17750,9.03390,1.14690,12.08090,12.64740,4.46080,8.26870,8.74010,1.17520,13.96610,15.21890,4.59280,9.46330,9.96480,1.43640,15.19450,17.87840,4.95230,10.33350,11.91350,1.69870,16.58110,20.69440,5.44690,11.46770,14.00460,1.98200,17.93970,23.47880,6.04510,12.51510,16.04530,2.30510,19.32440,26.42370,6.69890,13.64340,18.22650,2.72450,20.58920,29.69800,7.40670,14.69660,20.71040,3.13640,22.13810,33.21370,8.20640,15.97470,23.24950,3.65450,23.64800,36.93540,9.15290,17.20500,26.04850,4.28740,25.18890,40.95000,10.20320,18.62380,29.07850,4.82290,26.73300,44.91520,11.20030,19.92310,32.05830,5.44470,28.07000,49.05650,12.30580,21.08660,35.20520,6.19350,29.45710,53.35910,13.54680,22.39970,38.69780,6.98920,30.90450,57.63570,14.94870,23.78520,41.89360,7.93850,32.45210,62.09370,16.51800,25.03560,45.57830,8.87090,33.67620,66.29620,18.03290,26.26460,49.02690
LQ,93.71090,52.01250,144.09840,243.99060,50.80390,123.41580,94.18400,52.01250,143.37340,242.13630,50.99110,122.61410,43.75400,47.63160,144.50390,243.36960,50.94000,123.72650,3.85880,23.39470,108.40150,33.31220,33.02410,109.20430,2.68150,18.63820,54.21810,14.66670,20.26110,67.64250,2.13650,16.67560,34.32640,10.03380,15.27370,41.25360,1.81780,15.36520,25.31510,7.85470,12.70660,27.24900,1.61820,14.33660,20.53460,6.68680,11.04130,19.70740,1.44130,13.64340,17.74820,5.91880,9.98680,15.57580,1.30830,13.08640,15.94370,5.41380,9.29140,13.25640,1.24000,12.61900,14.76550,5.07420,8.63990,11.76240,1.24630,12.28000,13.97050,4.86100,8.20460,10.87700,1.21780,11.97740,13.38080,4.70950,7.87650,10.27030,1.12810,11.76640,12.98510,4.52660,7.66930,9.80670,1.14690,11.60530,12.64390,4.44440,7.44460,9.50700,1.12330,11.45830,12.37150,4.39730,7.26720,9.26430,1.11710,11.27900,12.18550,4.34630,7.09900,9.11600,1.08420,11.58960,11.88990,4.28940,7.27400,8.71520,1.15000,13.58610,14.21880,4.52460,8.41550,9.43150,1.36740,14.84280,16.88260,4.92460,9.19560,11.27480,1.59540,16.19120,19.45390,5.43800,10.24460,13.28560,1.90130,17.41060,22.17100,5.99670,11.33750,15.31260,2.24290,18.86090,25.09940,6.71340,12.44520,17.57750,2.67800,20.15650,28.33210,7.48550,13.56470,20.01060,3.10120,21.70400,31.65850,8.31380,14.80810,22.57520,3.61600,23.09590,35.33020,9.20420,16.05760,25.33480,4.13830,24.55640,39.05640,10.20930,17.32990,28.24310,4.74930,26.13860,42.82890,11.34640,18.73950,31.26460,5.42920,27.46940,47.08430,12.48620,19.97470,34.51310,6.09360,28.92230,51.06620,13.72180,21.34010,37.92970,6.90080,30.16160,55.13190,15.10150,22.59360,41.20670,7.80250,31.61760,59.52040,16.74560,23.93600,44.73190,8.75950,32.95890,63.63540,18.35980,25.18890,48.32380
LQ,111.04720,52.47230,147.39890,245.66090,54.94120,124.47770,112.46370,52.52580,147.06300,249.49680,55.03660,124.28910,36.29060,49.34250,147.99000,236.13780,54.77000,124.98280,4.51430,22.14390,108.05340,27.48480,27.23350,108.45140,3.11970,17.78760,48.42540,13.92120,16.71440,57.82210,2.39900,15.62260,29.92630,9.95880,12.52520,33.79190,2.01920,14.15030,21.52270,8.05730,10.21890,21.57830,1.72340,13.14530,17.20440,6.95720,8.81150,15.32080,1.53670,12.37890,14.68640,6.25890,7.87650,12.08640,1.42350,11.81720,13.27460,5.81630,7.23290,10.36520,1.29870,11.41490,12.19570,5.47340,6.81100,9.23850,1.26850,10.95390,11.56960,5.25170,6.40520,8.56380,1.18780,10.65360,11.09390,5.03770,6.16210,8.10510,1.18620,10.38830,10.70040,4.94160,5.93210,7.76870,1.15000,10.12220,10.37440,4.84410,5.74060,7.51100,1.12960,9.92790,10.13650,4.82930,5.60810,7.34340,1.14060,9.75840,9.95280,4.81450,5.45520,7.20270,1.10920,10.00080,9.65030,4.73250,5.55620,6.90810,1.11860,11.65250,11.53000,4.86730,6.61190,7.56480,1.30510,12.72350,13.61360,5.18860,7.31530,8.99440,1.50590,13.77680,15.77560,5.65160,8.07230,10.55990,1.82450,14.86610,18.00940,6.24720,8.94870,12.23010,2.09720,16.04930,20.39710,6.90810,9.86930,14.01610,2.52000,17.15180,23.21950,7.64190,10.80150,16.04110,2.87420,18.45630,26.01460,8.39760,11.86830,18.11290,3.30050,19.76910,29.05550,9.31890,13.06560,20.35500,3.84900,21.02640,32.30800,10.40210,14.12440,22.80950,4.34630,22.44650,35.72810,11.46420,15.36920,25.30200,4.95230,23.72270,39.39720,12.52810,16.52120,28.06610,5.66510,24.86370,42.94000,13.77050,17.62760,30.88460,6.36470,26.22250,46.86110,15.01690,18.90960,33.87420,7.13780,27.54360,50.56860,16.39660,20.08350,36.68180,7.95700,28.65550,54.44030,17.85970,21.25150,39.68600
LQ,105.47660,53.92580,146.06310,264.55460,54.31730,123.53990,106.24370,54.22370,146.39510,266.25020,54.67520,122.92140,38.37540,50.09860,147.14680,254.11340,54.35480,123.41580,5.03990,24.68670,101.90990,31.86190,32.82890,108.15270,3.51820,20.20870,49.57850,15.87210,20.95560,63.87260,2.71370,17.89810,32.96450,11.01700,15.87570,39.34200,2.29810,16.29200,24.76360,8.62420,12.98970,26.35510,1.97360,15.26180,20.37600,7.29050,11.24830,19.21340,1.79790,14.50230,17.64190,6.46410,10.08820,15.24740,1.71020,13.86020,15.95640,5.89140,9.27010,13.02110,1.56760,13.45790,14.70220,5.56450,8.72410,11.56630,1.49620,12.90040,13.91360,5.26470,8.20950,10.65660,1.39620,12.54190,13.28920,4.98850,7.81180,9.99170,1.34980,12.24720,12.71800,4.88850,7.52140,9.52450,1.32900,11.97420,12.37500,4.78920,7.27860,9.16150,1.29080,11.84280,12.10340,4.70530,7.07640,8.89890,1.36580,11.66510,11.89330,4.68020,6.90630,8.70140,1.22260,11.84910,11.58610,4.55970,6.98660,8.33540,1.37540,13.90760,14.08470,4.77870,8.17020,9.29880,1.46710,15.33730,16.67530,5.05920,9.13480,10.97230,1.74160,16.64980,19.36840,5.56890,10.12780,12.93490,2.04800,18.04650,22.18820,6.20280,11.24530,15.01690,2.43570,19.46980,25.15150,6.91550,12.34590,17.30380,2.90140,20.90670,28.46620,7.68310,13.63270,19.77390,3.34190,22.54050,31.94720,8.55010,14.90870,22.37790,3.86660,23.84790,35.51390,9.50990,16.20380,25.09290,4.46280,25.49180,39.43040,10.52580,17.61400,28.19130,5.08500,26.89140,43.40080,11.54980,18.89500,31.34790,5.76870,28.40720,47.56340,12.87780,20.39270,34.58810,6.59060,29.90520,51.80950,14.12290,21.81730,38.04580,7.40160,31.45050,56.31880,15.55920,23.24170,41.52460,8.28150,32.86600,60.70680,17.09210,24.61490,45.11280,9.35920,34.16900,64.94540,18.75530,25.97160,48.74690
LQ,95.58620,48.98680,133.77890,274.26410,47.21740,114.34550,95.99310,48.92250,134.13550,274.26410,47.27840,114.18210,27.79560,44.95130,135.28780,267.47370,47.17170,115.11300,3.61020,22.98720,94.78080,33.48320,30.62320,101.95490,2.50950,19.39950,49.10090,15.72120,20.37160,62.23910,1.88290,17.50070,33.86500,10.69420,16.06180,38.94730,1.52540,16.31730,26.49260,8.32460,13.69010,26.90990,1.34980,15.46130,22.46470,7.08070,12.24720,20.28670,1.15950,14.71580,19.80970,6.28000,11.24220,16.57470,1.10770,14.19480,18.17910,5.78680,10.51010,14.44330,1.00790,13.71540,16.94030,5.40940,9.86930,13.00670,0.91200,13.41180,16.07930,5.14750,9.46870,12.04550,0.90440,13.14530,15.46020,4.96080,9.14270,11.45100,0.85060,12.92100,15.05310,4.85040,8.88640,11.00430,0.81550,12.70320,14.66270,4.74090,8.66280,10.63780,0.79870,12.55860,14.40050,4.67190,8.46310,10.36520,0.75310,12.51510,14.12670,4.57210,8.37300,10.14560,0.76670,12.71330,13.92880,4.53900,8.40300,9.81560,0.83990,14.85450,16.93580,4.68650,9.72260,10.90870,1.03900,16.22470,19.77390,5.05280,10.60660,12.89200,1.31620,17.53690,22.72720,5.52660,11.68720,15.08940,1.64280,18.95360,25.76580,6.09820,12.91410,17.45390,1.97860,20.30840,29.00970,6.74480,14.08740,19.91760,2.42870,21.78890,32.39460,7.59300,15.29750,22.55770,2.92690,23.21730,36.00310,8.41930,16.61110,25.42700,3.40980,24.68010,39.84260,9.34770,18.00930,28.40650,4.03450,26.06190,43.70330,10.39600,19.27950,31.52380,4.63230,27.55100,47.66290,11.53990,20.63730,34.70100,5.32810,28.71800,51.71380,12.71090,21.93130,38.20480,6.04280,30.13660,55.80060,13.99700,23.31500,41.48910,6.86160,31.37180,59.99090,15.35760,24.45930,44.88900,7.77390,32.65360,63.85100,16.93140,25.77840,48.51280,8.68480,33.77210,67.94990,18.57110,27.00000,51.85750
LQ,100.92720,52.15340,143.53400,259.58550,53.68550,120.97690,101.81990,52.49010,144.17930,259.35310,54.11170,120.97690,34.03020,47.32430,144.01750,247.56520,53.37380,121.57890,3.91970,20.72850,92.73760,27.85380,27.57330,101.19360,2.72450,17.03700,40.91510,13.43230,16.55960,53.89580,2.10410,15.24590,25.96060,9.25000,12.28660,31.18150,1.76470,14.16510,19.29330,7.33080,10.13630,19.88670,1.55140,13.37300,16.04950,6.30580,8.85790,14.42380,1.35620,12.74380,14.07700,5.58680,7.98010,11.65240,1.23520,12.29320,12.95640,5.12590,7.47480,10.13650,1.22890,11.89390,12.18200,4.89490,6.99330,9.30450,1.13750,11.62410,11.67570,4.66150,6.74500,8.67650,1.09200,11.42110,11.35940,4.47520,6.52320,8.31110,1.09050,11.23300,11.02340,4.42800,6.32010,7.99910,1.12180,11.11410,10.92780,4.40950,6.24400,7.93070,1.06860,10.93890,10.67220,4.29960,6.12030,7.70640,1.03120,10.92090,10.51640,4.28940,6.07250,7.61100,1.01880,11.03230,10.42370,4.20860,6.06000,7.43970,1.13750,12.90730,12.78530,4.42180,7.18050,8.37590,1.26530,14.06530,15.17030,4.70950,7.91490,10.02480,1.50750,15.24200,17.47670,5.17560,8.79090,11.71900,1.78130,16.49980,19.91760,5.75290,9.78330,13.64340,2.07680,17.81510,22.67440,6.34580,10.83720,15.60890,2.50240,19.16530,25.51950,7.12040,11.85550,17.81320,2.93600,20.50930,28.71390,7.90970,13.05870,20.14560,3.39660,21.95990,32.24750,8.72900,14.26930,22.72720,3.89410,23.50550,35.75750,9.67970,15.54980,25.28890,4.54520,24.83740,39.67480,10.73500,16.84890,28.39910,5.16700,26.28570,43.32570,11.83940,18.19150,31.28960,5.98750,27.67030,47.36530,13.13650,19.46980,34.53180,6.69650,28.93020,51.30180,14.34620,20.72850,37.62580,7.58530,30.38710,55.57050,15.81330,22.21910,41.06640,8.51450,31.64410,59.87270,17.27670,23.51170,44.45880
LQ,110.53010,50.28190,139.30560,268.46000,52.40120,118.96730,111.20310,50.48310,139.45830,270.45280,52.56150,118.79270,43.01430,47.11090,140.38100,238.30530,52.15340,119.43510,5.51550,24.12590,102.00000,30.69660,28.10050,101.90990,3.93350,20.63730,49.72910,16.36630,19.20500,57.04500,3.18280,18.87550,34.38230,11.83610,15.40920,36.65150,2.73880,17.67320,27.08590,9.56820,13.22900,26.10950,2.46200,16.84020,22.93940,8.27880,11.87150,20.08840,2.31550,16.29200,20.38130,7.44990,10.94790,16.75880,2.14330,15.73640,18.83340,6.91300,10.22170,14.75360,2.04800,15.38520,17.56380,6.49740,9.73080,13.46540,2.01070,15.14330,16.90470,6.24250,9.36370,12.71090,1.99210,14.76960,16.40090,6.04050,9.05320,12.18200,1.88120,14.55160,15.85940,5.81180,8.85270,11.67900,1.86120,14.43430,15.63380,5.74840,8.64250,11.45760,1.81120,14.27300,15.37400,5.65610,8.49070,11.23260,1.78300,14.05790,15.20680,5.54000,8.36550,11.07790,1.74980,14.37410,14.75760,5.55560,8.45550,10.68790,1.86120,16.42740,17.48590,5.76650,9.79440,11.93370,2.11770,17.93050,20.40770,6.22610,10.87600,13.94390,2.41820,19.39450,23.46060,6.81280,11.99680,16.27590,2.84340,20.71240,26.62400,7.57760,13.22200,18.70670,3.30990,22.09770,29.91840,8.34620,14.41550,21.29060,3.81570,23.54880,33.59180,9.28150,15.84280,24.16220,4.46900,25.02900,37.31470,10.30080,17.14300,27.13540,5.13460,26.37020,41.12480,11.45760,18.51350,30.15660,5.84810,27.86550,45.16560,12.64040,19.89730,33.42910,6.61700,29.18420,49.42860,13.95530,21.33460,36.72220,7.52890,30.56400,53.55950,15.38220,22.76560,40.37420,8.40570,32.02690,57.65430,16.87810,24.16410,43.62740,9.49530,33.15510,61.94880,18.54210,25.51900,47.43600,10.55370,34.38450,65.95460,20.31820,26.92750,50.92560,11.75570,35.39710,70.11240,22.27420,28.21500,54.49170
LQ,91.17620,48.68260,132.15910,246.29270,46.89880,113.47870,91.78040,48.61890,132.08950,246.29270,46.88370,112.99600,23.38200,42.91700,132.50840,232.47760,46.44910,113.80250,2.47600,18.55180,83.37700,22.75070,24.58240,93.75020,1.66250,15.63070,37.88760,10.84530,15.73640,49.75930,1.18620,14.19850,24.93090,7.27040,12.19810,29.13980,0.99550,13.27450,19.20850,5.76650,10.38250,18.86280,0.77280,12.55860,16.19440,4.82720,9.30210,13.99700,0.65180,12.07760,14.50960,4.35650,8.60690,11.61590,0.66380,11.77590,13.54300,4.14830,8.16770,10.38370,0.56190,11.45210,12.88850,3.84700,7.75940,9.55360,0.58130,11.31900,12.45490,3.78840,7.60340,9.13300,0.53200,11.07160,11.99460,3.63520,7.29010,8.68200,0.48900,10.93890,11.83610,3.54500,7.15550,8.52270,0.50830,10.92090,11.69230,3.48960,7.11700,8.39760,0.48300,10.79850,11.62920,3.50300,7.02020,8.33000,0.49190,10.63010,11.52010,3.43830,6.82430,8.20910,0.44310,10.96900,11.46090,3.40600,7.04940,7.99910,0.58880,12.86970,14.09610,3.64300,8.12600,9.12730,0.67290,13.98810,16.50930,3.88820,8.88900,10.82320,0.90900,15.38520,19.08930,4.37690,9.96150,12.77460,1.13590,16.61970,21.66200,4.81450,10.93590,14.72190,1.53830,18.02320,24.69950,5.54000,12.11010,17.02050,1.88960,19.45470,27.96340,6.17720,13.30610,19.42370,2.24800,20.73390,31.00790,6.83720,14.41550,21.91500,2.82710,22.23650,34.60690,7.74270,15.74460,24.73790,3.23870,23.63560,38.20480,8.55010,16.97990,27.49920,3.87650,25.09550,42.20640,9.53610,18.34230,30.70480,4.49160,26.69720,46.22730,10.61600,19.74860,33.87420,5.10440,27.95620,50.06260,11.70900,20.96100,37.05780,5.80950,29.26410,54.16710,12.89200,22.25970,40.41990,6.63140,30.57240,58.36770,14.24960,23.64180,43.85550,7.49320,31.91950,62.34330,15.79650,24.88350,47.45010
LQ,101.10470,53.57520,146.72840,283.82960,55.26680,124.22640,102.00000,53.83320,147.31480,287.71840,55.22830,124.35190,35.21480,47.75540,146.97920,282.19270,55.01750,124.47770,4.16440,21.85710,91.97060,35.04250,32.19790,107.02010,2.87600,17.76460,41.82180,15.67120,18.50400,60.58660,2.17240,15.63470,26.82590,10.61910,13.28500,35.04250,1.83780,14.38160,19.91250,8.30030,10.69780,22.30300,1.62480,13.46500,16.35340,7.08320,9.10580,15.72540,1.42680,12.76410,14.29200,6.36940,8.12110,12.36460,1.34020,12.25050,12.98870,5.90050,7.47710,10.57860,1.19890,11.80130,12.05910,5.50220,7.00000,9.44890,1.19100,11.48330,11.52010,5.36540,6.60530,8.75400,1.13590,11.24530,11.02340,5.21250,6.37530,8.20640,1.12960,10.98700,10.75380,5.10220,6.12240,7.94380,1.09990,10.77770,10.54130,4.98850,5.97940,7.72200,1.08110,10.62420,10.27030,4.93100,5.81560,7.49570,1.08730,10.49850,10.09710,4.89270,5.69830,7.37120,1.00010,10.64770,10.05190,4.76610,5.78110,7.14530,1.09670,12.57200,12.36460,4.96080,6.85080,8.01500,1.26690,13.84570,14.71800,5.28870,7.66230,9.65610,1.51890,14.98650,17.03390,5.78460,8.46560,11.35940,1.77300,16.22890,19.52460,6.35990,9.41750,13.14010,2.03780,17.57770,22.17670,6.98180,10.48100,15.08130,2.46720,18.87060,25.04100,7.79990,11.49570,17.21790,2.84700,20.23490,28.16920,8.51180,12.66610,19.58030,3.30420,21.74930,31.48180,9.41990,13.92950,22.06250,3.82550,23.09590,34.94720,10.42680,15.12360,24.70590,4.39520,24.62140,38.75180,11.47070,16.49550,27.65060,5.10440,26.00630,42.69360,12.40270,17.70510,30.63160,5.73490,27.56590,46.62550,13.87960,19.16530,33.72810,6.52840,28.85930,50.64590,15.31260,20.44560,36.96590,7.39150,30.37870,54.92310,16.50500,21.84010,40.37420,8.21980,31.61760,59.19050,17.17290,23.16260,43.76660
LQ,89.32880,46.89880,132.15910,215.63070,45.36590,111.30730,90.35580,46.98950,132.57840,215.96230,45.51010,111.04720,37.10900,45.23660,132.85920,180.25390,45.36590,111.67310,5.20170,27.13830,113.21020,26.27290,28.55430,103.09170,3.59100,22.65280,65.86400,14.11520,20.39270,65.12310,2.82710,20.58390,45.72590,10.37140,16.97990,42.70590,2.39900,19.30450,36.00310,8.51180,14.98260,30.99150,2.12960,18.41350,30.46150,7.45500,13.74060,24.08730,1.96180,17.72800,27.19220,6.69890,12.84240,20.01060,1.82120,17.13850,24.93740,6.22850,12.13610,17.62810,1.66410,16.79240,23.45450,5.86180,11.70610,16.05380,1.62970,16.39350,22.32600,5.62250,11.23000,15.06120,1.52050,16.12840,21.53930,5.38520,10.96590,14.32680,1.50430,15.87570,20.90930,5.29310,10.58610,13.84190,1.51240,15.60230,20.38660,5.16700,10.35080,13.50970,1.46220,15.42920,20.04690,5.06780,10.21320,13.17280,1.37700,15.34130,19.75850,4.98000,10.05150,12.90990,1.38660,15.59420,19.01520,4.99710,10.09950,12.50370,1.45420,17.66860,21.79090,5.19300,11.74730,13.97050,1.72170,19.00270,25.27580,5.64940,12.81170,16.46150,2.03270,20.32420,28.83480,6.25650,13.93320,19.00040,2.37630,21.80600,32.32530,7.01880,15.22220,21.62850,2.81990,23.15650,36.09200,7.81290,16.44440,24.41350,3.29110,24.65400,39.97750,8.72350,17.80600,27.39880,3.84310,26.04100,44.00850,9.72680,19.06160,30.45350,4.44230,27.47680,48.29480,10.82950,20.39270,33.63710,5.07640,28.71020,52.35670,12.00140,21.59690,36.97610,5.85270,30.12000,56.64390,13.39550,22.98720,40.29450,6.72550,31.35430,60.84740,14.90080,24.10050,43.55170,7.56730,32.61680,64.68020,16.51370,25.28940,46.97250,8.48180,33.66670,69.12770,18.08930,26.50470,50.36840,9.48080,34.70120,73.30460,19.94860,27.68530,53.59300,10.58480,35.84020,77.27220,21.83030,28.67890,56.93520
LQ,97.06420,48.84240,133.28230,274.00690,45.71320,112.35780,97.98590,48.69850,133.28230,278.70550,45.45240,112.30480,34.85230,45.99080,134.20710,260.05130,45.22230,112.56990,4.31580,24.10050,100.09090,37.23220,28.52330,98.45210,2.90140,20.01090,51.23880,17.60510,20.11480,59.11320,2.26180,18.12120,35.47510,12.04210,16.31730,37.78260,1.82450,16.90550,27.65780,9.36210,14.11700,26.41000,1.65100,15.96230,23.40610,7.92800,12.71330,20.09880,1.42030,15.29750,20.67830,7.02870,11.78540,16.55290,1.28440,14.76570,18.88730,6.43090,11.10190,14.41220,1.25110,14.37030,17.91570,6.15390,10.63010,13.28920,1.21940,14.06900,16.96700,5.83220,10.17610,12.32660,1.14370,13.78760,16.40960,5.67180,9.89440,11.77240,1.05300,13.48980,15.76720,5.51780,9.52020,11.23590,1.07950,13.41180,15.53440,5.53550,9.37710,11.03620,1.05770,13.27800,15.22710,5.42260,9.19300,10.78850,1.00010,13.16620,15.05720,5.29530,9.10840,10.59730,1.02500,13.42250,14.76550,5.39180,9.20090,10.28860,1.12810,15.42920,17.72040,5.58680,10.41140,11.58280,1.25420,16.85320,20.65700,5.87090,11.48010,13.59130,1.57580,18.24790,23.64320,6.34340,12.54860,15.74210,1.93150,19.62140,26.79100,7.02370,13.71900,18.13650,2.31370,21.03740,30.06110,7.77130,14.90480,20.61970,2.69940,22.38210,33.55560,8.62970,16.05760,23.21350,3.25740,23.94860,37.21170,9.61210,17.43310,26.18430,3.75920,25.37690,41.14810,10.70670,18.80250,29.19350,4.40950,26.92750,44.99410,11.94390,20.02640,32.33400,4.99070,28.18440,49.08610,13.15460,21.26810,35.41710,5.83450,29.66790,53.40910,14.47060,22.71800,39.04550,6.60020,30.89590,57.41310,15.81330,23.86670,42.20640,7.36870,32.14380,61.61940,17.22250,25.07550,45.60510,8.27610,33.42860,65.50320,18.75530,26.41260,49.24950,9.34190,34.47320,69.88900,20.16120,27.56590,52.53550
LQ,103.96970,47.14130,130.43630,275.03830,45.68410,111.67310,104.20280,47.08050,131.18960,282.19270,45.59700,111.67310,31.21470,43.94490,131.39630,244.82320,45.26530,111.93560,3.59680,20.45620,95.26270,25.52610,22.78350,93.39760,2.34150,16.76200,44.84960,12.48620,15.61450,49.66880,1.72340,14.85830,29.02500,8.56650,12.32280,30.00550,1.36740,13.62190,21.60060,6.77640,10.45780,19.82000,1.15320,12.77430,17.66500,5.70110,9.33950,14.59190,0.96300,12.13280,15.33710,5.08930,8.53100,11.87310,0.89510,11.63040,13.91360,4.65520,7.96070,10.39600,0.83690,11.17800,12.98510,4.35240,7.47950,9.48370,0.74390,10.94790,12.19920,4.08630,7.19410,8.75950,0.67890,10.68010,11.77580,3.88630,6.95300,8.31920,0.69550,10.44040,11.36920,3.80790,6.73840,8.05730,0.66230,10.27320,11.11000,3.69900,6.59450,7.82330,0.62170,10.05430,10.88010,3.61600,6.40090,7.66250,0.59030,9.93630,10.68160,3.52590,6.31580,7.51610,0.56040,10.11930,10.33450,3.48580,6.33280,7.26540,0.64280,11.82680,12.40620,3.70480,7.42600,8.09710,0.83230,12.87990,14.67850,4.00270,8.06020,9.68560,1.08110,13.99910,17.06520,4.53900,8.94610,11.43790,1.29230,15.15900,19.46910,5.08280,9.84710,13.22730,1.66900,16.41470,22.11950,5.73030,10.88200,15.20270,2.00730,17.72800,24.84710,6.41670,11.95170,17.28570,2.41990,19.08630,28.01470,7.15780,13.03100,19.61580,2.87240,20.32420,31.27290,8.02020,14.18740,22.10810,3.41550,21.72100,34.54120,8.92690,15.28560,24.62930,3.97900,23.01130,38.17290,9.92290,16.45300,27.47770,4.52870,24.43350,41.78600,10.84210,17.72340,30.32470,5.20600,25.73040,45.71250,11.89330,19.04200,33.35710,5.93480,27.05090,49.54850,12.92780,20.16690,36.50060,6.71340,28.28400,53.39240,14.20730,21.36790,39.64140,7.54170,29.47320,57.43160,15.56330,22.57590,42.71820
LQ,84.96360,44.20740,125.87510,215.46520,44.72480,106.09920,86.80660,44.43010,126.13210,217.46630,45.05080,106.34020,24.84070,40.79870,127.03850,204.72870,44.80950,107.11780,3.33620,19.71800,90.72730,21.92070,24.15780,94.14440,2.28950,16.87500,44.65360,11.12290,15.56190,53.96350,1.77470,15.36120,29.54170,7.92540,12.02910,32.61240,1.47680,14.27670,22.62770,6.35760,10.15340,21.62290,1.32420,13.65060,18.97080,5.55110,9.07950,15.94370,1.13430,13.10370,16.90030,4.95650,8.30340,13.04620,1.02340,12.70660,15.76720,4.60110,7.84530,11.53000,1.03590,12.30630,14.88480,4.40750,7.42600,10.65030,0.98770,12.07760,14.26890,4.27120,7.21240,9.98270,0.91360,11.91320,13.79300,4.16840,7.01120,9.57120,0.89970,11.63360,13.48390,4.02850,6.73190,9.29880,0.87060,11.48010,13.24910,3.95520,6.67060,9.08480,0.89210,11.36220,13.08230,3.90590,6.53830,8.91290,0.79260,11.26680,12.96720,3.79820,6.46300,8.82900,0.83690,11.56760,12.67910,3.92170,6.55770,8.59120,0.87210,13.26750,15.16620,3.99880,7.58690,9.45180,1.14370,14.37410,17.74360,4.43820,8.34810,11.32360,1.34660,15.61450,20.33920,4.90120,9.32350,13.17280,1.64940,16.71880,23.08790,5.44030,10.22460,15.19460,1.94160,17.98140,25.82610,6.07740,11.12320,17.22700,2.34840,19.25460,29.10150,6.78850,12.12310,19.62090,2.76760,20.46150,32.36860,7.58790,13.24300,22.06250,3.21260,21.80600,35.87510,8.43280,14.44190,24.55930,3.73580,23.13220,39.55230,9.38230,15.65500,27.39880,4.39320,24.34330,42.98950,10.45460,16.71880,30.18860,4.99070,25.71670,46.88890,11.64580,18.02320,33.16010,5.63150,26.89140,50.75440,12.75690,19.30940,36.17130,6.39540,28.14620,54.52600,14.12670,20.46680,39.24280,7.29300,29.29620,58.71010,15.48900,21.61940,42.54670,8.18230,30.46270,62.65740,16.98480,22.83720,45.75280
LQ,93.75020,52.04770,143.85600,245.03210,50.08200,122.73680,94.74080,52.06530,144.66670,245.87120,50.19850,122.43030,30.58290,48.49190,144.99310,220.70460,49.70200,122.79830,3.95920,22.04590,107.75650,26.04170,26.72590,107.36270,2.75680,18.02320,50.07780,13.35510,17.60040,58.97840,2.17240,16.17020,31.57420,9.36210,13.76590,34.81440,1.88620,14.95150,23.37590,7.51360,11.69350,22.85660,1.61010,14.10960,19.18850,6.41190,10.43460,16.78080,1.44130,13.45790,16.72800,5.80720,9.57460,13.67690,1.32580,12.94840,15.30450,5.27780,8.98000,11.86630,1.27010,12.68970,14.22650,5.06560,8.56130,10.79480,1.22410,12.28000,13.66570,4.86730,8.21440,10.16370,1.14850,12.03880,13.21640,4.67810,7.94620,9.70320,1.16420,11.84280,12.78170,4.61980,7.71670,9.37650,1.13430,11.60210,12.44790,4.49780,7.47010,9.12450,1.09990,11.51760,12.27480,4.46490,7.38210,8.94940,1.02810,11.40870,12.04210,4.39110,7.27170,8.75670,1.07330,11.63670,11.81930,4.34830,7.32220,8.53090,1.15470,13.66140,14.23420,4.58250,8.53860,9.43440,1.31460,14.85060,16.86930,4.93740,9.31280,11.23910,1.58720,16.28360,19.40860,5.48890,10.35650,13.17280,1.87290,17.52330,22.19390,6.02890,11.40560,15.23930,2.22910,19.05180,25.21680,6.74730,12.56530,17.51790,2.61740,20.31890,28.51100,7.46510,13.67930,20.00020,3.05330,21.87990,31.85340,8.31110,14.96310,22.59850,3.57370,23.35170,35.56250,9.29590,16.24570,25.50630,4.08630,24.91650,39.48580,10.29170,17.67770,28.50360,4.47520,26.88420,43.00190,11.33990,19.14550,31.18150,5.34120,27.86550,47.69140,12.52810,20.28740,34.89970,6.07510,29.37650,51.63420,13.82310,21.60260,38.23670,6.89340,30.69960,56.28280,15.12570,22.92110,41.85770,7.76090,32.26120,60.64660,16.71040,24.19600,45.33810,8.69310,33.44750,64.70230,18.23600,25.43760,49.01210
LQ,86.28830,47.53910,131.25840,218.47950,46.07900,110.42720,87.05020,47.58530,131.05210,219.50140,46.07900,110.27310,32.35130,44.50000,132.01990,194.64550,45.75690,110.89170,3.67580,23.41920,101.37190,24.62930,26.39850,96.93970,2.44270,19.38940,53.07710,12.45840,17.79220,58.48150,1.82780,17.40610,35.52360,8.66820,14.30660,36.55080,1.50590,16.14930,27.20630,6.88850,12.37890,24.95030,1.26370,15.17080,22.67440,5.79140,11.16880,18.64360,1.11390,14.45700,19.94860,5.13890,10.37670,15.19860,1.04990,13.91850,18.21230,4.70530,9.79160,13.30020,0.91510,13.46140,17.02050,4.36460,9.22220,12.01840,0.83990,13.13490,16.07500,4.19050,8.88380,11.17440,0.80630,12.87650,15.45610,4.01860,8.60440,10.60970,0.78040,12.53850,14.98880,3.85490,8.33810,10.20930,0.77430,12.32610,14.63910,3.80790,8.17510,9.97670,0.73480,12.12310,14.26500,3.72230,7.98730,9.68850,0.77430,11.91640,14.05410,3.67770,7.80700,9.54780,0.70160,12.27670,13.72550,3.61020,7.98490,9.21280,0.75000,14.12440,16.40960,3.77870,9.23010,10.57240,0.95060,15.32940,19.17860,4.15630,10.06560,12.60520,1.15630,16.56390,22.01140,4.56590,11.05640,14.65480,1.43640,17.98140,24.93740,5.14100,12.18500,16.90470,1.74980,19.35440,28.17660,5.77780,13.31660,19.21340,2.16040,20.61590,31.42320,6.52360,14.39670,21.71790,2.56950,22.13810,34.95670,7.28800,15.69970,24.38190,3.01280,23.51170,38.70860,8.11840,16.94930,27.29170,3.60060,24.90990,42.44910,9.13870,18.15390,30.24450,4.15430,26.32790,46.50140,10.18500,19.38440,33.32120,4.79760,27.56590,50.56860,11.25860,20.58390,36.58100,5.51550,28.84350,54.69820,12.43400,21.82300,39.92120,6.25190,30.25320,58.71010,13.81930,23.12620,43.06390,7.10800,31.52960,62.84700,15.31260,24.28550,46.40520,7.96220,32.76420,66.89470,16.82060,25.46470,49.75930
LQ,93.43670,49.98250,136.16330,262.16670,47.91070,116.00080,94.14440,49.91630,136.23670,262.64110,47.94190,115.77780,24.18090,44.62630,136.67850,257.05070,47.86400,116.61790,2.47250,19.27950,86.04820,24.60380,28.29940,100.75020,1.51400,15.84280,38.64380,10.76010,16.87940,54.87110,1.04050,14.13550,24.73790,7.06830,12.69640,30.94210,0.80170,13.07940,18.62910,5.45130,10.52470,19.43380,0.63070,12.27670,15.52200,4.56590,9.30740,14.01990,0.51870,11.75680,13.76300,4.06440,8.50830,11.34640,0.45340,11.31600,12.60170,3.76310,7.95590,9.82750,0.41500,10.96590,11.90340,3.54120,7.50510,8.98870,0.31820,10.66240,11.34640,3.35320,7.18280,8.32460,0.31090,10.51010,10.88650,3.25740,6.97540,7.92800,0.27590,10.24460,10.68480,3.15310,6.73190,7.68060,0.27160,10.17040,10.53200,3.09570,6.64880,7.53920,0.24690,9.98680,10.37140,3.06060,6.48010,7.38640,0.23820,9.94750,10.21540,3.05510,6.42440,7.26030,0.22950,10.11650,10.23980,2.99080,6.48010,7.11300,0.29200,11.92600,12.56310,3.21440,7.56120,8.03350,0.45930,12.96900,14.80920,3.42880,8.20460,9.62680,0.65480,14.08370,17.00260,3.83140,9.08470,11.32360,0.86750,15.26970,19.42370,4.24290,9.98110,13.12930,1.11550,16.47000,21.96600,4.74300,10.96590,14.98880,1.45250,17.89810,24.73150,5.41820,12.09710,17.09650,1.78460,19.16530,27.77380,5.98980,13.18020,19.43880,2.19980,20.54660,31.09050,6.72790,14.36660,21.91500,2.63340,21.97710,34.41030,7.58020,15.61450,24.50210,3.11790,23.38850,38.04580,8.41930,16.88370,27.43460,3.74560,24.73240,41.69070,9.39390,18.10250,30.31670,4.32800,26.06190,45.57830,10.43910,19.36940,33.50130,4.93950,27.41750,49.62360,11.51350,20.58390,36.64140,5.69210,28.70240,53.50930,12.76040,21.90270,39.95490,6.50220,30.04550,57.54280,14.06940,23.16870,43.18830
LQ,100.30990,47.92630,135.50580,249.49680,48.95460,114.01910,101.19360,48.16080,136.45720,250.58190,48.92250,114.72810,49.95610,45.99080,136.82630,247.56520,48.81030,114.34550,5.00130,26.04800,109.55860,40.19220,34.95120,105.57200,3.48390,21.78330,59.26790,17.49960,22.88510,70.73860,2.73340,19.80490,41.21840,12.13410,17.90270,45.65870,2.37630,18.62860,32.52510,9.70910,15.24200,32.39460,2.10060,17.79220,27.65780,8.30570,13.37300,24.53380,1.91300,17.04580,24.63570,7.39660,12.07110,20.10400,1.78960,16.58530,22.73300,6.77880,11.34990,17.37190,1.66740,16.12010,21.42840,6.35290,10.94190,15.80490,1.59860,15.78950,20.39180,6.07050,10.50140,14.65090,1.58880,15.45720,19.72270,5.88000,9.98680,13.92880,1.50910,15.22220,19.17860,5.69660,9.86380,13.46540,1.45420,14.93980,18.68730,5.50670,9.41750,12.94930,1.45420,14.83900,18.47000,5.45350,9.29670,12.75340,1.38980,14.81580,18.21230,5.30840,9.19300,12.49320,1.40590,14.93200,17.66040,5.33470,9.05590,12.10000,1.49460,17.06790,20.68900,5.60460,10.53050,13.24550,1.69700,18.33290,23.99410,5.93020,11.64930,15.36990,1.96510,19.69250,27.10710,6.49500,12.79470,17.60510,2.36060,20.90670,30.47770,7.18020,13.91120,20.17690,2.87960,22.38800,34.16870,8.02290,15.27370,22.85660,3.32680,23.71650,37.74070,8.98310,16.49550,25.61240,3.84900,25.00910,41.54830,9.86920,17.69600,28.57850,4.38910,26.45510,45.24510,10.92460,19.11590,31.40640,5.05700,27.70020,49.32400,12.11360,20.28210,34.59750,5.80950,28.96180,53.55950,13.31480,21.65320,37.97190,6.60020,30.19490,57.52430,14.78930,22.96920,41.21840,7.44730,31.39800,61.70150,16.20730,24.04340,44.51060,8.24930,32.56180,65.21230,17.77140,25.37010,47.69140,9.24710,33.57120,69.51910,19.41370,26.50470,51.09750,10.31610,34.56220,73.46470,21.12090,27.65540,54.20110
LQ,78.20570,47.41620,130.23210,194.23340,45.69860,110.42720,79.06700,47.63160,131.74210,195.19750,45.65500,110.58160,28.16920,44.26290,132.01990,167.86640,45.30840,111.20310,3.41170,22.39970,99.22290,21.29610,25.20890,96.36170,2.27220,18.69600,50.69240,11.30400,17.54140,56.24690,1.70360,16.86190,33.91080,7.96750,14.05420,34.93770,1.42350,15.73230,25.98090,6.39060,12.04520,23.84570,1.22410,14.92420,21.87550,5.46460,10.91790,17.85970,1.07950,14.28790,19.36840,4.89700,10.11080,14.74570,0.97070,13.84570,17.78070,4.49780,9.48230,12.90990,0.82770,13.42250,16.78970,4.18650,9.06640,11.82940,0.84300,13.12450,16.10910,4.05640,8.73180,11.18730,0.81850,12.82190,15.53850,3.93550,8.40800,10.72550,0.74700,12.67280,15.16620,3.83140,8.25140,10.36220,0.75910,12.56190,14.87680,3.77090,8.10650,10.13950,0.70910,12.38220,14.69430,3.68740,7.99220,10.01880,0.77130,12.23730,14.63120,3.67770,7.82860,9.95880,0.72880,12.59550,14.40050,3.67000,7.98730,9.74160,0.80780,14.53260,17.10100,3.87250,9.24080,11.03300,0.97530,15.76090,19.99510,4.23080,10.04020,13.06430,1.15470,17.10320,22.89200,4.64060,11.11100,15.17840,1.48160,18.40870,25.92020,5.24950,12.15890,17.48590,1.88620,19.72820,29.22430,5.90740,13.24300,19.97440,2.24800,21.19090,32.78790,6.65790,14.43430,22.62770,2.66900,22.58180,36.26070,7.46260,15.58210,25.25610,3.13270,23.92970,40.23760,8.31650,16.72740,28.21350,3.70480,25.31630,43.86830,9.32180,18.01390,31.14840,4.32590,26.71150,47.77700,10.40830,19.29950,34.23350,4.94800,28.01680,51.72970,11.56960,20.65340,37.53210,5.70110,29.24810,55.92500,12.73920,21.92560,40.76460,6.44750,30.50490,59.85310,14.09610,23.21120,43.90650,7.35350,31.69720,63.69990,15.60480,24.27270,47.23860,8.23590,32.80120,67.83140,17.19090,25.49180,50.41450
LQ,91.70460,48.69850,133.42390,256.59480,46.03490,114.01910,93.00840,48.95460,133.70780,257.73750,46.38960,114.01910,24.84070,44.54200,134.42200,244.19830,46.09370,114.18210,3.92560,22.90310,91.74250,30.28460,28.85930,100.17840,2.65650,19.48490,47.53510,15.23520,19.70780,59.42310,2.16040,17.89810,33.62810,10.74120,15.92920,37.65710,1.79790,16.73610,26.65170,8.53090,13.78760,26.19110,1.55460,15.99540,22.82710,7.29050,12.52850,19.97960,1.42840,15.35720,20.45520,6.54990,11.65560,16.56160,1.27650,14.83510,18.95110,6.04970,10.94790,14.62330,1.20990,14.46070,17.84580,5.69430,10.44910,13.35140,1.16580,14.23200,17.24050,5.47780,10.15620,12.62980,1.17840,13.99910,16.78970,5.35440,9.83880,12.12730,1.16420,13.91120,16.43550,5.31280,9.74190,11.80590,1.09200,13.65420,15.99440,5.13460,9.45520,11.37570,1.07170,13.55040,15.87210,5.05920,9.33420,11.25530,1.06860,13.50760,15.65040,5.00780,9.23550,11.07790,1.10450,13.73700,15.63380,5.02060,9.36370,10.94370,1.07950,15.81410,18.48440,5.14540,10.65950,12.08300,1.32260,17.05470,21.51150,5.56670,11.61780,14.24190,1.60680,18.55660,24.47040,6.13530,12.82530,16.58780,1.99210,19.88190,27.75200,6.75450,13.94050,19.01020,2.38680,21.19640,31.15670,7.50850,15.16690,21.61170,2.77660,22.68830,34.50370,8.36780,16.38080,24.19970,3.33620,24.04340,38.20480,9.29880,17.65040,27.22770,3.89610,25.47150,42.17010,10.31310,18.97810,30.43730,4.56180,26.97100,46.14550,11.67240,20.26640,33.53750,5.21250,28.19210,50.10830,12.83150,21.59690,36.79310,5.88910,29.65160,54.09910,14.06940,22.96310,40.21490,6.67470,30.98170,58.61470,15.35760,24.18320,43.61480,7.52640,32.27030,62.51050,16.80730,25.43090,46.95850,8.52270,33.52350,66.52540,18.73100,26.79770,50.46070,9.50990,34.59190,70.61270,20.51340,27.85050,53.87890
LQ,87.92910,47.80190,132.01990,226.72360,45.16500,110.17050,88.82220,48.05110,132.08950,226.54230,45.35150,110.53010,37.37660,45.56800,132.92960,215.13490,45.09360,111.25520,4.08030,24.68670,105.04920,30.87640,29.83950,100.13470,2.79460,20.69090,55.72970,14.79720,20.44560,63.14360,2.20840,18.94870,38.26860,10.30700,16.49980,40.35140,1.87960,17.80140,30.03720,8.22780,14.32530,28.14710,1.65590,16.95800,25.57920,7.08070,13.01030,21.51710,1.49460,16.41470,22.96900,6.32930,12.10030,17.83640,1.38180,15.98290,21.30710,5.87540,11.54880,15.78810,1.37220,15.55790,20.14040,5.60460,10.96290,14.52920,1.29710,15.28160,19.40360,5.35660,10.60070,13.66570,1.28760,15.00600,18.70180,5.19300,10.29040,13.03540,1.22260,14.76570,18.38850,5.05060,10.01770,12.66860,1.18150,14.59730,18.06110,4.92460,9.82490,12.39930,1.19730,14.45320,17.82710,4.87160,9.70060,12.24730,1.21310,14.27670,17.57290,4.89060,9.52290,12.09320,1.17990,14.51750,17.22250,4.85670,9.56920,11.75570,1.22890,16.60680,20.13520,5.00780,10.99910,13.02110,1.45250,17.91660,23.18950,5.45570,11.90350,15.19460,1.73660,19.08130,26.30030,6.17480,12.91070,17.51330,2.11770,20.36110,29.51060,6.86650,14.03580,19.96410,2.53590,21.69830,32.84960,7.68830,15.12360,22.49950,3.00550,22.97520,36.31050,8.56930,16.24990,25.17110,3.45730,24.30480,39.98870,9.44890,17.48720,27.95610,4.06640,25.53930,43.58950,10.48240,18.61900,30.84360,4.70950,26.89140,47.69140,11.57620,19.82540,33.98420,5.29970,28.09280,51.42810,12.78170,21.07560,37.05780,6.08430,29.20010,55.35930,14.15350,22.17280,40.13560,6.89590,30.38710,59.24850,15.47250,23.29050,43.32570,7.78950,31.60000,63.01620,16.72360,24.44640,46.59790,8.68200,32.52520,67.01070,18.77480,25.45790,49.85000,9.74460,33.59980,70.73860,20.19770,26.54020,52.74790
LQ,122.73680,52.22400,147.73620,303.69250,53.01040,126.19640,124.35190,52.70450,147.99000,306.51640,53.52010,125.68300,46.41890,48.44440,147.99000,286.03970,53.01040,126.06770,5.23640,21.97710,97.14740,32.79670,27.67030,104.81290,3.70480,18.13520,42.95240,16.13890,17.25840,55.78280,2.95790,16.19120,27.91220,11.22940,13.01380,33.51940,2.52360,14.90870,20.73180,8.86810,10.66830,21.93760,2.13820,13.87110,16.98480,7.43970,9.25140,15.88890,1.96010,13.20460,14.76950,6.57860,8.31580,12.75690,1.83450,12.64250,13.41750,6.03120,7.70480,11.01700,1.73160,12.13610,12.33350,5.64940,7.09670,9.83940,1.62640,11.85230,11.67240,5.34120,6.78240,9.09610,1.54970,11.61470,11.27800,5.03560,6.55340,8.56650,1.49290,11.40560,10.83900,4.93310,6.30100,8.16100,1.49780,11.20850,10.58170,4.82080,6.16210,7.92020,1.45900,11.09280,10.38980,4.76400,6.06000,7.72710,1.43640,11.00210,10.19410,4.73040,6.00620,7.57250,1.34500,11.02620,9.98870,4.58870,5.95060,7.30310,1.44450,13.03100,12.21290,4.80400,7.11930,8.16100,1.62480,14.32530,14.72190,5.16700,8.00430,9.84240,1.85120,15.61040,17.02940,5.63150,8.91490,11.54650,2.18440,16.86630,19.58540,6.26360,9.88050,13.41750,2.50770,18.26200,22.29720,6.93510,10.98100,15.38630,2.96890,19.51510,25.21680,7.70380,11.98390,17.67880,3.42310,20.92300,28.41400,8.54730,13.24650,20.10400,3.95520,22.41140,31.85340,9.48370,14.46070,22.70370,4.59080,23.93600,35.47510,10.58480,15.87980,25.58580,5.17560,25.34320,39.44140,11.60270,17.16510,28.50360,5.94850,26.84090,43.36320,12.85280,18.54220,31.60790,6.70850,28.38400,47.50670,14.18810,20.01090,34.86180,7.58530,29.69230,51.66600,15.64630,21.31240,38.31130,8.57200,31.12840,55.87170,17.21340,22.66460,41.63130,9.58280,32.54350,60.18850,18.90690,24.00540,45.19210
LQ,95.34340,44.27680,123.91360,212.68690,41.76860,103.36760,95.99310,44.41610,124.03850,213.17240,41.66640,103.27550,25.04100,42.02580,124.60360,112.35780,41.19800,103.27550,3.14010,19.45970,86.91090,13.36980,17.23170,81.23950,1.94490,15.60640,41.13650,7.82330,12.11980,39.82020,1.37860,13.52900,25.86640,5.67860,9.59370,23.14760,1.04520,12.21120,18.74070,4.56180,8.14320,14.75760,0.82460,11.28520,15.14600,3.87250,7.18510,10.89280,0.70160,10.58900,13.12570,3.44400,6.54690,8.94650,0.60070,10.04300,11.93710,3.20880,6.06000,7.91230,0.51120,9.71980,11.08750,3.01100,5.74870,7.21020,0.45340,9.31010,10.53510,2.83970,5.43360,6.78610,0.45050,9.04270,10.15160,2.77840,5.19780,6.52840,0.39150,8.85020,9.88700,2.64230,5.09600,6.30820,0.36800,8.73440,9.66200,2.61030,5.00270,6.19810,0.34600,8.55370,9.51280,2.56420,4.89510,6.14460,0.30950,8.47560,9.42280,2.49010,4.84080,6.05660,0.34160,8.59680,9.21570,2.52530,4.85390,6.01050,0.40910,9.91400,11.25210,2.64410,5.70230,7.06330,0.55140,10.79850,13.22730,2.95970,6.30530,8.47090,0.68800,11.79810,15.11770,3.34370,7.03590,9.85430,0.91970,12.81510,17.34010,3.78450,7.79990,11.48060,1.20040,13.79120,19.70230,4.33000,8.52090,13.16910,1.44450,14.96700,22.13670,4.87580,9.43360,14.92870,1.79620,16.12010,24.86640,5.58230,10.35650,16.97590,2.18950,17.16510,27.92680,6.28470,11.26370,19.17860,2.58540,18.38500,30.89280,7.04600,12.25700,21.30160,3.05880,19.56560,33.93830,7.91490,13.20810,23.63090,3.55650,20.74460,37.19110,8.85140,14.25060,26.04170,4.05840,21.91990,40.56880,9.78890,15.32940,28.51100,4.67610,23.05360,43.76660,10.87700,16.24990,30.91740,5.40280,24.09410,47.37950,12.07610,17.21390,33.63710,6.10520,25.14880,50.83210,13.33680,18.21500,36.17130
LQ,88.21330,44.96550,125.61900,203.97750,42.91700,103.69110,89.18360,45.19370,125.61900,204.42760,42.95700,103.55230,31.76010,43.25140,126.32540,150.04840,42.61260,103.69110,4.36670,23.84790,99.74220,20.16120,22.87910,89.87660,2.89960,19.46480,53.77780,11.20670,16.11590,51.55480,2.16040,17.24060,35.91440,8.06790,12.95530,32.38600,1.72010,15.81820,27.14960,6.47120,11.10490,22.11380,1.48970,14.86610,22.33750,5.62700,9.98680,16.53540,1.35300,14.12070,19.53470,5.03770,9.15590,13.46540,1.16580,13.43310,17.57750,4.58450,8.48060,11.71900,1.11080,12.98620,16.36200,4.37690,8.02610,10.63160,1.00940,12.62230,15.51790,4.13630,7.70480,9.92880,0.99860,12.24390,14.92870,4.00270,7.37980,9.52450,0.94750,12.05170,14.52920,3.92170,7.21690,9.20420,0.90900,11.81720,14.14200,3.79230,7.00900,8.94370,0.86440,11.62100,13.87590,3.71060,6.83750,8.79840,0.86440,11.43350,13.66950,3.66800,6.64450,8.65720,0.81700,11.63990,13.36610,3.62750,6.76040,8.46550,0.95060,13.22900,15.54270,3.83530,7.83330,9.76820,1.06390,14.32160,18.20750,4.18440,8.68320,11.59270,1.30190,15.42120,20.78540,4.64480,9.54200,13.48760,1.60020,16.61970,23.47270,5.27780,10.47520,15.36170,1.92810,17.76920,26.33450,5.94390,11.42110,17.44480,2.23770,18.96830,29.39410,6.60020,12.44850,19.68190,2.72990,20.21920,32.82320,7.47020,13.57540,22.15950,3.17910,21.50720,36.03270,8.32460,14.57820,24.47680,3.66610,22.75370,39.64140,9.28440,15.67940,27.12130,4.26310,23.92340,43.00190,10.31610,16.71440,29.68230,4.85890,25.07550,46.95850,11.43470,17.79680,32.48150,5.57780,26.38430,50.55320,12.72150,18.99280,35.17640,6.32700,27.47680,54.21810,14.07320,19.92820,38.08810,7.16520,28.45350,58.06570,15.48900,20.93930,40.98490,8.03880,29.60280,61.84560,17.07860,22.02300,43.67800
LQ,87.22490,48.25500,133.56570,218.64930,45.71320,114.12770,88.46320,48.46020,133.63670,219.84400,45.87360,113.69440,35.35910,45.77140,134.49380,212.20330,45.72770,114.18210,5.00130,26.84810,107.46090,31.63320,33.04280,106.34020,3.37960,22.49930,61.35370,15.57580,23.05960,72.45980,2.62630,20.30310,42.95240,10.99790,18.49440,47.45010,2.20500,19.02230,33.78280,8.74010,15.97470,33.77360,1.96680,18.06050,28.66860,7.47790,14.42300,25.94040,1.76640,17.11640,25.15810,6.63620,13.23950,20.96880,1.63130,16.52120,22.95720,6.07050,12.35250,18.00000,1.56600,16.07840,21.43400,5.72360,11.73150,16.24590,1.50100,15.71190,20.30770,5.48450,11.28210,14.95680,1.45900,15.38920,19.39860,5.27780,10.84910,14.12290,1.35780,15.11180,18.85300,5.06990,10.53930,13.51710,1.37700,14.92810,18.39330,4.99490,10.29330,13.13290,1.31150,14.71190,18.02350,4.87160,10.04870,12.80660,1.26690,14.44560,17.71120,4.77240,9.84150,12.47230,1.24790,14.85830,17.27670,4.76400,10.02890,12.02510,1.33860,16.97560,20.43400,4.94590,11.44590,13.17640,1.56270,18.46580,23.64320,5.40720,12.35580,15.38220,1.87790,19.72820,26.99430,5.96920,13.49700,17.92040,2.20160,21.19640,30.31670,6.58340,14.75030,20.47100,2.59430,22.65280,33.98420,7.34340,16.02440,23.23150,3.04410,24.04340,37.58410,8.20640,17.30750,26.02820,3.59870,25.47150,41.60750,9.15860,18.59020,29.13210,4.14830,26.91310,45.53810,10.18800,19.91790,32.35130,4.80610,28.24560,49.88030,11.34960,21.16890,35.65000,5.51780,29.66790,53.59300,12.54910,22.51110,38.96910,6.29410,30.87880,58.17870,13.96290,23.74150,42.46120,7.12040,32.21600,61.94880,15.39450,25.02240,45.83370,8.01760,33.36230,66.09090,16.98480,26.21550,49.47350,8.98590,34.42390,70.18710,18.71160,27.32160,52.68240,10.08200,35.47900,74.62790,20.60900,28.49230,56.44490
LQ,104.86010,48.73040,137.79380,268.95560,49.22890,118.04110,105.28630,48.79440,138.31970,266.98310,49.27760,117.98360,36.12170,45.05080,139.22930,256.14030,48.81030,118.27150,3.39850,21.16340,100.26600,28.00000,26.97100,99.78570,2.24630,17.17400,47.81980,12.93850,17.05030,56.82570,1.79790,15.52160,30.77820,8.87930,13.14530,34.19640,1.39940,14.36660,23.01060,6.96460,11.03830,22.38950,1.27170,13.50410,19.03000,5.98290,9.66480,16.37070,1.09050,12.94840,16.70600,5.28440,8.78570,13.27460,1.07640,12.60220,15.26780,4.95650,8.33570,11.59940,0.94750,12.21770,14.35390,4.61150,7.92450,10.49790,0.94130,11.81090,13.67690,4.47930,7.50040,9.82160,0.95370,11.49880,13.19460,4.35240,7.16910,9.46050,0.90900,11.38080,12.84570,4.22670,7.04260,9.09040,0.80330,11.13840,12.52810,4.05840,6.80440,8.79560,0.86290,11.09580,12.39230,4.08630,6.74280,8.67100,0.79110,10.93590,12.17860,3.99280,6.64450,8.51450,0.83690,11.19330,11.95400,4.09030,6.67280,8.33540,0.87360,12.98970,14.24960,4.21060,7.83330,9.23280,1.07800,14.08000,16.82500,4.54110,8.50330,11.08430,1.28120,15.32540,19.36340,4.94800,9.44710,12.85280,1.52370,16.53400,21.89240,5.46900,10.39120,14.79720,1.84120,17.82890,24.87290,6.08900,11.48010,16.99370,2.22910,19.11090,27.84650,6.83230,12.48180,19.23340,2.66010,20.39800,31.07390,7.59810,13.68650,21.68990,3.14560,21.81160,34.71990,8.41660,14.86610,24.50210,3.56990,23.20510,38.18360,9.32750,16.12430,27.10010,4.20660,24.52400,42.04960,10.42680,17.32090,30.21250,4.85460,26.00630,46.00960,11.58280,18.69120,33.31220,5.42920,27.39540,49.80460,12.71440,19.93850,36.21100,6.21450,28.67890,53.71050,14.06180,21.17440,39.57460,7.03610,29.89700,58.14100,15.47250,22.45820,42.95240,7.76870,31.03340,61.99010,20.10920,23.51790,45.95540
LQ,101.73000,56.00530,153.23120,259.81820,57.16160,129.42100,102.27110,56.22190,152.96150,258.42760,57.08070,128.35270,45.45800,51.92480,153.68260,255.91360,56.95970,129.42100,5.13240,25.43090,119.43510,37.19110,34.80090,116.73070,3.65840,20.00570,58.40560,16.99370,20.65340,71.32240,2.90320,17.59130,36.01290,11.81930,15.07650,42.47340,2.48130,16.06180,25.98090,9.44020,12.19150,27.71570,2.17930,14.92420,20.69970,7.98860,10.43750,19.59550,1.97360,14.01010,17.58210,7.14530,9.28610,15.15810,1.80950,13.34480,15.71290,6.54990,8.48820,12.73210,1.75980,12.73700,14.36950,6.19110,7.82380,11.24560,1.64610,12.21440,13.46170,5.82990,7.32680,10.23060,1.56440,11.78860,12.78880,5.57560,6.94190,9.57990,1.51400,11.50510,12.16150,5.41820,6.64010,9.03950,1.45740,11.22380,11.73570,5.26260,6.40090,8.62690,1.44290,10.99300,11.40520,5.15400,6.22510,8.32730,1.42520,10.75100,11.19060,5.07210,6.03510,8.12630,1.37380,11.12320,10.66280,5.01850,6.18730,7.68570,1.45420,13.02070,12.81010,5.20820,7.32220,8.33000,1.65920,14.23200,15.19860,5.66290,8.06260,9.92880,1.96180,15.63070,17.68350,6.20280,9.05320,11.75570,2.20500,16.83150,20.33400,6.76180,10.06280,13.70680,2.53940,18.30920,23.19550,7.52380,11.18410,15.80070,2.95970,19.63660,26.26610,8.29500,12.26360,18.00470,3.44780,21.17440,29.72940,9.26150,13.62910,20.57710,3.85490,22.51700,33.14230,10.07300,14.71190,23.09990,4.40750,23.98650,36.62130,11.17120,16.03680,25.76580,5.06130,25.44440,40.63780,12.38890,17.34330,28.78940,5.63600,27.00730,44.62760,13.51340,18.69120,31.73460,6.34820,28.50780,48.67360,14.81710,20.07830,34.90920,7.19020,29.84770,52.96150,16.26300,21.38450,38.26860,8.04670,31.44180,57.39460,17.78070,22.79540,41.65500,8.98310,32.81040,61.78380,19.44390,24.13230,45.17890
LQ,106.48530,54.77000,153.32130,263.11710,56.59890,131.32730,107.21560,54.96030,153.23120,264.07380,56.65880,130.57270,34.40090,51.09360,154.77550,257.27930,56.61890,131.53440,4.66350,23.76020,113.74840,32.46410,32.80120,117.12690,3.26860,19.14060,52.66610,15.54680,19.58590,66.09090,2.49360,16.81840,32.86730,10.86430,14.49850,38.46100,2.06320,15.39720,23.75340,8.61590,11.84910,24.66120,1.80790,14.19850,19.01020,7.27040,10.13350,17.40830,1.62640,13.37650,16.19870,6.46410,9.01390,13.60240,1.48810,12.83900,14.61940,5.92790,8.32080,11.55640,1.41870,12.17520,13.43230,5.54000,7.64340,10.32840,1.28920,11.77590,12.45840,5.25170,7.24200,9.41700,1.18940,11.43970,11.94390,4.94800,6.92630,8.79280,1.18150,11.24220,11.46090,4.86310,6.64880,8.37590,1.13750,11.01410,11.11000,4.75560,6.47800,8.01760,1.13590,10.78370,10.87380,4.68650,6.29680,7.81810,1.15000,10.70960,10.61290,4.63650,6.23560,7.63160,1.08580,10.92090,10.23980,4.57000,6.23350,7.30310,1.14060,12.84920,12.58070,4.67400,7.43530,8.07050,1.29230,14.09850,14.99280,5.05490,8.18490,9.72090,1.54000,15.42520,17.27210,5.61580,9.15060,11.41170,1.85780,16.69720,20.00020,6.17950,10.13630,13.31120,2.15530,18.06050,22.74480,6.88360,11.24830,15.30850,2.54830,19.54540,25.81270,7.63930,12.45850,17.53620,2.95790,20.88500,29.12440,8.47360,13.59680,19.96920,3.39090,22.46410,32.51640,9.36790,14.88930,22.45890,3.91380,23.82910,36.21100,10.35600,16.16610,25.28230,4.52660,25.28940,40.13560,11.50690,17.47810,28.23570,5.07850,26.86250,44.16220,12.61580,18.94870,31.29790,5.71680,28.26870,48.29480,13.85700,20.30840,34.42890,6.51650,29.66790,52.47040,15.20270,21.61380,37.77210,7.34340,31.14570,56.91690,16.68410,23.02940,41.15980,8.21710,32.58010,61.25200,18.25500,24.37550,44.58860
LQ,119.96500,43.82140,121.21710,283.00890,45.49570,103.78380,120.32050,43.78030,121.76050,281.65090,45.55350,103.83030,35.46550,40.27070,122.36920,254.11340,45.05080,104.01630,3.54120,17.87960,82.12210,23.33370,19.24470,85.30020,2.40770,15.50950,36.46050,11.44120,13.11060,43.72860,1.81950,14.18740,24.05620,7.94640,10.48970,26.36880,1.50430,13.36950,18.63390,6.25890,9.04010,17.73900,1.26060,12.79810,15.68790,5.28650,8.07720,13.36980,1.16420,12.31290,14.08850,4.75140,7.45850,11.19060,1.03740,11.95810,13.11480,4.38090,7.06960,9.94380,0.94600,11.71250,12.43400,4.09230,6.82430,9.17000,0.92590,11.42730,11.96750,4.00470,6.59020,8.66270,0.92130,11.22080,11.63580,3.89610,6.37960,8.37590,0.86750,11.13840,11.41500,3.78840,6.30950,8.10770,0.86290,11.01720,11.25530,3.75140,6.13700,7.96490,0.83990,10.92090,11.14220,3.68540,5.95260,7.85990,0.83840,10.84620,11.02020,3.69510,5.84620,7.76610,0.80630,11.02320,11.03300,3.63720,5.91570,7.63410,0.86140,12.72690,13.30020,3.86660,7.00900,8.57200,1.02190,13.80570,15.74630,4.20860,7.84290,10.20020,1.26690,14.89320,18.11290,4.63850,8.58660,11.98110,1.58880,16.12840,20.56120,5.22990,9.38250,13.81180,1.97020,17.27180,23.33370,5.90280,10.30480,15.83420,2.31890,18.51830,26.25240,6.58820,11.37770,18.00000,2.78560,19.77420,29.25510,7.39910,12.33930,20.24480,3.30050,21.14690,32.75270,8.28150,13.41890,22.79770,3.85490,22.41140,36.20110,9.25000,14.57440,25.37430,4.47520,23.79150,39.82020,10.25500,16.05350,28.18400,5.15620,24.97600,43.64000,11.44120,17.36570,31.19810,5.92110,26.32090,47.59180,12.65450,18.70570,34.31710,6.68440,27.61810,51.25460,13.98190,20.03680,37.32500,7.57760,28.81990,55.44720,15.48080,21.34010,40.59180,8.48730,29.97940,59.53990,16.97140,22.60540,43.84280
LQ,90.54130,47.12610,133.42390,226.18050,44.80950,113.69440,91.70460,47.29370,133.99270,225.46010,45.03660,113.37120,27.00830,44.08280,134.35030,190.19660,44.89450,114.07340,3.61410,22.10350,100.44170,20.40240,24.67360,99.82920,2.43570,18.37070,50.70790,11.04900,17.16510,56.24690,1.78960,16.46150,33.47420,7.83640,13.78400,34.29850,1.44450,15.25780,25.19070,6.24950,11.89390,23.05220,1.25110,14.34780,20.81770,5.36980,10.62710,17.16390,1.04990,13.68650,18.26920,4.77030,9.81660,13.95150,0.94910,13.23600,16.67090,4.38500,9.27810,12.20950,0.88900,12.78790,15.66710,4.06040,8.75490,11.14860,0.83530,12.48850,14.83700,3.91190,8.41550,10.36830,0.74850,12.27020,14.22650,3.73390,8.18490,9.86020,0.73330,11.97740,13.80050,3.66610,7.86450,9.50990,0.72420,11.84600,13.54300,3.58910,7.73560,9.26150,0.69700,11.69030,13.31120,3.52780,7.58220,9.12170,0.66530,11.63040,13.11120,3.50870,7.52840,8.98310,0.69850,11.86510,12.90990,3.49150,7.61040,8.70690,0.73940,13.79850,15.64210,3.63720,8.86830,9.86020,0.91970,15.11570,18.31210,4.00270,9.70880,11.71560,1.09200,16.35960,21.03380,4.47100,10.66540,13.75170,1.41390,17.61400,23.91360,5.00560,11.74410,15.94370,1.75980,18.92920,27.16380,5.65160,12.80830,18.22180,2.09210,20.32940,30.35680,6.35990,14.03210,20.69970,2.52000,21.74930,33.90160,7.11790,15.24590,23.33370,2.99270,23.24780,37.55290,8.00440,16.52120,26.14340,3.48200,24.54990,41.35930,8.94090,17.72800,29.08610,4.11430,25.98550,45.33810,10.01580,18.99770,32.19580,4.73460,27.42490,49.47350,11.10680,20.23490,35.35910,5.47120,28.60880,53.37580,12.36810,21.47370,38.76270,6.26120,29.91340,57.63570,13.74800,22.77160,42.00150,7.05340,31.14570,61.90750,15.16220,23.94230,45.41800,7.94380,32.43380,65.68320,16.75000,25.16880,48.89400
LQ,107.26460,50.99110,135.50580,263.35560,51.42030,109.76200,108.30190,51.23080,135.87040,264.79560,51.47210,109.50790,31.95570,46.74820,135.94350,254.78570,51.29960,109.91490,3.74950,20.78230,91.66670,24.83420,27.79030,96.56750,2.55710,17.11640,41.28880,11.94720,16.33850,53.60980,1.94490,15.24200,26.30030,8.31920,12.08740,31.23130,1.61820,13.93680,19.58540,6.60500,9.84430,19.97960,1.42520,13.14190,16.06230,5.69660,8.59170,14.33460,1.25740,12.49180,14.11140,5.06130,7.70240,11.40840,1.13750,11.92920,12.87060,4.70320,7.07190,9.87210,1.04370,11.61780,11.98450,4.44230,6.73620,8.85970,1.01410,11.22080,11.45100,4.24890,6.37110,8.27610,0.97220,10.90590,11.08750,4.09430,6.09330,7.90700,0.94290,10.70670,10.69100,4.03050,5.94230,7.58530,0.93210,10.50430,10.47620,3.95520,5.74870,7.36110,0.89510,10.35940,10.27640,3.90000,5.65610,7.21270,0.89670,10.18470,10.20630,3.83140,5.52050,7.10550,0.83530,10.49560,9.92880,3.78450,5.65210,6.79820,0.88740,12.19810,12.14440,3.92960,6.66840,7.59560,1.07020,13.35180,14.33840,4.32190,7.34520,9.07340,1.24630,14.45700,16.64460,4.70530,8.17750,10.68480,1.53670,15.65500,19.01520,5.27350,9.08210,12.43050,1.81620,16.90120,21.62850,5.84130,10.04870,14.29590,2.17070,18.13520,24.46410,6.52600,11.10490,16.38790,2.58370,19.44970,27.45610,7.31570,12.16870,18.60010,3.02200,20.85790,30.68850,8.13170,13.37650,20.92010,3.49910,22.18440,34.13170,9.02260,14.52130,23.44850,4.04840,23.59830,37.58410,10.00080,15.78540,26.02140,4.64900,24.87690,41.31230,11.05220,16.95360,28.80450,5.30180,26.37020,44.99410,12.16150,18.29500,31.67540,6.02200,27.61060,48.99730,13.43960,19.48490,34.69160,6.80800,28.89860,52.79710,14.73780,20.75540,37.74070,7.67540,30.21150,56.88040,16.18590,21.98280,40.85710
LQ,94.66100,50.36560,139.76470,240.50960,52.52580,119.37650,95.34340,50.71920,139.91830,241.72780,52.83020,118.61860,37.60500,47.44690,140.61330,232.09840,52.72240,119.61130,4.07430,24.33690,110.63320,28.21350,30.83600,106.77640,2.82170,19.82540,56.28280,13.94770,19.90760,63.74300,2.21700,17.89350,36.72220,9.85130,15.50550,39.59680,1.83620,16.50830,27.59280,7.84680,12.97590,26.91690,1.64770,15.57800,22.64520,6.72060,11.43350,19.99510,1.48480,14.85450,19.73300,6.00130,10.39410,16.10060,1.40260,14.36660,17.95310,5.60020,9.67580,13.87210,1.28280,13.88210,16.69720,5.22550,9.16650,12.52810,1.25580,13.46850,15.79650,4.99280,8.63990,11.63250,1.15950,13.27100,15.01290,4.81240,8.37550,10.95640,1.17360,12.97930,14.61550,4.70110,8.04800,10.54440,1.10140,12.77430,14.25350,4.61980,7.85490,10.20630,1.14220,12.55860,14.04270,4.56800,7.68590,10.00380,1.04830,12.41530,13.73300,4.41980,7.51440,9.72680,1.03120,12.77090,13.23460,4.43410,7.66230,9.31030,1.18310,14.76960,15.76720,4.66770,8.85790,10.23670,1.32580,16.14930,18.69700,5.03770,9.79440,12.20600,1.63790,17.47810,21.42840,5.61800,10.85510,14.29980,1.95340,18.89010,24.49580,6.23080,12.01290,16.59210,2.34500,20.32420,27.74470,6.96210,13.29910,19.05470,2.74060,21.88560,30.99150,7.76090,14.53640,21.47830,3.24060,23.26000,34.57870,8.62690,15.92100,24.27490,3.77670,24.62140,38.51460,9.59160,17.24510,27.33450,4.37070,26.11070,42.40040,10.62220,18.64780,30.34880,5.01200,27.63300,46.36410,11.82940,19.99540,33.57370,5.72810,29.00130,50.47610,13.07150,21.42910,36.85400,6.49980,30.34520,54.85370,14.33460,22.80140,40.52290,7.34090,31.66180,59.03610,15.81330,24.06880,43.75400,8.22780,33.02410,62.97380,17.31740,25.53930,47.32300,9.19570,34.11060,67.12700,19.02010,26.79050,50.80100
LQ,95.54570,51.16210,142.25820,248.42030,53.50180,121.51850,96.15660,51.29960,142.41660,247.56520,53.83320,120.97690,26.86790,47.11090,142.57530,234.19830,53.48350,121.45810,3.47440,21.86280,103.83030,22.90390,28.54650,107.02010,2.29290,17.90270,48.42540,11.41500,17.27630,58.00940,1.77960,16.05760,30.68040,8.00700,13.13140,33.90160,1.44610,14.67360,22.54020,6.33870,10.79850,21.77410,1.21620,13.75870,18.31210,5.43580,9.46870,15.74630,1.09830,13.09670,15.95640,4.86310,8.55630,12.66500,1.03280,12.59210,14.45110,4.56800,7.94870,11.02660,0.88130,12.14590,13.40650,4.27320,7.53780,9.87810,0.86600,11.77590,12.69680,4.03650,7.14190,9.21570,0.80630,11.51760,12.26100,3.91970,6.93520,8.79010,0.78190,11.23000,11.73570,3.83330,6.62710,8.35700,0.74390,11.07460,11.47070,3.74750,6.46720,8.10240,0.74550,10.89400,11.28130,3.70480,6.37530,7.93330,0.68800,10.76290,11.06190,3.59100,6.26720,7.78950,0.71970,11.01720,10.68790,3.62370,6.30310,7.43720,0.82160,12.90730,12.88130,3.84510,7.46090,8.22780,0.97070,14.02480,15.32490,4.12230,8.16520,9.91090,1.20520,15.23800,17.67420,4.61980,9.08210,11.66900,1.43960,16.47850,20.22910,5.12810,10.07970,13.56900,1.69540,17.82890,22.96310,5.73940,11.18100,15.54270,2.08700,19.23480,25.88650,6.40720,12.36240,17.79000,2.46200,20.44030,29.08610,7.13530,13.50050,20.14560,2.90510,21.94270,32.51640,7.97010,14.79650,22.76240,3.43830,23.33330,35.99320,8.89330,16.06590,25.57250,3.99090,24.63450,39.84260,9.86920,17.23620,28.54100,4.55350,26.21550,43.69060,11.01380,18.71050,31.49020,5.26690,27.49160,47.63450,12.17180,19.91280,34.58810,6.10050,29.05680,52.03390,13.49860,21.41790,38.16230,6.76180,30.37030,56.01420,14.71400,22.80740,41.34760,7.70120,31.80360,60.50670,16.29310,24.15140,44.86270
LQ,179.89460,55.22830,150.13530,478.73420,58.22950,130.98340,178.82450,55.11320,149.35680,475.81020,58.20870,129.89310,33.21370,49.71840,148.75610,415.17950,57.73290,129.28660,4.28940,20.58920,95.87070,22.58680,25.98550,106.24370,2.96160,16.45300,41.35930,11.52340,15.26580,52.19500,2.22560,14.19110,25.36110,8.15300,11.13840,29.72940,1.78790,12.69640,18.10350,6.48070,8.93830,18.51810,1.56760,11.67450,14.44330,5.57340,7.58930,13.03900,1.36900,10.95090,12.29890,5.00990,6.72090,10.35290,1.28760,10.35370,11.07470,4.69480,6.15170,8.90730,1.12810,9.95030,10.23060,4.41160,5.82780,7.96220,1.13280,9.54740,9.66200,4.24290,5.44340,7.37120,1.05140,9.21420,9.29010,4.06240,5.18430,6.99410,1.01720,9.00610,8.92410,4.00670,5.04260,6.68200,0.97840,8.80630,8.70140,3.91190,4.86510,6.46170,0.94910,8.66540,8.52000,3.86080,4.76440,6.30580,0.99390,8.54610,8.37050,3.87840,4.66630,6.20280,0.94440,8.76260,8.15030,3.85100,4.82960,5.99210,1.02650,10.15910,9.80380,4.03250,5.65010,6.60740,1.19890,11.16270,11.58280,4.41770,6.23350,7.85470,1.41870,12.19480,13.43590,4.85890,6.96870,9.31600,1.64770,13.23250,15.54270,5.33910,7.77840,10.87700,1.92810,14.30290,17.83640,5.92790,8.61450,12.54910,2.20500,15.62660,20.28150,6.53800,9.65390,14.36560,2.57300,16.83580,23.04620,7.30310,10.65650,16.45290,2.97990,18.14460,25.96060,8.07850,11.75680,18.64850,3.44020,19.39950,29.15510,8.97750,12.82190,21.06100,3.91190,20.75540,32.52510,9.87510,14.06160,23.64320,4.54940,22.20170,35.92420,10.99790,15.24990,26.35510,5.10010,23.56120,39.70830,12.02850,16.53830,29.19350,5.79140,24.90990,43.31320,13.26730,17.76010,32.10120,6.52840,26.27170,47.21050,14.57620,19.03210,35.10940,7.35610,27.63300,51.08190,16.00290,20.26110,38.25800
LQ,113.15660,52.18870,144.66670,283.28200,54.26110,122.85980,115.00280,52.43680,145.48530,285.76170,54.42990,122.92140,44.81030,48.34960,146.06310,266.49410,53.88870,123.78880,4.40340,21.58570,97.48140,30.89280,28.02440,102.49800,3.04960,17.45110,42.96480,14.71010,17.08550,54.90570,2.42170,15.63880,27.34880,10.12440,12.77430,32.63870,2.00390,14.40420,20.29200,7.96750,10.45200,21.11000,1.82450,13.60040,16.74560,6.82010,9.09790,15.29220,1.67560,12.98970,14.70610,6.11910,8.24150,12.31960,1.58880,12.48850,13.49500,5.64940,7.65990,10.74750,1.44930,12.13280,12.52810,5.33030,7.25340,9.69440,1.39780,11.78220,12.03190,5.06130,6.87520,9.05080,1.32580,11.58960,11.56300,4.88430,6.64010,8.61040,1.34820,11.39630,11.30400,4.82290,6.42650,8.32730,1.32420,11.22690,11.06510,4.75140,6.36890,8.11570,1.34020,11.08370,10.89920,4.69900,6.20610,7.99380,1.34660,10.96900,10.75070,4.70320,6.07460,7.90440,1.24630,11.14450,10.57240,4.59490,6.16000,7.68310,1.42840,12.98970,13.04260,4.83560,7.21010,8.68200,1.57410,14.26550,15.25550,5.18860,8.04070,10.18800,1.87290,15.56590,17.71580,5.73940,8.96430,12.01500,2.13650,16.78800,20.34450,6.29640,10.00360,13.92120,2.48130,18.14460,23.21350,6.96210,11.08670,16.03260,2.89230,19.53530,26.04170,7.75050,12.14910,18.21700,3.40230,20.94470,29.35540,8.64340,13.42950,20.72650,3.92370,22.39380,32.66500,9.55070,14.63160,23.35180,4.48130,23.76020,36.17130,10.62220,15.98710,26.21830,5.12160,25.09550,40.26040,11.61920,17.16510,29.18580,5.82760,26.61860,43.97020,12.83150,18.54700,32.12700,6.63380,27.97130,47.93440,14.21880,19.78950,35.22440,7.43460,29.26410,51.92150,15.48490,21.09750,38.55760,8.30840,30.58090,56.12140,16.91810,22.49350,41.71450,9.29300,31.88380,60.22810,18.53250,23.82280,45.03360
LQ,94.26320,47.66250,132.71870,254.56120,46.92900,112.46370,95.06140,47.94190,132.29860,258.42760,47.17170,112.25200,33.87420,44.31850,133.00000,233.62220,46.65820,113.10300,3.67000,21.11950,92.96970,28.66860,25.09550,94.46170,2.46550,17.89810,44.29080,13.75920,17.09880,52.24340,1.88120,16.30890,29.90260,9.34770,13.60400,32.18720,1.51400,15.23800,23.25550,7.27790,11.75050,21.83030,1.33220,14.47960,19.62090,6.17950,10.53640,16.53110,1.19570,13.90390,17.44020,5.52890,9.75290,13.66200,1.07330,13.50050,16.10910,5.05490,9.18770,12.04550,1.01100,13.31660,15.34530,4.79340,8.89420,11.16800,0.94600,12.91760,14.59580,4.60110,8.45300,10.42370,0.89820,12.73360,14.15350,4.43410,8.27860,9.94380,0.89510,12.49850,13.81180,4.34020,8.00430,9.67380,0.87060,12.38880,13.59870,4.25300,7.90770,9.47500,0.85980,12.23730,13.38450,4.17640,7.76420,9.29010,0.80630,12.11980,13.34410,4.08630,7.66700,9.21570,0.82460,12.42200,13.06430,4.14030,7.81900,8.99720,0.91360,14.19850,15.74630,4.36870,8.91750,10.21540,1.07640,15.52560,18.34550,4.64690,9.83320,12.03190,1.34660,16.67130,21.00670,5.13460,10.76290,14.05790,1.65760,18.01860,23.76570,5.66960,11.80450,16.13040,2.02760,19.36440,26.77700,6.30350,12.95190,18.37410,2.44090,20.53060,29.91050,7.02130,13.97710,20.77470,2.91420,21.94850,33.42010,7.69350,15.18660,23.37590,3.39090,23.35780,37.07830,8.50090,16.52540,26.12990,3.92960,24.67360,40.69530,9.42860,17.70060,28.94110,4.61570,25.97160,44.39410,10.54440,18.92920,32.06690,5.28220,27.40280,48.42540,11.64580,20.17210,35.15720,6.03820,28.56210,52.22730,12.89560,21.42910,38.39670,6.78370,29.88060,56.31880,14.14970,22.69430,41.51280,7.68310,31.11110,60.52660,15.50960,23.89820,44.99410,8.61320,32.21600,64.30730,17.00710,25.08210,48.36730
LQ,95.95230,49.11570,136.60470,237.11850,46.82340,115.00280,96.65000,49.09960,137.19700,238.10680,46.94410,115.50000,29.01740,45.56800,137.71900,212.68690,46.62820,115.88920,3.59480,21.34010,98.96490,22.45310,25.49180,99.09370,2.38680,17.76010,47.02830,11.44450,17.13850,54.57760,1.78630,16.10340,30.78640,8.01230,13.76230,32.62120,1.47190,14.98650,23.37590,6.40010,11.82360,21.68430,1.28760,14.16510,19.46400,5.51780,10.59190,16.12190,1.14530,13.54680,17.29480,4.91400,9.75290,13.26010,1.00940,13.14190,15.85520,4.57420,9.20620,11.72560,0.98770,12.70660,15.02500,4.30970,8.71900,10.78530,0.87820,12.45850,14.29590,4.13430,8.44800,10.10620,0.86750,12.17850,13.98190,3.98100,8.16770,9.77120,0.88440,12.09380,13.59500,3.95330,8.04560,9.45180,0.87980,11.94200,13.35510,3.90590,7.82620,9.25570,0.84910,11.82040,13.20910,3.82160,7.73800,9.09040,0.87980,11.79810,12.99590,3.83920,7.65520,8.99440,0.86440,11.94530,12.93140,3.80010,7.68590,8.87930,0.86600,13.85300,15.37400,3.94340,8.85270,9.79780,1.01880,14.94370,18.00000,4.25100,9.61830,11.57620,1.22410,16.22890,20.69440,4.69070,10.59490,13.53560,1.56110,17.62760,23.60040,5.28000,11.76320,15.70460,1.83780,18.82200,26.59630,5.88230,12.69980,17.88770,2.22050,20.18260,29.83160,6.57380,13.89300,20.37600,2.62270,21.60260,33.16910,7.35860,15.06860,22.83890,3.15490,23.10190,36.87430,8.33810,16.34270,25.60580,3.64300,24.47870,40.77610,9.15860,17.67770,28.59350,4.19450,25.86790,44.40700,10.16680,18.90480,31.46500,4.82720,27.15290,48.70290,11.28130,20.14080,34.77660,5.57780,28.56990,52.42160,12.52470,21.35670,37.83510,6.28000,29.75760,56.62580,13.82690,22.63500,41.19500,7.09800,30.94740,60.72680,15.15000,23.76020,44.47170,7.93590,32.17990,64.19820,16.64900,24.90990,47.64870
LQ,96.36170,49.89970,138.01880,249.71310,50.66850,116.78710,97.06420,49.73490,139.61140,251.89560,50.55040,116.84360,26.04850,45.64050,139.84150,231.15520,50.18180,117.52540,3.45920,20.65870,95.83000,24.89860,25.53930,98.53730,2.36930,17.09430,44.77110,12.31960,15.81000,53.47590,1.70030,15.22620,28.71390,8.47910,11.94200,31.18980,1.43320,14.10220,21.54490,6.81040,9.93910,20.29200,1.27650,13.23600,17.80390,5.88680,8.74720,14.88480,1.03120,12.57870,15.62970,5.21030,7.95590,12.07270,0.97380,12.17190,14.34230,4.86310,7.47950,10.63160,0.92130,11.69660,13.41020,4.57210,6.99330,9.75050,0.89050,11.50200,12.78170,4.45670,6.73190,9.16430,0.80780,11.13840,12.34730,4.20860,6.36680,8.74010,0.77130,11.00810,12.03870,4.12230,6.21660,8.43280,0.71670,10.89100,11.71230,3.99090,6.15580,8.17970,0.77130,10.74510,11.59940,4.02260,6.19150,8.07590,0.72730,10.57440,11.52340,3.95130,6.19770,8.05460,0.70000,10.91490,11.34310,3.93550,6.45650,7.77130,0.81390,12.61560,13.84190,4.15830,7.45160,8.92410,0.96760,13.87110,16.30600,4.46690,8.01160,10.59420,1.16260,14.92420,18.63390,4.87790,8.62720,12.27140,1.40750,16.23310,21.26310,5.40280,9.56640,14.22260,1.74320,17.34780,23.96930,6.01280,10.44620,16.24590,2.10580,18.88040,27.02240,6.74000,11.60530,18.44120,2.47430,20.08350,30.06110,7.46770,12.74040,20.73720,2.95970,21.46250,33.70990,8.29230,13.86390,23.47270,3.40040,22.91510,37.11930,9.18430,15.06860,26.17060,3.95720,24.08140,40.75300,10.13340,16.13680,28.93350,4.59910,25.60060,44.51060,11.29750,17.53230,31.98130,5.23860,26.86970,48.68820,12.30240,18.84140,35.09980,5.90280,28.10050,52.34050,13.55420,19.97990,38.06690,6.59780,29.39260,56.39080,14.77740,21.26810,41.34760,7.50080,30.68260,60.62660,16.31030,22.60540,44.51060
LQ,88.39170,48.63480,134.85370,216.29490,46.28570,114.29100,89.32880,48.52360,135.43310,216.79550,46.09370,114.34550,25.92690,45.40910,135.14290,184.41650,46.12320,114.89280,3.41550,21.70400,103.04580,19.46400,25.11540,101.73000,2.24290,17.95820,50.83210,10.45760,17.21840,56.86220,1.78300,16.24990,33.04440,7.56730,13.92220,34.54120,1.38980,15.06080,24.80210,6.04050,12.04520,23.19550,1.22260,14.19480,20.43400,5.20600,10.81340,17.28570,1.09050,13.58610,18.09410,4.69690,9.98110,14.17650,1.01880,13.08290,16.59210,4.39320,9.39050,12.50370,0.88130,12.81510,15.47660,4.14030,9.06900,11.44120,0.89670,12.42200,14.77740,3.96910,8.63480,10.74750,0.81240,12.25370,14.29590,3.83720,8.45050,10.27330,0.82000,11.97100,13.87210,3.76310,8.12600,9.88110,0.83230,11.89070,13.72930,3.74750,8.01880,9.73860,0.79260,11.70930,13.46170,3.64680,7.85730,9.50700,0.79110,11.66820,13.30750,3.61410,7.79750,9.41990,0.76980,11.94530,12.99230,3.65070,7.86450,9.09330,0.88280,14.02480,15.79650,3.88820,9.19830,10.16370,1.02190,15.22620,18.54700,4.19850,10.06560,12.12390,1.22730,16.60250,21.18640,4.66560,11.11710,14.12670,1.58390,17.88420,24.12470,5.25820,12.17190,16.42250,1.92140,19.22480,27.24900,5.87310,13.30260,18.77970,2.25840,20.69630,30.59100,6.51890,14.58970,21.29060,2.67620,22.05740,34.00260,7.30810,15.76090,23.96930,3.17530,23.60450,37.86660,8.22510,17.06790,26.86790,3.70090,24.98260,41.64320,9.10180,18.37550,29.90260,4.28940,26.48340,45.49800,10.13950,19.62640,33.08000,4.92460,27.79780,49.66880,11.27480,20.93390,36.37040,5.64720,29.28810,53.76090,12.50370,22.27720,39.67480,6.40720,30.58090,58.08450,13.89100,23.57970,43.21320,7.22270,31.74150,62.11450,15.18240,24.66060,46.65310,8.12100,33.00550,66.22770,16.75440,25.93700,50.04730
LQ,120.08330,46.00550,129.08550,291.70750,48.50770,109.55860,121.51850,46.46400,129.89310,293.44870,48.73040,110.11930,43.43850,43.65750,130.98340,265.27890,47.98860,110.94350,6.04280,22.47000,89.03870,34.32640,23.70400,91.17620,4.10030,19.11090,42.62000,17.75290,16.80970,48.04930,3.22940,17.47360,29.61970,12.45840,13.55040,30.77820,2.77480,16.62830,23.35180,9.98570,11.74100,21.66760,2.41640,15.85510,19.95890,8.55560,10.65360,16.68850,2.19300,15.19060,17.82710,7.60580,9.77220,14.02750,2.03270,14.71580,16.46590,6.99410,9.27270,12.41660,1.89290,14.32160,15.55920,6.45940,8.81920,11.49050,1.86620,14.13180,14.84100,6.20510,8.52850,10.83580,1.73660,13.89300,14.43160,5.94620,8.44800,10.34680,1.76800,13.74420,14.16120,5.86180,8.41050,10.11830,1.71680,13.59330,13.90610,5.72810,8.28110,9.90790,1.64610,13.38000,13.66200,5.59790,8.11870,9.74460,1.67890,13.25350,13.43230,5.54670,7.84290,9.59750,1.64120,13.53250,13.30390,5.47780,7.81420,9.37650,1.68880,15.51750,15.88470,5.72810,9.04800,10.58790,1.93490,16.75340,18.56630,6.14230,9.94750,12.46880,2.25840,18.00000,21.38970,6.74000,10.95690,14.59980,2.70840,19.37440,24.35040,7.55710,12.10680,16.88700,3.14750,20.62660,27.57840,8.37050,13.19760,19.27330,3.68350,22.07470,30.90920,9.33330,14.47210,21.80780,4.27120,23.38850,34.31710,10.34370,15.74050,24.42610,4.90120,24.69320,38.09870,11.50690,17.08990,27.33450,5.66730,26.06890,41.84570,12.72150,18.43720,30.37290,6.45220,27.49900,45.77980,14.09610,19.90250,33.52840,7.33590,28.57760,50.00170,15.52200,21.27920,36.83370,8.21440,29.85590,53.98040,17.03390,22.81330,40.16960,9.33330,31.11110,58.17870,18.68240,24.05610,43.55170,10.40210,32.26120,62.19750,20.37080,25.38360,47.05630,11.58940,33.28680,66.15930,22.11380,26.60430,50.44530
LQ,97.77520,51.87230,144.17930,248.20600,49.83370,121.63940,98.66530,52.10050,144.42260,248.20600,50.08200,121.33750,37.71980,48.79440,144.58520,218.47950,49.63640,121.51850,4.20260,22.65280,109.96590,27.05770,26.29980,104.62460,2.89230,18.43250,51.12890,13.90230,17.71890,57.76610,2.27910,16.44440,32.42070,9.66200,13.90760,34.58810,1.90800,15.20240,23.98170,7.68830,11.80130,22.90980,1.66080,14.31040,19.68700,6.48790,10.58610,16.84270,1.50590,13.68290,17.17740,5.85950,9.74460,13.80430,1.42190,13.20810,15.69620,5.41160,9.20090,12.02510,1.35780,12.73030,14.65090,5.08930,8.60180,10.98830,1.29080,12.52520,13.87960,4.86310,8.29840,10.17590,1.22730,12.28330,13.28190,4.69900,8.05290,9.62970,1.20990,12.00320,13.02470,4.59700,7.82620,9.36790,1.15950,11.75050,12.60520,4.48540,7.58930,9.06780,1.15000,11.70300,12.46180,4.44030,7.50270,8.95780,1.17210,11.51130,12.35770,4.40950,7.34520,8.84300,1.09990,11.85550,11.92020,4.35850,7.50040,8.41660,1.17990,13.74420,14.33460,4.49370,8.69090,9.45180,1.42190,14.99820,16.89140,4.96500,9.55010,11.31050,1.66250,16.29630,19.50440,5.44470,10.53930,13.18730,1.93150,17.66410,22.25700,6.01740,11.61470,15.21890,2.27910,18.97320,25.21030,6.66030,12.74040,17.39920,2.60670,20.47750,28.34700,7.38900,13.94410,19.68700,3.04590,21.89700,31.75160,8.22250,15.17080,22.28000,3.54690,23.44390,35.28200,9.15580,16.47850,25.00850,4.14230,24.90330,39.37510,10.15160,17.85660,28.13230,4.63440,26.37020,43.02670,11.18730,19.19010,31.05740,5.39840,27.79030,47.32300,12.41660,20.36110,34.36360,6.11910,29.16820,51.34910,13.71050,21.71530,37.74070,6.85430,30.63170,55.60580,14.95280,23.11410,40.98490,7.74270,31.93740,60.12910,16.42690,24.40770,44.40700,8.66000,33.19270,64.08940,18.06110,25.68250,48.03490
LQ,102.86270,51.87230,139.07700,251.89560,52.22400,112.67610,104.01630,51.94230,139.00090,253.00000,52.38350,112.41070,38.41810,49.29380,139.53480,232.66770,52.17100,112.67610,4.82500,24.17050,109.30540,27.58560,27.97890,100.52960,3.27990,19.69250,53.62650,14.21110,18.03720,57.59850,2.59960,17.46010,34.51310,10.11530,13.88940,35.39770,2.09890,16.04930,25.47320,8.05200,11.56760,23.70430,1.91300,15.06860,20.75860,6.95230,10.13350,17.44480,1.64440,14.18360,17.73900,6.14690,9.07420,13.93260,1.54650,13.60760,16.04950,5.64040,8.36800,11.99460,1.46870,13.10020,14.70610,5.35220,7.79750,10.75380,1.40750,12.76070,13.98940,5.11300,7.46780,9.99170,1.34820,12.34920,13.35510,4.94800,7.09220,9.45180,1.29080,12.15890,12.90990,4.79760,6.93520,9.06780,1.24790,11.91320,12.53860,4.67190,6.70120,8.73460,1.20360,11.72830,12.25070,4.57630,6.54910,8.49540,1.18470,11.59900,12.00820,4.54940,6.43940,8.29230,1.19890,11.81720,11.60600,4.52460,6.48230,7.97800,1.18470,13.74780,13.84190,4.66980,7.70720,8.75400,1.44450,15.02560,16.38790,5.13020,8.47560,10.46690,1.72010,16.31310,18.90200,5.66290,9.46600,12.29550,1.99210,17.54140,21.67320,6.20980,10.46360,14.27660,2.31550,18.94390,24.60380,6.85180,11.55820,16.37070,2.74780,20.19300,27.70850,7.71420,12.65930,18.66300,3.17350,21.68710,31.05740,8.50910,13.88570,21.09910,3.65450,23.05960,34.63510,9.40540,15.08040,23.78410,4.23480,24.51750,38.34330,10.45460,16.43170,26.51330,4.82500,25.88860,42.13390,11.55640,17.69140,29.34770,5.46680,27.43230,46.18640,12.71440,19.09610,32.38600,6.20050,28.63990,50.15400,13.98190,20.31890,35.41710,7.04600,30.13660,54.08210,15.46430,21.73790,38.66540,7.87560,31.38050,58.29200,16.92250,22.99930,41.63130,8.81790,32.67200,62.32250,18.43640,24.20880,44.92840
LQ,101.81990,48.61890,133.49480,293.74070,45.72770,113.37120,101.77500,48.81030,133.63670,293.44870,45.80060,112.67610,35.34950,45.42350,134.78160,284.37920,45.61150,113.58650,4.14630,23.45620,97.73310,39.25380,29.36840,99.30910,2.80720,19.59600,50.24580,17.86440,20.30840,60.44680,2.14330,17.69600,34.68220,12.08640,16.22890,38.27930,1.82780,16.47000,27.11420,9.50990,13.96970,26.54780,1.57410,15.51750,22.78590,7.97800,12.45850,19.87650,1.37700,14.85830,20.06240,7.09800,11.47390,16.17730,1.30190,14.30290,18.35500,6.60260,10.83120,14.03890,1.12810,13.93320,17.16840,6.10050,10.30760,12.69680,1.12180,13.54320,16.31030,5.85270,9.79990,11.81930,1.12810,13.30610,15.76720,5.73710,9.49850,11.33330,1.04050,13.03450,15.24740,5.44910,9.21150,10.79790,1.01100,12.87310,14.84890,5.40500,8.98780,10.47620,1.01720,12.73700,14.69820,5.38080,8.86310,10.32530,0.95680,12.56530,14.44720,5.12380,8.68070,10.09110,0.99700,12.82870,14.14590,5.20380,8.71650,9.80380,1.01720,14.86990,16.94030,5.28870,10.00360,11.04260,1.22730,16.24570,19.96920,5.65390,10.99300,13.14010,1.48160,17.56860,22.81540,6.18880,12.07110,15.25550,1.82450,18.97320,25.80600,6.88610,13.18710,17.49040,2.21880,20.31890,29.05550,7.49830,14.34410,19.99510,2.63160,21.88560,32.47280,8.25730,15.69570,22.51700,3.10680,23.27830,36.03270,9.20710,16.90990,25.28890,3.65450,24.71280,39.88750,10.27030,18.14930,28.22090,4.22470,26.13860,43.67800,11.43140,19.50500,31.23130,4.92880,27.52870,47.83410,12.54210,20.68550,34.64450,5.60690,28.93810,51.74570,13.69190,22.06890,37.73030,6.40720,30.22820,56.01420,15.19460,23.26000,41.24180,7.19520,31.52960,60.12910,16.73240,24.49160,44.44580,8.05990,32.85670,63.98080,18.38850,25.86100,47.96310,9.01690,34.05220,68.21160,19.86100,27.02180,51.20740
LQ,98.87910,47.87960,132.15910,264.79560,46.44910,112.14630,99.43870,48.01990,132.08950,263.35560,46.50870,112.09360,33.77360,43.50790,132.36850,259.81820,46.21170,112.30480,3.44780,21.31240,91.10120,33.54650,28.40720,95.91150,2.25840,17.51880,44.70580,14.72190,18.24320,56.35480,1.68550,15.68340,29.86310,9.87210,14.05790,34.47570,1.34020,14.40040,22.76240,7.60330,11.77590,22.89800,1.15950,13.51830,18.84320,6.35290,10.35080,16.67530,0.98460,12.83550,16.40960,5.57560,9.34760,13.37710,0.82920,12.30960,14.88080,5.11080,8.66790,11.50690,0.74390,11.87790,13.89470,4.73460,8.18240,10.32230,0.70000,11.49570,13.09670,4.53280,7.74040,9.53610,0.67440,11.17800,12.56660,4.33410,7.40520,9.02260,0.64580,10.93890,12.10000,4.26110,7.13510,8.61590,0.59620,10.73330,11.78580,4.17240,6.94410,8.30570,0.57080,10.56270,11.52670,4.12430,6.76480,8.09180,0.60520,10.40850,11.30730,4.09230,6.60100,7.94380,0.55140,10.60660,11.08110,4.09030,6.63790,7.65730,0.62620,12.28330,13.45440,4.18240,7.66700,8.65720,0.81240,13.41540,15.72960,4.43620,8.40800,10.23980,0.99700,14.54780,18.07990,4.79340,9.29410,11.98780,1.28760,15.76910,20.51340,5.34340,10.18750,13.84570,1.63790,16.89240,23.23750,5.95770,11.17190,15.86790,1.99550,18.20090,26.04850,6.62900,12.19480,17.96250,2.36930,19.47480,29.06320,7.29050,13.32020,20.27100,2.86330,20.71770,32.40330,8.04140,14.38910,22.81540,3.34940,22.14970,35.61110,8.91010,15.63880,25.37430,3.92370,23.41310,39.33090,9.73570,16.75770,28.23570,4.48130,24.78480,43.05150,10.64090,18.04650,31.13180,5.14100,26.16650,46.83330,11.76910,19.33440,34.12240,5.89370,27.37320,50.75440,12.94570,20.42980,37.26310,6.71100,28.67890,54.69820,14.21500,21.76620,40.48850,7.54940,29.99590,58.74830,15.65880,22.96310,43.62740
LQ,96.77390,48.27080,135.07050,240.71190,48.03550,115.44460,97.14740,48.36540,135.50580,241.93190,48.08240,115.05790,34.99480,45.48120,135.79730,227.26900,47.95740,115.50000,4.15030,22.65280,102.45260,25.90000,28.35320,103.69110,2.78560,18.72020,51.38070,12.92420,18.45150,61.55800,2.12790,16.77500,34.11320,9.08480,14.40040,37.63620,1.74650,15.54570,25.87980,7.21770,12.24390,25.32820,1.58720,14.57060,21.42840,6.21910,10.86410,18.64850,1.29870,13.86390,18.76510,5.41600,9.87490,14.88880,1.26060,13.38710,17.18190,5.06990,9.28610,13.00310,1.13590,13.03450,15.90990,4.76820,8.81150,11.64910,1.10140,12.66270,15.12170,4.49780,8.36800,10.82000,0.96140,12.33600,14.50960,4.28130,8.10400,10.20320,1.00320,12.15560,14.17270,4.18440,7.86210,9.87510,0.91200,11.84280,13.72930,4.04050,7.62920,9.50990,0.95060,11.80450,13.56160,4.04640,7.54240,9.39960,0.91200,11.63670,13.45070,3.96910,7.43530,9.27580,0.94750,11.95490,13.06070,3.97900,7.55880,8.95500,1.04370,13.74060,15.63380,4.14430,8.76260,10.07000,1.14370,14.93590,18.17910,4.47930,9.62380,11.79580,1.34340,16.24570,20.81230,4.92460,10.60950,13.82310,1.69870,17.49170,23.75950,5.55780,11.71880,16.01140,2.02930,18.72990,26.67260,6.16550,12.66610,18.21230,2.45150,20.03160,29.92630,6.96460,13.83840,20.62500,2.84520,21.49600,33.33020,7.75570,15.10000,23.20150,3.34560,22.98720,36.89460,8.64070,16.32160,25.87310,3.92960,24.35620,40.79930,9.64730,17.66410,28.91070,4.73670,26.05500,45.24510,11.08110,19.25460,32.91140,5.26260,27.10180,48.67360,11.94390,20.10950,35.19560,5.92340,28.34550,52.86280,13.19820,21.37340,38.41810,6.60740,29.75760,56.53520,14.50180,22.63500,41.39470,7.50590,31.22370,60.86760,16.03680,23.96750,44.79730,8.42200,32.36100,64.81260,17.54080,25.14880,48.07810
LQ,102.77130,52.29480,143.29330,284.65470,54.22370,120.97690,103.18360,52.75830,143.69480,290.27110,54.61840,120.73750,39.95490,47.98860,143.93670,282.19270,54.11170,121.45810,5.24730,25.77160,100.13470,40.64930,35.49950,107.11780,3.85880,21.94270,52.01780,19.70230,22.97520,67.87880,3.14010,19.79980,36.56090,13.89100,17.75550,43.65270,2.71190,18.53750,28.66860,11.04580,14.73500,30.69660,2.44090,17.52330,24.23100,9.42280,13.02760,23.14760,2.22220,16.67560,21.39530,8.32730,11.77270,18.79920,2.08190,16.09920,19.60570,7.63930,10.93290,16.15600,2.00390,15.54980,18.18380,7.23780,10.10800,14.45890,1.83450,15.13540,17.20440,6.77880,9.59370,13.30390,1.73160,14.80420,16.46590,6.52840,9.26740,12.47580,1.73830,14.39290,15.93950,6.34820,8.83980,11.94050,1.70520,14.20970,15.50550,6.21680,8.63740,11.56300,1.62800,14.02110,15.14600,6.07970,8.36050,11.20670,1.65260,13.86390,14.84890,6.05430,8.14070,10.99790,1.61990,14.06530,14.56050,5.95770,8.24890,10.58480,1.66580,16.35110,17.44020,6.12600,9.61280,11.52010,1.94160,17.85200,20.47630,6.61940,10.61540,13.51710,2.17070,19.26460,23.39400,7.22020,11.69030,15.70040,2.55180,20.62130,26.54090,7.87300,12.85260,18.03290,2.97250,22.27720,29.83160,8.66270,14.14660,20.60370,3.50680,23.60450,33.57370,9.60330,15.36520,23.33370,4.03850,25.16210,37.26310,10.57860,16.75770,26.27290,4.67810,26.60430,41.30050,11.66570,18.13050,29.34000,5.33030,28.16910,45.27170,12.88850,19.57580,32.54250,6.04740,29.49740,49.56350,14.09610,20.99370,35.93410,6.78370,31.05930,53.62650,15.41910,22.48170,39.31990,7.66510,32.45210,57.87820,16.92250,23.96120,42.58330,8.62690,33.62840,62.32250,18.42680,25.18890,46.22730,9.67970,34.89100,66.45650,20.02610,26.61860,49.83480,10.70670,36.04880,70.58760,21.50040,27.92590,53.35910
LQ,107.41180,55.96610,149.27070,267.22820,56.04460,121.63940,107.90480,56.02490,148.84170,266.98310,56.26140,120.67780,42.73040,52.49010,149.78840,254.56120,55.88770,121.21710,4.72620,23.74770,114.89280,29.92630,28.58540,106.09920,3.35320,19.06660,52.84640,14.77340,17.55500,58.72920,2.66720,16.97560,32.56870,10.46070,13.30960,34.88070,2.28950,15.79770,23.77800,8.40570,11.08980,22.83890,2.09890,14.91650,19.35340,7.35860,9.76400,16.60090,1.94830,14.23940,16.83380,6.64820,8.85530,13.40280,1.79960,13.67570,15.28000,6.14690,8.16520,11.61260,1.76640,13.34130,14.29200,5.93940,7.74750,10.55370,1.69210,13.03450,13.62470,5.67860,7.44690,9.84830,1.64120,12.66950,13.18370,5.48010,7.13290,9.44310,1.61990,12.56860,12.81370,5.40060,7.01790,9.11600,1.56930,12.31620,12.57720,5.31930,6.84640,8.88490,1.54160,12.18500,12.38540,5.25380,6.72090,8.77620,1.54970,11.97100,12.24040,5.16480,6.52530,8.66270,1.46710,12.33270,11.88650,5.11950,6.72310,8.28690,1.62970,14.35530,14.29200,5.40500,7.90050,9.26430,1.75150,15.72010,16.86480,5.76190,8.83210,10.90870,2.00730,17.00630,19.57020,6.26590,9.77500,12.78530,2.29810,18.49920,22.40100,6.92280,10.89990,14.77740,2.67080,19.93340,25.57250,7.66250,12.07760,17.08310,3.09570,21.36790,28.80450,8.54460,13.20810,19.41870,3.55840,23.01130,32.46410,9.47210,14.54020,22.03410,4.08230,24.51100,36.20110,10.46690,15.87980,24.77640,4.66770,26.08980,40.26040,11.57950,17.28070,27.76650,5.31500,27.58080,44.27790,12.78530,18.56620,30.77000,5.99210,29.15230,48.70290,13.99320,19.99020,34.03940,6.82500,30.51330,52.74790,15.43960,21.34560,37.40770,7.60070,31.94630,57.32080,16.82500,22.78350,40.67230,8.53640,33.49500,61.78380,18.38850,24.15140,44.05970,9.52740,34.64150,65.84130,20.03650,25.51900,47.47840
LQ,146.89550,43.54860,108.45140,358.58040,42.23320,90.65280,139.38190,43.41320,107.26460,336.19330,41.84560,88.64240,32.10980,38.89230,106.24370,239.10260,40.76160,87.64630,2.82350,16.80970,75.17870,15.74210,18.13990,70.66300,1.78300,13.63270,34.01180,8.07320,12.22100,37.79310,1.29080,12.11660,21.45610,5.66510,9.71710,22.29150,0.98460,11.21470,15.91420,4.50190,8.32080,14.37330,0.86140,10.42300,13.14740,3.90590,7.34290,10.69100,0.75610,9.93630,11.64910,3.54500,6.74280,8.86250,0.62320,9.64840,10.74120,3.29670,6.34980,7.85990,0.53950,9.35030,10.16980,3.11970,6.04760,7.23020,0.57980,9.06640,9.76820,3.04960,5.77300,6.88120,0.58430,8.78310,9.51860,2.97620,5.53240,6.70370,0.53060,8.70620,9.29300,2.91420,5.43550,6.45700,0.47710,8.62720,9.22140,2.88870,5.38640,6.38120,0.47120,8.51340,9.11880,2.85970,5.28300,6.30110,0.43420,8.47060,9.01410,2.85790,5.29270,6.26120,0.47410,8.61200,8.91850,2.90320,5.30440,6.19810,0.47560,10.03740,10.78530,3.02750,6.29470,7.14780,0.68190,10.96290,12.74630,3.31930,6.88180,8.55830,0.83380,11.95810,14.71800,3.73780,7.65520,10.09410,1.09990,12.94500,16.83380,4.15830,8.40800,11.68230,1.41550,14.03210,19.13390,4.76610,9.30210,13.43230,1.66250,15.16300,21.70670,5.29090,10.24740,15.25150,2.02090,16.28780,24.30010,6.02660,11.15970,17.24500,2.45500,17.38810,27.12130,6.79340,12.06470,19.44890,2.91050,18.68640,30.10880,7.52640,13.14530,21.70110,3.37580,19.84080,33.33020,8.36240,14.15400,24.11220,3.93160,21.09210,36.41040,9.38230,15.28160,26.51330,4.56590,22.27720,39.83140,10.34370,16.36380,29.14740,5.22340,23.46230,42.96480,11.53660,17.41960,31.65850,5.95080,24.62800,46.52890,12.70740,18.46580,34.26130,6.68920,25.73040,49.69890,13.99320,19.51010,36.84380
LQ,88.89430,46.22650,129.62290,208.56120,45.48120,107.85530,90.02370,46.27090,130.02850,209.02980,45.53910,107.75650,34.88070,44.62630,130.70940,153.32130,45.27970,108.40150,5.09140,26.25060,106.00300,23.36380,25.66200,95.62680,3.40230,21.96560,61.43530,13.49130,19.07640,57.93440,2.59960,19.56560,42.96480,9.80670,15.67530,38.64380,2.14500,18.00460,33.48320,7.92800,13.56110,27.77380,1.80620,16.89680,27.90490,6.74480,12.21770,21.19190,1.59210,16.05350,24.23730,6.00590,11.22380,17.32650,1.43640,15.35720,21.87550,5.49330,10.44040,14.90080,1.30830,14.71190,20.24480,5.05700,9.80550,13.47280,1.20830,14.28790,18.91180,4.82080,9.36640,12.38890,1.16260,13.85660,17.94380,4.60740,8.91750,11.65570,1.10450,13.60400,17.23600,4.43820,8.65010,11.11970,1.02500,13.28500,16.69280,4.25100,8.36800,10.64410,0.99550,13.04830,16.19020,4.19450,8.07960,10.31920,0.98150,12.85940,15.83840,4.10830,7.87170,10.08510,0.91200,13.10020,15.35760,4.01270,7.97520,9.78600,1.02960,15.00990,18.03290,4.22470,9.22220,11.18090,1.15950,16.39350,21.07730,4.58040,10.25320,13.22730,1.44610,17.61850,24.15590,5.11730,11.24830,15.42320,1.76310,19.06660,27.44180,5.76420,12.38220,17.70660,2.21880,20.47750,30.77000,6.54510,13.66140,20.21340,2.61380,21.84580,34.49440,7.30560,14.81580,22.88610,3.05140,23.20510,38.16230,8.15300,16.06180,25.49970,3.53540,24.62800,41.88160,9.11600,17.32090,28.36180,4.13030,25.95090,45.87420,10.14860,18.50880,31.29790,4.71990,27.19680,50.00170,11.23590,19.68740,34.33570,5.45350,28.46130,53.98040,12.51420,20.88500,37.46980,6.30110,29.94640,58.27310,14.01230,22.20750,40.75300,7.11790,31.10240,62.36420,15.39860,23.35780,43.89370,7.94120,32.29750,66.27340,16.97590,24.54350,47.08430,8.96340,33.46650,70.43700,18.78460,25.68930,50.26110
LQ,189.01490,50.73610,140.61330,485.44050,53.11900,121.03690,189.14550,50.97400,141.31420,479.47060,53.41030,120.61820,77.88280,46.62820,140.53570,475.81020,52.86610,121.15700,5.18000,22.83720,95.26270,42.80430,32.61680,102.54350,3.70090,18.69120,45.20540,17.26760,19.60110,59.63750,2.99630,16.84020,30.02930,11.85960,14.79270,37.04760,2.58010,15.69570,22.94530,9.37940,12.32280,25.28230,2.37800,14.83510,19.10910,8.03350,10.75990,18.70670,2.16730,14.15400,16.80290,7.18020,9.75570,14.99690,2.02090,13.60760,15.36170,6.58580,9.00870,12.97440,1.99040,13.15230,14.36560,6.23780,8.43800,11.70230,1.87790,12.87310,13.76670,5.96690,8.06750,10.89280,1.87790,12.54190,13.31120,5.77780,7.71900,10.40830,1.81950,12.39220,12.96360,5.63370,7.52840,9.94680,1.75310,12.15560,12.58770,5.49330,7.28550,9.64440,1.75980,11.97740,12.42010,5.44910,7.13740,9.48370,1.76140,11.83960,12.23690,5.42480,6.98210,9.33330,1.71020,12.00320,11.93710,5.31930,7.05160,9.03670,1.81450,13.85660,14.01990,5.59790,8.17020,9.75050,2.04290,14.98260,16.51370,6.01050,8.93050,11.44120,2.34840,16.24570,18.94620,6.59540,9.89160,13.32950,2.70120,17.42860,21.52270,7.27540,10.94490,15.30040,3.13640,18.78310,24.31260,8.05460,12.01940,17.40830,3.55840,19.99020,27.51360,8.83460,13.17670,19.81480,4.13030,21.29580,30.63160,9.80380,14.34780,22.33750,4.72200,22.75370,33.96590,10.90550,15.68750,24.95030,5.38300,23.95490,37.50100,11.97770,16.84450,27.83190,6.10290,25.28940,41.01980,13.27100,18.06980,30.70480,6.92280,26.62570,44.90210,14.52530,19.42450,33.86500,7.73490,27.96380,48.67360,15.98600,20.69090,36.90480,8.72350,29.12840,52.45410,17.46760,21.92560,40.24900,9.70320,30.34520,56.30080,19.13890,23.19300,43.42590,10.84850,31.56480,60.46670,20.88230,24.36900,46.77770
LQ,94.06540,52.22400,145.65000,244.82320,50.18180,123.23000,94.94100,52.57930,144.91140,245.66090,50.38240,123.23000,28.83480,49.05120,145.98030,221.57140,50.23180,123.91360,3.87060,21.78330,108.50130,23.44240,26.65430,109.05300,2.65480,17.66410,50.10830,12.10000,16.98870,58.72920,2.07510,15.84690,30.99970,8.58300,13.30260,33.95670,1.72340,14.54020,22.62770,6.83720,11.26680,21.84160,1.52540,13.65780,18.37410,5.93710,10.00920,15.88890,1.30670,13.00340,15.91840,5.30180,9.16910,12.81370,1.20830,12.49850,14.45500,4.91400,8.62720,11.21640,1.18310,12.03230,13.58010,4.61780,8.08210,10.22760,1.08270,11.74100,12.76750,4.44030,7.78080,9.47210,1.00320,11.53320,12.20950,4.29960,7.54480,8.95780,1.00170,11.28210,11.96750,4.22070,7.27860,8.70970,0.99700,11.12930,11.71560,4.13830,7.11700,8.48450,0.94750,10.97200,11.49050,4.05440,7.00450,8.32460,0.96140,10.85510,11.51020,4.02660,6.91960,8.28420,0.90740,11.25450,11.12290,4.01070,7.07870,7.90700,0.97220,13.12100,13.50230,4.16840,8.23660,8.80950,1.18780,14.19480,15.92260,4.57830,8.95130,10.50410,1.45900,15.51350,18.38370,5.06130,9.95870,12.39580,1.68380,16.73170,20.97420,5.57560,10.97800,14.34230,2.04120,18.13990,23.86420,6.26590,12.05820,16.50500,2.33980,19.43460,27.00130,6.90080,13.19760,18.80900,2.79820,20.77690,30.16460,7.75830,14.37410,21.22470,3.29490,22.23070,33.67350,8.62690,15.62660,23.95070,3.78450,23.77900,37.35600,9.64440,16.96240,26.77700,4.40750,25.17550,41.14810,10.69420,18.22440,29.75290,4.99280,26.56870,45.04680,11.74230,19.52020,32.98230,5.72810,28.00920,49.13060,12.99590,20.90130,36.17130,6.47840,29.25610,53.19290,14.32680,22.07470,39.41930,7.27040,30.64860,57.33920,15.71290,23.37010,42.73040,8.20100,31.98210,61.63990,17.29930,24.52400,46.35040
LQ,237.90850,57.75350,142.73430,623.83330,59.15710,118.04110,235.35850,57.42580,141.07990,617.77490,58.43840,115.44460,48.99730,51.07650,139.91830,551.10920,57.58930,114.45460,4.67400,20.09390,89.21980,25.33480,25.16210,95.30310,3.33240,16.00370,36.66160,12.45490,14.51370,48.67360,2.66190,13.95140,22.46470,8.86250,10.58020,27.91950,2.27910,12.79470,16.28450,7.20770,8.62470,17.49040,2.01920,11.80130,13.25280,6.30110,7.35210,12.36810,1.83780,11.09280,11.53330,5.71230,6.53180,9.87210,1.71350,10.62420,10.50410,5.36980,6.03720,8.55010,1.71180,10.20180,9.89300,5.13460,5.63210,7.77910,1.58070,9.93350,9.43440,4.93950,5.36880,7.21020,1.51890,9.67580,9.04520,4.84410,5.20750,6.82990,1.46870,9.42820,8.85970,4.73250,5.02550,6.62180,1.45900,9.32620,8.76230,4.67190,4.96860,6.50690,1.43000,9.19830,8.66820,4.60940,4.87640,6.40010,1.43640,9.02960,8.61320,4.60740,4.74950,6.34340,1.34660,9.19830,8.44640,4.55760,4.85760,6.13070,1.50430,10.75400,10.17890,4.79970,5.68420,6.86890,1.64610,11.73150,12.08640,5.10870,6.30530,8.11040,1.87290,12.79470,13.96670,5.59790,7.02920,9.47790,2.12280,13.89300,16.15170,6.13300,7.82860,10.97870,2.42520,15.06080,18.43160,6.76670,8.69860,12.64040,2.73880,16.26680,21.11000,7.43720,9.64290,14.55660,3.11050,17.50070,23.77800,8.17700,10.67720,16.47020,3.48960,18.88040,26.81890,9.07060,11.77270,18.66300,3.98290,20.11480,29.88680,9.97970,12.84580,20.93090,4.52250,21.52400,33.14230,11.06510,13.95880,23.35180,5.05920,22.93910,36.66160,12.10000,15.16690,25.87980,5.76870,24.19600,40.26040,13.33310,16.30050,28.61600,6.41900,25.60060,43.97020,14.50180,17.53230,31.42320,7.20520,27.00000,47.84840,15.89310,18.79770,34.28920,8.05200,28.27630,51.52310,17.33100,19.94890,37.21170
LQ,94.50150,49.13190,136.82630,238.30530,46.53850,116.33670,95.06140,49.18040,136.38370,238.70340,46.68820,115.44460,26.30710,44.36030,136.53090,226.18050,46.40440,115.94500,3.00920,20.74460,93.55400,21.95460,27.46940,101.28270,2.01070,17.34780,45.15240,10.68160,17.53690,58.27310,1.49620,15.71600,29.61190,7.41180,13.70450,34.30780,1.21620,14.55160,22.51700,5.90280,11.63040,22.40680,1.04050,13.76590,18.90690,5.02490,10.31340,16.42250,0.88900,13.17670,16.74120,4.48340,9.49580,13.31850,0.81090,12.65260,15.42320,4.13630,8.86050,11.64580,0.71060,12.39550,14.45890,3.88040,8.50080,10.56920,0.70910,12.00650,13.89470,3.72230,8.11140,9.89000,0.64730,11.81090,13.48390,3.53730,7.86690,9.44310,0.65930,11.60840,13.08590,3.52400,7.65050,9.12730,0.62020,11.41180,12.79590,3.47250,7.45620,8.92970,0.62320,11.24530,12.66860,3.45160,7.31300,8.77900,0.60670,11.14750,12.49670,3.37390,7.21240,8.63790,0.57380,11.35910,12.18550,3.37580,7.29470,8.34890,0.63670,13.19060,14.57620,3.57560,8.40800,9.28150,0.80330,14.34410,17.07860,3.85880,9.18240,11.02660,1.06240,15.51750,19.69210,4.32190,10.05150,12.94930,1.29390,16.74470,22.32600,4.79970,11.07160,14.87680,1.60190,18.11650,25.30850,5.37420,12.13610,17.09210,1.96850,19.45970,28.48110,6.12600,13.22200,19.46910,2.36060,20.80390,31.75160,6.84210,14.39670,22.00000,2.85420,22.15540,35.33980,7.71940,15.64280,24.69310,3.34940,23.64800,39.15490,8.58020,16.84890,27.61440,3.83140,25.12880,42.85360,9.55360,18.21970,30.50190,4.43620,26.50470,46.91670,10.60040,19.44460,33.63710,5.13020,27.81280,50.87880,11.80590,20.63200,36.90480,5.84810,29.05680,54.85370,13.03540,21.93700,40.34000,6.63380,30.37030,59.28720,14.31910,23.17470,43.57690,7.49320,31.60880,63.14360,15.73380,24.33050,46.93070
LQ,242.95730,52.93820,151.18440,732.42480,56.18240,131.46530,239.30270,53.10090,150.65820,714.50110,56.04460,130.36820,42.68130,48.89040,150.30920,497.02590,55.11320,129.75790,3.92560,18.60940,97.60720,20.29200,20.22440,100.61780,2.62980,14.56680,38.17290,10.38060,12.49850,44.92840,1.98370,12.55190,22.43580,7.38640,9.33690,24.99560,1.60350,11.37150,15.65040,6.00590,7.66230,15.20270,1.37860,10.46940,12.48280,5.31500,6.60750,10.86110,1.23360,9.86660,10.77590,4.86730,5.97940,8.75950,1.15000,9.39320,9.73860,4.58660,5.52640,7.63160,1.12330,9.02180,9.05080,4.47310,5.16510,6.93750,1.04370,8.70880,8.63790,4.29550,4.94970,6.46410,0.98770,8.52090,8.24660,4.26310,4.80530,6.14460,0.96910,8.23660,8.07590,4.19650,4.60940,5.96690,0.94440,8.09180,7.90180,4.11830,4.52910,5.82760,0.96910,8.00910,7.79730,4.14430,4.44930,5.78910,0.93210,7.91490,7.77910,4.10030,4.40420,5.69660,0.95830,8.06020,7.50080,4.13430,4.43850,5.53780,0.99550,9.34490,8.98870,4.27120,5.27520,6.17950,1.14060,10.17610,10.64090,4.57630,5.80140,7.36360,1.30190,11.16580,12.37500,4.98210,6.49730,8.63240,1.60840,12.06470,14.16500,5.54890,7.20780,10.04590,1.80120,13.08290,16.21580,6.05200,7.95590,11.46420,2.18780,14.14290,18.49880,6.78370,8.81920,13.21640,2.49180,15.34930,20.93090,7.46260,9.74740,15.01690,2.84340,16.48280,23.61260,8.15830,10.73620,17.00710,3.30610,17.68230,26.38940,9.01410,11.77270,19.07940,3.80790,18.97810,29.23200,9.97670,12.79810,21.30160,4.31380,20.18780,32.53380,11.01380,13.88940,23.65540,4.94800,21.42350,35.88490,12.04890,14.99040,26.27290,5.49780,22.75370,39.29790,13.15460,16.16190,28.75160,6.25190,23.87930,42.76730,14.43550,17.25840,31.58270,6.96460,25.13540,46.30930,15.76720,18.36600,34.20570
LQ,111.20310,53.88870,146.39510,280.57320,55.42110,123.66420,112.67610,54.03720,146.39510,278.97090,55.80950,123.23000,36.38040,49.40760,146.72840,269.70230,55.57590,124.10110,4.48540,22.93910,96.65000,29.21660,31.33690,107.51010,3.15490,19.09120,44.47170,14.29980,19.13070,60.28760,2.50950,17.21840,29.40190,10.01580,14.34410,35.90460,2.16900,16.01190,22.38950,8.02290,11.85550,23.66760,1.90970,15.11970,18.78950,6.90570,10.46940,17.38550,1.74980,14.49480,16.66650,6.17250,9.48500,14.11140,1.66080,14.04320,15.36990,5.73710,8.77540,12.36110,1.52210,13.66500,14.46670,5.39620,8.40300,11.20670,1.48970,13.32020,13.84190,5.19950,8.01640,10.47620,1.51240,13.11410,13.40650,5.09360,7.66930,10.02480,1.44290,12.93470,13.11480,4.96930,7.52370,9.69440,1.45250,12.73030,12.86350,4.89490,7.36590,9.46630,1.38500,12.60550,12.65800,4.81660,7.23520,9.29880,1.42680,12.49180,12.51420,4.77450,7.14190,9.15860,1.34340,12.67620,12.44790,4.72200,7.19190,8.94090,1.33860,14.83510,15.25150,4.83140,8.48820,9.92580,1.56440,16.23310,17.88770,5.22990,9.47690,11.79580,1.88460,17.55950,20.72110,5.80500,10.48680,13.93630,2.17410,19.00760,23.69820,6.40960,11.58640,16.06650,2.61030,20.41390,26.74910,7.12040,12.78790,18.39810,2.99080,21.84010,30.16460,7.85210,14.00280,20.92550,3.50300,23.35170,33.68260,8.84580,15.40120,23.64930,4.08030,24.81110,37.50100,9.80670,16.67990,26.54780,4.64900,26.45510,41.23010,10.87380,18.13520,29.54170,5.31060,27.81280,45.27170,12.00820,19.44460,32.71760,6.04740,29.30420,49.62360,13.21270,20.89590,35.97350,6.79340,30.80180,53.55950,14.57230,22.39380,39.37510,7.70120,32.20690,58.14100,16.09630,23.66040,42.81660,8.67100,33.59020,62.28080,17.64190,25.10880,46.51520,9.68560,34.80090,66.34200,19.33330,26.43380,50.04730
LQ,94.94100,48.17650,132.85920,234.39100,46.92900,111.98820,95.42420,48.30230,133.14100,234.19830,46.95930,111.35940,29.05550,44.78130,133.92140,200.00520,46.86860,112.30480,3.51440,20.17730,92.73760,22.01140,23.84160,94.66100,2.30850,16.67990,42.64450,11.34960,15.78130,50.72340,1.78790,14.97090,27.70850,7.89130,12.38220,29.98960,1.51080,13.98070,21.03380,6.28700,10.63010,19.76870,1.26690,13.28500,17.57750,5.41600,9.49310,14.57230,1.11240,12.62900,15.48900,4.80610,8.67560,11.97430,1.01410,12.17190,14.23030,4.46490,8.12850,10.46070,0.97530,11.92280,13.59130,4.20050,7.86210,9.70620,0.99550,11.66190,13.00310,4.12230,7.56820,9.15580,0.84760,11.41490,12.39930,3.90990,7.32680,8.66550,0.83380,11.13840,12.08300,3.79030,7.01340,8.35430,0.83380,10.99300,11.86970,3.72810,6.82870,8.17970,0.80330,10.88800,11.78240,3.71450,6.78900,8.12370,0.82000,10.85210,11.68900,3.68540,6.74500,8.01500,0.85220,11.02620,11.46420,3.72030,6.75160,7.84680,0.92130,12.80830,13.86830,3.88430,7.93420,8.86810,0.97220,13.86390,16.27160,4.08830,8.66540,10.49170,1.24310,15.06470,18.71160,4.58040,9.59100,12.35420,1.55950,16.41890,21.35660,5.11300,10.56270,14.29200,1.90800,17.61850,24.23730,5.73260,11.58330,16.35340,2.19470,19.02720,27.12130,6.36230,12.76070,18.47000,2.57660,20.25590,30.18860,7.07080,13.79850,20.76400,3.05690,21.76060,33.66440,7.94120,15.06080,23.35180,3.59100,23.20510,37.30430,8.93250,16.31310,26.08910,4.25700,24.51750,41.25360,9.89600,17.57770,29.10150,4.79340,25.84720,44.66670,10.92780,18.78310,31.90450,5.45350,27.05090,48.76160,12.03530,19.94370,34.93770,6.14000,28.39950,52.51920,13.28920,21.25710,37.98240,7.00150,29.77400,56.62580,14.63910,22.57590,41.13650,7.90440,31.09380,60.92800,16.19440,23.84790,44.44580
LQ,90.09730,46.77830,127.95600,243.78330,44.66850,107.60850,91.06370,46.83850,128.48540,246.71550,44.80950,107.46090,34.49440,42.90370,128.35270,240.50960,44.54200,107.70710,3.74360,22.89710,93.20270,36.14150,29.61090,94.94100,2.55000,19.29950,48.90870,16.49630,20.01610,59.97120,1.97190,17.45560,34.04870,11.19380,15.86330,38.45030,1.62800,16.33000,26.72120,8.69310,13.57890,26.74910,1.38660,15.41720,22.69200,7.27040,12.09060,20.18730,1.28760,14.78880,20.18730,6.44990,11.17190,16.49190,1.17990,14.27670,18.53250,5.88450,10.42880,14.35780,1.06080,13.92950,17.42650,5.44030,9.96990,12.97440,1.03740,13.54680,16.64900,5.20820,9.54470,12.09320,1.00480,13.26750,16.02410,4.99710,9.14270,11.51350,0.95680,13.07600,15.55510,4.87580,8.90710,11.09070,0.92130,12.84920,15.18650,4.79550,8.68070,10.71300,0.91050,12.71670,14.90080,4.76190,8.50830,10.47620,0.90130,12.53850,14.67060,4.65730,8.31830,10.26720,0.88280,12.83210,14.41220,4.58450,8.46560,9.93180,0.95060,14.69660,17.14140,4.71370,9.63200,11.02980,1.15790,16.03680,19.94340,5.10650,10.53640,12.92780,1.40590,17.28970,22.74480,5.60690,11.53320,15.00890,1.77470,18.57580,25.59910,6.22380,12.55860,17.19090,2.12450,19.86130,28.72890,6.90810,13.68290,19.59040,2.55000,21.18540,32.15280,7.64190,14.88160,22.10240,3.06800,22.61140,35.49450,8.51180,16.05350,24.68040,3.57760,23.88560,39.26480,9.36790,17.23620,27.65060,4.18650,25.24910,43.01430,10.47310,18.53270,30.53430,4.80190,26.75460,46.83330,11.53990,19.91790,33.70990,5.57560,27.96380,50.81660,12.76750,21.05920,36.81340,6.27760,29.24010,54.80180,14.00460,22.39380,40.03380,7.12790,30.42910,58.71010,15.35760,23.57350,43.18830,8.00970,31.75040,62.61540,16.79410,24.77830,46.50140,8.96060,32.78270,66.38780,18.34550,25.93700,49.72910
LQ,100.30990,51.45480,140.76850,258.42760,52.90220,119.08400,101.10470,51.62820,140.38100,257.73750,53.06470,118.09860,49.56350,46.64320,140.76850,254.11340,52.49010,118.90910,3.79230,21.75490,95.26270,36.07220,29.44090,98.02820,2.53240,17.24060,43.37580,15.34530,17.88890,55.67650,1.96350,15.31740,27.40600,10.11530,13.13490,33.47420,1.63620,14.10590,20.27620,7.75570,10.67720,21.55040,1.44290,13.26400,16.59210,6.50690,9.25140,15.47660,1.25110,12.54520,14.45500,5.66290,8.20950,12.19230,1.16730,12.02260,13.11120,5.14970,7.59160,10.56300,1.09990,11.55510,12.14100,4.84410,7.02920,9.43150,1.05460,11.31290,11.54320,4.60110,6.75380,8.74560,1.00940,10.95990,11.14540,4.41980,6.44150,8.28420,0.94910,10.78370,10.71920,4.28940,6.26090,7.90700,0.92280,10.63300,10.44220,4.21060,6.10370,7.64440,0.89050,10.41140,10.26110,4.11430,5.93000,7.45500,0.89050,10.27030,10.11830,4.03050,5.82170,7.37380,0.86440,10.48390,9.84240,4.03850,5.84210,7.05590,0.93050,12.32280,11.99120,4.21260,6.90850,7.89650,1.08890,13.48630,14.31520,4.50810,7.66930,9.46630,1.30350,14.70430,16.49630,4.95230,8.49570,11.09720,1.65100,15.94990,18.95110,5.51110,9.43630,12.92780,1.98370,17.18730,21.53930,6.10290,10.41430,14.87680,2.27560,18.59980,24.51480,6.74000,11.57070,17.02050,2.76940,19.97470,27.61440,7.59040,12.67960,19.35840,3.28360,21.40120,30.98320,8.44640,13.86750,21.90930,3.72810,22.89110,34.21500,9.33040,15.13150,24.40720,4.27320,24.22790,38.04580,10.25810,16.46150,27.27750,4.87160,25.73730,41.79790,11.35620,17.68230,30.15660,5.63370,27.21150,45.80670,12.63690,19.02230,33.43810,6.33400,28.47680,49.85000,13.80800,20.30840,36.55080,7.14280,30.00410,53.77780,15.15000,21.78890,39.88750,8.05200,31.31070,58.19760,16.62270,23.11410,43.30070
LQ,91.59090,47.01980,131.88090,211.40180,45.80060,109.20430,92.23790,47.21740,132.29860,213.33470,45.87360,108.85190,31.32290,44.96550,133.07050,153.59220,45.40910,109.66020,4.02460,23.62940,103.32160,19.16870,23.54260,94.42200,2.53240,18.90480,54.15010,10.43600,16.15770,53.02750,1.82120,16.49130,35.37840,7.37630,12.69640,32.70880,1.43320,14.93590,26.03490,5.84130,10.65060,21.74040,1.12810,13.86020,20.95790,4.86730,9.32880,15.82580,0.93210,13.03450,17.91100,4.30970,8.43050,12.63340,0.83380,12.40540,16.04950,3.91780,7.76180,10.82320,0.67440,11.92600,14.75360,3.57560,7.34520,9.70030,0.64430,11.48330,13.89100,3.39090,6.87740,8.99440,0.58430,11.11410,13.25640,3.22940,6.56420,8.50640,0.52160,10.87300,12.65450,3.12530,6.33920,8.12370,0.50080,10.64180,12.30580,3.05140,6.16420,7.84420,0.49040,10.46070,12.01500,2.98530,6.00410,7.66770,0.41210,10.34790,11.74570,2.90870,5.89110,7.47020,0.44160,10.50430,11.41830,2.89600,5.90750,7.27290,0.46970,12.25050,13.77420,3.02020,7.01120,8.38130,0.64580,13.35890,16.22870,3.37010,7.72140,10.03380,0.82000,14.47210,18.75050,3.78250,8.59420,11.81590,1.10450,15.66720,21.31810,4.29350,9.50670,13.70310,1.37540,16.84020,24.20600,4.82720,10.44330,15.72120,1.69540,18.13050,27.24900,5.49780,11.53940,17.87840,2.09040,19.42450,30.42930,6.21450,12.56190,20.23960,2.51300,20.65870,33.91080,6.98670,13.63270,22.72130,2.99450,22.01150,37.40770,7.83640,14.76190,25.26260,3.42500,23.32110,41.06640,8.70410,16.04100,27.97800,4.03650,24.54990,44.82340,9.73860,17.12530,30.77820,4.66770,25.85410,48.83510,10.85800,18.33290,33.80100,5.38300,27.05810,52.38920,12.07270,19.44970,36.61120,6.12140,28.19210,56.37280,13.39550,20.54120,39.58570,6.88850,29.36040,60.30750,14.79330,21.68710,42.43690
LQ,107.11780,53.98140,146.72840,271.20720,55.42110,123.29190,108.05340,54.29850,147.06300,271.45960,55.71200,123.10640,59.46200,50.68540,147.39890,271.45960,55.42110,124.28910,6.31520,28.45350,112.41070,48.87920,40.65040,114.12770,4.58250,23.80400,60.08960,21.85850,26.11070,78.14680,3.77670,21.65880,41.63130,15.43960,20.05240,50.70790,3.30990,20.19300,32.71760,12.31960,16.77070,36.03270,3.00180,19.11590,27.62890,10.48240,14.70810,27.49920,2.76220,18.32810,24.41350,9.32460,13.35540,22.18240,2.60140,17.79680,22.28000,8.57200,12.39550,19.08930,2.43740,17.28070,20.82840,7.93590,11.70610,17.02490,2.37110,16.80100,19.77390,7.58790,11.09890,15.65040,2.33800,16.46150,18.97080,7.32070,10.59490,14.65880,2.25840,16.13260,18.39330,7.03610,10.21890,14.05030,2.23770,15.88800,17.89700,6.86160,9.91400,13.53560,2.19300,15.65910,17.52710,6.78610,9.68680,13.12570,2.29810,15.53770,17.32650,6.72790,9.50670,12.95640,2.10920,15.70790,16.81170,6.56190,9.53380,12.30240,2.25150,17.92120,19.75850,6.85430,10.95990,13.28560,2.51830,19.58590,23.10580,7.34090,12.04200,15.42730,2.78740,21.11400,26.29340,7.97280,13.29910,17.74360,3.24430,22.58770,29.57290,8.75670,14.56300,20.58770,3.71640,23.96750,33.33020,9.60630,15.92920,23.24950,4.22070,25.63470,37.11930,10.57550,17.34330,26.02820,4.84410,27.13830,41.17150,11.71230,18.72020,29.10910,5.57340,28.56210,45.37800,12.92060,20.09390,32.44680,6.31520,30.14500,49.27930,14.24190,21.56320,35.65980,7.09800,31.54710,53.52600,15.63800,22.98720,39.29790,7.97800,33.08950,57.78470,17.16840,24.47220,42.55890,8.96340,34.35500,62.07300,18.85300,25.90240,46.11830,9.92880,35.61260,66.29620,20.47630,27.32900,49.63870,11.11000,36.93210,70.71340,22.43000,28.61650,53.25930,12.29890,37.96790,74.95760,24.43250,29.88060,56.99000
LQ,107.41180,54.00000,147.06300,257.27930,54.54290,122.79830,108.40150,54.13030,147.23080,258.65840,54.61840,122.00340,42.09770,51.40300,147.73620,203.38000,53.83320,122.85980,4.42800,22.09770,113.47870,22.34330,21.87420,102.36180,3.09200,16.95360,49.16030,12.49670,14.04320,49.83480,2.45320,14.73880,28.94110,9.09330,10.77770,28.49610,2.05130,13.42950,20.18730,7.43460,9.01920,18.11760,1.86450,12.38550,15.99440,6.45700,7.86450,13.21640,1.67560,11.72830,13.70680,5.90050,7.12160,10.72240,1.57740,11.27290,12.34730,5.51330,6.64010,9.35060,1.47510,10.84320,11.54980,5.21690,6.31800,8.53370,1.44610,10.48390,10.93410,5.04200,6.01030,8.00970,1.37540,10.25320,10.38060,4.91610,5.81160,7.59560,1.35300,9.97270,10.14250,4.82290,5.60010,7.39150,1.34500,9.75010,9.88410,4.76820,5.45920,7.20270,1.33540,9.65660,9.72680,4.72200,5.34340,7.06580,1.36900,9.53380,9.58870,4.74300,5.26750,6.99170,1.23840,9.68960,9.26430,4.59080,5.34730,6.71580,1.36420,11.30360,10.93410,4.77660,6.40090,7.56480,1.47840,12.38880,13.06430,5.12380,7.20100,9.05080,1.72830,13.51470,15.24330,5.60460,8.02130,10.62530,2.04970,14.68130,17.47670,6.28470,8.91490,12.34730,2.34670,15.95810,20.02610,6.95230,9.88330,14.20730,2.74780,17.09430,22.76830,7.65990,10.87600,16.27590,3.11420,18.46580,25.55260,8.49820,11.97100,18.34070,3.55070,19.72820,28.57100,9.39960,13.04830,20.57180,4.10030,21.14690,31.93010,10.40830,14.26180,23.18950,4.67610,22.47580,35.37840,11.47730,15.40920,25.81270,5.28870,23.84160,38.91460,12.60520,16.67560,28.51850,5.92340,25.23570,42.63230,13.80050,17.97220,31.36460,6.68440,26.65430,46.51520,15.15810,19.21490,34.35430,7.51870,27.90330,50.52230,16.53980,20.38220,37.46980,8.36240,29.14430,54.33760,17.98590,21.55760,40.45420
LQ,97.39780,51.14500,141.31420,249.06520,49.58720,119.31790,98.02820,51.12780,141.54920,249.06520,49.75130,119.14240,39.96620,47.60080,141.86350,245.45100,49.75130,119.96500,4.11230,23.63560,106.97130,32.10980,32.14380,106.97130,2.91600,19.55050,53.07710,15.03700,20.41920,65.50320,2.28950,17.50520,34.75770,10.34680,15.79360,40.11290,1.91140,16.31730,26.25930,8.11570,13.38000,26.98020,1.69540,15.35330,21.59500,6.95970,11.79180,19.79430,1.52210,14.61250,18.94620,6.12370,10.69780,15.87210,1.39780,14.05790,17.15940,5.56450,9.98400,13.62470,1.36580,13.55390,16.00290,5.27780,9.32350,12.27140,1.27330,13.27100,15.15410,5.02060,8.98520,11.36590,1.24630,12.95530,14.63520,4.82290,8.65770,10.76960,1.18780,12.70660,14.05030,4.69480,8.31580,10.23980,1.13280,12.43190,13.67690,4.55560,8.04560,9.90790,1.13120,12.29320,13.46170,4.50810,7.88370,9.67080,1.03430,12.17850,13.16910,4.38300,7.76180,9.43730,1.03430,12.40540,12.81720,4.35650,7.87170,9.07060,1.18310,14.40040,15.33710,4.61360,9.05060,9.99470,1.31620,15.59420,17.97660,4.98000,9.85270,11.80250,1.52860,16.93180,20.67300,5.42040,10.93290,13.76300,1.84950,18.23850,23.57600,6.03350,12.02580,15.89730,2.21530,19.58080,26.65170,6.66510,13.19060,18.24070,2.63870,20.98280,29.85520,7.52890,14.31410,20.67830,3.10490,22.44650,33.34820,8.35160,15.63880,23.33970,3.61020,23.77900,37.00670,9.32460,16.80100,26.10950,4.23280,25.27590,40.82240,10.29780,18.16330,29.13210,4.76400,26.67570,44.75800,11.35290,19.55050,32.07550,5.46240,27.99410,48.90870,12.52810,20.70160,35.24360,6.24250,29.40870,52.86280,13.93630,22.08620,38.56840,7.08070,30.71660,57.02670,15.25960,23.38850,41.91750,7.90180,31.95520,61.21130,16.74560,24.58240,45.32480,8.83460,33.19270,64.94540,18.27880,25.82660,48.62970
LQ,85.57100,49.44020,136.60470,249.28080,47.70890,116.90020,86.63330,49.66920,136.38370,248.42030,47.98860,116.90020,30.06110,45.48120,136.75230,247.35230,47.70890,117.12690,3.30800,21.74930,104.67160,31.39810,28.53100,104.38990,2.30330,17.73720,51.44390,14.14590,18.24790,60.84740,1.80950,16.12840,32.62990,9.65610,14.17250,36.33050,1.48650,14.97090,24.20600,7.72710,12.06470,23.92590,1.35140,14.16510,19.99510,6.67230,10.78370,17.67420,1.18620,13.51470,17.44930,6.05660,9.93350,14.31140,1.08420,13.09330,15.89730,5.56220,9.33420,12.44100,1.08730,12.72350,14.91280,5.37420,8.86310,11.38550,0.97220,12.37560,14.21880,5.13890,8.48820,10.61290,0.94600,12.16540,13.79300,4.79970,8.26130,10.16070,0.93210,11.98710,13.41020,4.66560,8.05040,9.78300,0.87060,11.78220,13.04990,4.46900,7.83330,9.53610,0.89210,11.72200,12.84570,4.37480,7.73800,9.33900,0.75310,11.69660,12.59120,4.21060,7.63870,9.11600,0.88900,11.86190,12.27820,4.27120,7.71430,8.85690,0.93820,13.73340,14.72990,4.42390,8.81920,9.68850,1.11080,15.11570,17.32650,4.83770,9.73080,11.52670,1.40750,16.32580,19.98470,5.29530,10.65360,13.58010,1.67070,17.58670,22.78590,5.82990,11.71250,15.66710,2.05130,19.07640,25.77250,6.53800,12.95190,17.95780,2.47080,20.37160,28.92590,7.31820,14.05420,20.44460,2.88320,21.88560,32.43810,8.08650,15.41720,23.12970,3.39660,23.21730,36.02280,8.99720,16.59390,25.96060,3.91380,24.68010,39.74180,9.95580,17.93510,28.81970,4.51220,26.17350,43.50130,11.03620,19.21990,31.87050,5.13890,27.41020,47.54930,12.16830,20.40330,35.08070,5.87090,28.81990,51.53890,13.51340,21.81730,38.49320,6.68440,30.14500,55.71190,14.87680,23.05960,41.82180,7.53400,31.46810,60.18850,16.34910,24.31120,45.35140,8.42470,32.70880,63.76460,17.93910,25.62100,48.71750
Ea,121.3375,55.0749,163.4269,319.0000,48.7464,139.0009,121.4581,54.8460,162.9241,317.9801,48.6826,137.7938,82.4091,54.3360,163.9324,226.0000,47.9263,139.3819,7.1877,35.3359,145.1569,24.6484,25.8679,118.3870,4.7871,29.4006,83.3445,15.5138,21.0702,61.9695,3.7320,26.3350,56.6621,11.9811,18.7831,40.6263,3.1921,24.5175,44.0853,10.1759,17.3612,30.0372,2.8923,23.5240,37.1808,9.1729,16.6541,24.2373,2.6085,22.6054,32.8761,8.3570,15.8921,20.7265,2.4357,21.9885,30.1486,7.9018,15.4132,18.7895,2.2601,21.5520,28.3172,7.4983,15.1827,17.3946,2.1758,21.0428,26.9661,7.2052,14.7696,16.4442,2.0938,20.8201,25.8462,6.9892,14.5289,15.7714,2.0700,20.5093,25.3282,6.8445,14.3854,15.4890,2.0107,20.3084,24.7957,6.6723,14.1836,15.0934,2.0073,20.2035,24.4198,6.5882,14.0690,14.8848,2.0056,20.1095,24.1247,6.5738,14.0285,14.6470,2.0023,20.5306,23.2195,6.5427,14.2879,14.4122,2.0802,23.1201,26.1231,6.6723,16.5982,16.6621,2.3763,24.8440,30.3568,7.2403,18.0791,19.7279,2.7730,26.6757,34.7671,7.9570,19.6620,22.9868,3.2499,28.4149,39.7083,8.7734,21.2074,26.4581,3.7670,30.2198,44.8103,9.7268,22.8851,30.2766,4.3199,32.0090,49.9106,10.7633,24.4722,34.1502,4.9501,33.6093,55.4296,11.9202,26.0410,38.5361,5.6292,35.2138,61.2316,13.1691,27.7077,43.0763,6.3954,36.9213,66.7097,14.5684,29.1125,47.8198,7.3081,38.2727,72.5384,16.0029,30.4123,52.4379,8.2278,39.8119,78.0587,17.6327,31.9195,57.3023,9.1501,41.0351,83.5074,19.3283,33.1457,62.1145,10.2581,42.0258,89.3288,21.1318,34.2668,66.4795,11.4019,43.2648,94.4220,23.0879,35.4380,71.3224,12.6087,44.1796,99.6554,25.0799,36.5455,75.8760
Ea,141.7848,54.4111,163.5277,426.6842,47.7864,142.1791,142.6548,54.7510,163.9324,427.8681,47.9886,141.7848,102.0451,53.7593,165.2597,345.8533,47.4776,143.3734,6.8934,33.9747,145.8976,31.2147,26.1735,122.6141,4.5143,27.5882,80.1570,17.7112,21.2074,62.6784,3.4763,24.7063,52.2919,12.9242,18.7444,39.7866,2.9597,23.0354,39.7642,10.6222,17.2451,28.6686,2.6281,21.9027,33.0355,9.2988,16.3850,22.6394,2.3276,21.0538,28.8500,8.3597,15.6672,19.1240,2.1741,20.4615,26.3619,7.7531,15.1906,17.0518,2.1211,19.9747,24.4261,7.3485,14.6774,15.7588,1.9837,19.6467,23.2675,6.9843,14.4381,14.7576,1.8946,19.4547,22.3722,6.7618,14.2954,14.1996,1.8729,19.1851,21.7797,6.5666,14.0763,13.8269,1.8029,18.9781,21.2741,6.4143,13.8857,13.5134,1.8228,18.8268,20.9904,6.3411,13.7442,13.3002,1.8095,18.7977,20.6037,6.2847,13.7262,13.1040,1.7680,19.1406,19.8354,6.1423,13.9441,12.7782,1.9685,21.7266,22.6452,6.4238,16.1535,14.9407,2.1895,23.4808,26.7910,6.8421,17.6094,17.9204,2.6103,25.3364,30.9503,7.5776,19.2497,21.0556,3.0165,27.1676,35.3881,8.3570,20.7985,24.4198,3.5335,28.8986,40.3628,9.3304,22.4231,28.1766,4.1563,30.9388,45.5248,10.3929,24.1323,32.1098,4.7850,32.6168,50.7855,11.5597,25.6006,36.2806,5.5778,34.1788,56.2469,12.8992,27.0873,40.8224,6.3505,35.8091,62.1145,14.2419,28.5543,45.6587,7.1977,37.3791,67.8551,15.6796,30.0620,50.5223,8.1290,38.9969,73.7059,17.3220,31.4944,55.4648,9.1757,40.2828,79.5485,19.1786,32.6812,60.9280,10.2520,41.5263,85.0644,21.0121,33.9456,65.4583,11.3823,42.5732,90.8392,22.9690,35.0822,70.5876,12.6650,43.6438,95.9115,25.0085,36.1222,75.6518
Ea,325.2505,54.3923,160.3529,989.8694,51.3685,137.3458,319.6834,54.5806,160.1581,966.4058,51.4375,135.7243,214.6412,53.8517,161.3333,628.7634,50.7023,137.1970,13.1728,39.0552,148.4148,42.2548,32.3065,123.5399,9.0848,33.5998,97.6911,26.2524,26.7977,76.5264,7.3991,31.0938,69.4945,20.2030,24.1005,54.1501,6.4356,29.5298,56.0142,17.0562,22.5170,42.4125,5.7642,28.2994,48.6736,14.9568,21.3346,35.5333,5.3193,27.5064,44.0085,13.6136,20.5306,31.0905,4.9693,26.8265,40.8687,12.6615,19.8870,28.1618,4.7158,26.2366,38.6654,11.8227,19.4245,26.0349,4.5597,25.9786,36.9048,11.3888,19.1356,24.5021,4.4444,25.6347,35.8064,10.9819,18.8220,23.5821,4.3036,25.3836,34.8049,10.6409,18.6767,22.8271,4.1724,25.2357,34.3357,10.3837,18.4801,22.2800,4.1423,25.0688,33.8284,10.2794,18.3045,21.8698,4.1103,24.9694,33.4923,10.1183,18.2244,21.5838,4.0405,25.6006,31.9216,9.9408,18.6719,21.0501,4.3097,28.3378,35.5819,10.4391,21.4737,24.0189,4.8166,30.2449,41.0431,11.2618,23.3333,28.1987,5.4248,32.1618,46.5427,12.3993,25.1088,32.4641,6.1376,33.9166,52.1466,13.7367,27.0436,37.0170,7.0584,35.6848,58.5385,15.2271,28.7807,41.8936,7.9570,37.4452,64.2418,16.9714,30.5978,46.9864,8.9887,39.1019,70.3369,18.8383,32.2522,51.9055,10.0820,40.6381,76.3276,20.7908,33.8780,57.0816,11.3692,41.8712,82.3132,23.0760,35.3053,62.4896,12.6369,43.2783,87.9645,25.4468,36.8349,67.4544,14.1191,44.4720,94.2632,28.0955,38.1368,73.0125,15.6629,45.6115,100.1347,30.9339,39.3131,77.8536,17.2450,46.6732,104.9546,34.0763,40.5519,82.5371,19.0695,47.6625,110.0682,37.4491,41.6919,87.1899,20.9093,48.6348,114.7281,41.1481,42.5600,91.8184
Ea,104.2963,54.3173,161.3333,269.9521,48.6507,137.9437,105.7632,54.5429,161.8275,275.2973,48.7304,138.0188,80.1264,53.8332,163.0244,214.6412,47.9886,138.6975,7.4881,36.4603,147.3989,24.1997,26.5331,120.9170,4.9501,30.3033,88.0000,15.2841,21.4904,65.3687,3.8627,27.1164,59.8924,11.8596,19.0961,42.8782,3.2574,25.0489,46.1591,10.0278,17.5278,31.6670,2.8180,23.7227,38.5254,8.8430,16.5340,25.1125,2.5589,22.7835,33.7281,8.0865,15.8223,21.3236,2.2981,21.9313,30.4535,7.5468,15.3095,18.9216,2.2360,21.3346,28.4662,7.1478,14.7081,17.4539,2.1194,20.9828,26.8679,6.8714,14.4948,16.4312,2.0564,20.5093,25.5858,6.6242,14.1170,15.6297,1.9938,20.2559,24.7764,6.4594,13.9844,15.0330,1.9500,20.0264,24.1747,6.3223,13.7949,14.6824,1.8362,19.7384,23.6065,6.1330,13.5789,14.2727,1.7913,19.5404,23.2255,6.0059,13.4543,13.9705,1.7515,20.0628,21.9150,6.0128,13.7478,13.5468,1.9063,22.4465,24.6484,6.2917,16.0244,15.7923,2.1416,24.2343,28.7516,6.7061,17.5097,18.6194,2.4479,26.0202,33.0978,7.3359,19.0616,21.7741,2.9305,27.7978,37.7931,8.0812,20.5466,25.1125,3.3909,29.5460,42.6691,8.8597,22.2597,28.7743,4.0008,31.2585,47.9918,9.8930,23.7540,32.7703,4.5700,33.0148,53.1764,10.9915,25.3769,36.9150,5.2756,34.5919,58.9399,12.1957,26.9855,41.4891,6.0382,36.3013,64.3947,13.5393,28.6088,46.0503,6.8567,37.6997,70.2120,14.9608,29.9381,50.8321,7.6806,39.2895,75.8760,16.5050,31.5208,55.4120,8.6765,40.6751,81.5216,18.1696,32.8660,60.3473,9.6914,41.7558,87.1200,19.8713,34.0522,64.9676,10.8169,42.9436,92.5448,21.7797,35.1935,69.9881,11.9709,44.0276,98.1127,23.7227,36.4284,74.6279
Ea,157.8523,53.1372,160.5482,443.2115,54.6373,138.9250,158.7101,53.1372,161.5307,433.8824,54.7320,138.9250,153.9546,53.0828,162.9241,432.6667,54.7320,139.8415,34.4944,48.9868,161.1364,146.5615,47.3090,137.6442,20.1144,45.5535,142.6548,80.8347,41.7814,117.1269,15.8931,43.6438,119.9650,60.3075,38.8112,96.5262,13.8495,42.3635,104.8601,50.3838,36.7059,83.0524,12.7180,41.4123,95.7486,45.0468,35.1226,75.1510,11.8663,40.7492,88.6066,41.7502,34.0231,69.1034,11.2845,40.2099,83.9006,39.3420,33.1457,64.8347,10.6503,39.8358,80.1876,37.4284,32.6904,61.5580,10.4422,39.3720,77.8536,36.0623,32.0628,59.3842,10.0700,38.9737,76.1295,34.7105,31.5208,57.4687,9.8632,38.7188,74.2190,33.7736,31.2063,55.6765,9.6444,38.5693,72.8012,33.1601,31.1284,54.5260,9.5215,38.3068,71.5785,32.6212,30.8274,53.3758,9.4286,38.1594,70.7134,31.9728,30.6486,52.7971,9.2844,38.5006,68.4030,31.4232,30.9903,51.2231,9.6738,40.7616,71.5785,32.2562,33.8587,54.4574,10.4638,41.9484,77.7951,34.0118,35.4074,59.2292,11.2975,43.2648,83.4096,36.3604,37.1820,63.8510,12.2989,44.5420,89.1473,39.2648,38.7535,68.7156,13.5060,45.6550,94.9410,41.8816,40.2585,73.8404,14.5998,46.4193,100.7502,45.3248,41.4249,78.5603,15.9437,47.2937,105.4290,49.0861,42.4681,82.8263,17.3674,48.1608,110.2731,52.3892,43.8077,87.5055,19.0004,48.8904,115.0579,56.7165,44.7954,92.0087,20.6890,49.4402,119.3179,60.6066,45.6841,96.1566,22.4473,50.1152,123.6642,65.6607,46.6732,100.0909,24.3946,50.4159,127.8243,70.3369,47.3396,103.4599,26.4375,51.0082,131.1896,76.6975,48.1922,106.5822,28.6536,51.4203,135.2153,82.6654,49.0029,110.1193,30.9257,51.7674,138.1691,87.8229,49.7184,113.1030
Ea,134.6376,52.3125,159.0940,396.9189,52.0653,135.5786,135.1429,52.3302,158.4233,406.3920,52.1710,135.3604,122.6141,52.2594,159.6729,366.8255,51.9950,135.9435,15.5965,44.0552,155.4194,57.4872,37.7888,130.5045,9.5419,38.4892,118.9673,33.6826,30.2782,91.8564,7.4677,35.2341,88.0355,26.3140,26.8697,65.8413,6.3859,33.1176,70.9915,22.5752,24.5175,52.5681,5.7146,31.7238,60.8877,20.3024,23.0415,44.4070,5.2364,30.4964,53.9465,18.6388,21.9027,38.9909,4.9246,29.4894,49.4735,17.4767,20.8742,34.9377,4.6928,28.8121,45.9148,16.7060,20.2611,32.0498,4.4628,28.2610,43.3632,16.0368,19.7742,29.8158,4.2752,27.6255,41.5246,15.2841,19.2795,28.2653,4.1563,27.3216,40.0338,14.8290,18.8755,26.8399,4.0564,27.0218,38.8711,14.4433,18.5950,25.8194,4.0067,26.7187,37.8141,14.1229,18.3281,24.9051,3.8961,26.5616,36.9048,13.8683,18.1305,24.2060,3.8981,26.8770,34.8902,13.7293,18.2950,23.3457,3.9849,29.4328,37.3043,14.0199,21.0428,25.4732,4.4136,31.0076,42.3154,14.7933,22.8372,29.2782,4.8293,32.8104,47.4501,16.0071,24.6801,33.1156,5.4094,34.3158,52.6824,17.4813,26.3985,37.4284,5.8731,35.6538,57.9344,18.9020,28.0092,41.5957,6.5571,37.1274,63.6999,20.7908,29.4894,46.2956,7.2578,38.5923,69.1765,22.6803,31.3631,50.8166,7.8913,39.8718,74.9301,24.6548,32.9124,55.5176,8.7318,40.9603,80.0958,27.0930,34.2472,60.1489,9.5858,41.9871,85.3678,29.2859,35.5611,64.5263,10.4886,43.0103,90.8392,31.6754,36.9645,69.3719,11.6391,43.9037,96.0748,34.2892,38.0917,74.1647,12.7003,44.7813,101.2382,37.0681,39.2660,78.6197,13.8796,45.6550,105.8111,39.7530,40.4293,82.3132,15.1500,46.4342,110.1705,42.2911,41.3870,86.4606
Ea,111.8830,53.3555,160.3529,302.1445,45.6405,138.7732,113.2638,53.4835,161.8275,303.0715,45.7569,139.0009,59.5399,52.5615,162.8238,181.0971,44.9655,139.8415,4.7514,29.4813,135.7973,18.2883,21.6026,111.3594,3.0367,23.6667,67.1503,11.0651,17.2406,50.6150,2.2153,20.9013,42.5344,8.1770,15.1236,30.2045,1.7962,19.2995,31.4567,6.7448,13.8275,20.6357,1.4913,18.1962,25.6656,5.9096,12.9828,16.0623,1.2939,17.4421,22.2512,5.3720,12.3723,13.6099,1.1579,16.8663,20.1769,4.9714,11.9807,12.1820,1.1218,16.3638,18.8334,4.7409,11.5707,11.3366,1.0483,16.1243,17.8504,4.5949,11.4273,10.7475,1.0079,15.8264,17.2631,4.4136,11.2085,10.3929,0.9614,15.6713,16.7720,4.3361,11.0443,10.0670,0.8414,15.3453,16.2158,4.1744,10.8074,9.7357,0.8369,15.1748,15.9648,4.1343,10.6742,9.6209,0.8445,15.0217,15.8091,4.0743,10.5773,9.5595,0.8690,15.4934,15.1338,4.1423,10.8910,9.3679,1.0017,17.6504,17.6373,4.2955,12.6627,11.2326,1.1563,19.2447,20.9742,4.5866,13.9771,13.5023,1.4026,20.8201,24.3126,5.0979,15.2816,15.8679,1.7036,22.3938,27.9195,5.6248,16.5169,18.4364,2.0921,24.0371,31.8619,6.3058,17.9305,21.3071,2.3693,25.6962,36.1019,6.9695,19.3294,24.3630,2.8851,27.4028,40.7299,7.8390,20.7500,27.8174,3.3928,29.1922,45.5515,8.7984,22.4172,31.4734,3.9968,30.9216,50.7544,9.7801,23.7915,35.4848,4.6302,32.5893,55.9607,10.9532,25.2223,39.7642,5.3369,34.0522,61.7015,12.1205,26.6686,44.0853,6.0913,35.6332,67.1270,13.4507,28.1005,48.8056,6.8323,36.8888,72.5908,14.7299,29.2321,53.0440,7.6651,38.4435,78.0293,16.2759,30.4796,57.7474,8.6737,39.8718,83.0524,17.9110,31.7592,62.6574
Ea,153.7732,52.1887,157.8523,544.4452,52.8122,136.4572,154.0454,52.4368,158.9019,531.5714,52.9743,136.9003,139.6880,52.4901,159.5761,476.5380,53.0466,138.0188,17.0697,43.9037,155.4194,79.4579,38.5923,132.6485,10.4638,38.7188,118.5027,42.9895,31.6618,92.4295,8.2654,35.8194,88.4990,32.3167,28.0548,67.7605,7.0980,33.9553,72.4337,26.8189,25.8610,54.6982,6.3529,32.5710,62.4477,23.7411,24.1769,46.8750,5.8345,31.3631,55.9963,21.6117,23.0656,41.3240,5.4734,30.5978,51.3649,20.0469,22.0574,37.4284,5.1800,29.8067,48.1502,18.8481,21.4346,34.4757,4.9352,29.2481,45.4580,17.9110,20.8634,32.0841,4.7493,28.9934,43.4762,17.1774,20.4403,30.3006,4.6406,28.5078,42.0977,16.6885,20.0835,29.1398,4.5122,28.2917,41.2301,16.1773,19.8049,28.1323,4.3830,27.9562,40.1696,15.7463,19.5303,27.3416,4.3605,27.8053,39.4858,15.3740,19.2895,26.7143,4.2793,28.2763,37.8771,15.1824,19.6264,25.7859,4.5184,30.9045,40.5918,15.5675,22.3587,28.3991,4.9161,32.6628,45.7663,16.4139,24.2152,32.1700,5.3720,34.2864,50.9256,17.5683,26.1526,36.3604,5.9600,35.8818,56.4991,19.1041,27.9259,40.7761,6.5380,37.3132,61.9901,20.9201,29.5866,45.2717,7.2930,38.8460,67.7368,22.9927,31.3369,50.1083,7.9701,40.1250,73.6790,24.6293,33.0055,54.8711,8.8905,41.2357,79.2771,26.8609,34.5028,60.1885,9.7505,42.4944,84.7961,28.9183,36.0593,64.7023,10.7287,43.4537,90.6900,31.6417,37.5334,69.8890,11.7691,44.4021,95.7893,34.4663,38.7766,74.5459,12.8635,45.3803,100.8829,37.6362,40.0645,79.2170,14.1765,45.9762,105.6198,40.7761,41.0102,83.5074,15.5179,46.7632,109.8639,43.9702,42.0258,87.9291,16.8781,47.4162,114.2365,47.0004,42.9969,91.7046
Ea,147.1468,53.2462,160.0609,470.0635,53.2280,138.4706,148.6707,53.2462,160.7438,461.0028,53.3738,138.9250,143.7754,53.3555,162.5238,445.1233,53.5018,139.7647,37.6675,49.6364,161.2348,138.7732,46.5833,137.3458,21.5504,46.2709,143.9367,77.6202,41.4249,116.6179,16.4269,44.2074,122.4915,58.0094,38.4892,96.3617,13.9781,42.6786,106.8251,48.7029,36.4815,82.7941,12.5526,41.5899,97.2725,43.5391,34.9613,74.7376,11.5564,40.7987,90.0237,40.5459,33.8491,68.5230,10.8675,40.1614,84.6625,37.9824,33.1083,64.1982,10.4175,39.5376,80.6181,36.5408,32.2793,61.2926,9.9258,39.0435,77.9414,34.6539,31.7504,58.7483,9.5828,38.7535,75.5400,33.6099,31.3980,56.6802,9.4083,38.2047,73.5450,32.8584,30.8702,54.9925,9.1786,38.0128,72.0949,31.9813,30.4543,53.7105,9.0565,37.7220,70.9409,31.2729,30.2449,52.7315,8.9073,37.4341,70.0626,30.6397,29.9876,51.8255,8.7956,37.7220,67.0107,30.1726,30.1865,50.4607,9.1160,40.0766,70.1373,30.9421,33.0522,53.5093,9.8453,41.1980,76.2992,32.5164,34.6415,58.3677,10.7161,42.5206,81.7420,34.5412,36.3013,62.9950,11.6325,43.6030,87.4703,37.1500,37.8670,67.8077,12.6862,44.5561,93.2806,39.9775,39.2308,72.5646,13.9136,45.6405,98.5373,43.1385,40.4538,77.4749,15.2068,46.4640,103.6911,46.6117,41.6409,81.6474,16.5878,47.1261,108.0534,50.1693,42.6258,86.1167,18.0941,47.8485,112.7294,54.0821,43.6711,90.4299,19.5955,48.5712,117.1269,58.2731,44.6825,94.1444,21.3622,49.0996,121.2773,63.6569,45.4957,98.1550,23.0879,49.6692,124.5406,69.2497,46.3896,101.5507,24.9891,50.0820,128.2203,74.9301,47.0501,104.4368,27.1425,50.4159,131.3963,78.7981,47.5391,107.2156,29.2320,50.6854,134.1355,84.2305,48.1137,109.9149
Ea,141.7848,54.1490,160.6460,386.8729,47.8329,136.9003,142.1791,54.1490,160.2555,386.3832,48.0511,136.1633,97.9859,52.8481,161.5307,299.6981,46.6732,136.7523,6.2636,33.1457,138.0188,23.4667,24.0624,112.1991,4.0803,27.1164,76.4980,13.6434,19.2795,57.2839,3.0938,24.1196,50.9568,10.2672,16.9536,36.7526,2.5695,22.3471,38.9800,8.6297,15.6307,26.3482,2.2791,21.1854,32.3513,7.6857,14.7426,20.7051,2.0192,20.2716,28.2357,7.0336,14.0138,17.4448,1.8445,19.6315,25.4600,6.5786,13.5290,15.5055,1.6987,19.1505,23.6493,6.2495,13.1662,14.2419,1.6510,18.6623,22.4126,5.9669,12.7607,13.4065,1.6052,18.2762,21.5671,5.7823,12.4718,12.8813,1.4655,18.0465,20.7479,5.5422,12.2964,12.3646,1.4638,17.9814,20.5134,5.4978,12.2833,12.2266,1.3834,17.7143,20.1144,5.3698,12.0355,11.9777,1.4203,17.6049,19.8508,5.3500,11.9742,11.9000,1.3402,17.9722,19.0004,5.2626,12.2899,11.5729,1.4897,20.2035,21.6955,5.4557,14.2432,13.6545,1.8112,21.9885,25.5593,5.9279,15.6997,16.4442,2.0836,23.6916,29.5028,6.4356,17.1740,19.1885,2.5236,25.5733,33.7828,7.3132,18.7783,22.2915,2.9451,27.2041,38.3220,8.0467,20.2035,25.5659,3.4668,28.9223,43.0391,8.9465,21.7662,29.1705,4.0246,30.6656,48.2079,9.9049,23.3824,33.0444,4.6302,32.5160,53.3258,11.1068,24.9165,37.0988,5.3720,33.9940,58.9976,12.3231,26.3914,41.5364,6.0820,35.5509,64.1982,13.6919,27.8731,45.9960,6.9204,37.0948,70.1871,15.0491,29.3443,50.6305,7.8286,38.5006,75.9041,16.6140,30.6571,55.2892,8.8012,40.0283,81.3020,18.2265,32.1708,60.0896,9.8275,41.1227,86.4606,19.8662,33.3056,64.6582,10.9628,42.3635,91.9706,21.6732,34.4338,69.2985
Ea,104.4837,53.4835,160.8418,286.3183,45.5535,139.0009,105.8111,53.5752,161.6295,284.1041,45.5970,139.0770,71.1185,52.1005,162.4240,229.4749,44.5000,139.9952,4.6823,30.3871,137.0485,23.0522,22.9511,113.6944,2.9415,24.2471,71.5528,12.8564,18.2291,55.6412,2.1895,21.4235,45.6453,9.2300,15.8100,34.0026,1.7631,19.6214,33.8193,7.4651,14.2879,23.4001,1.4671,18.5710,27.4346,6.4499,13.4260,17.9110,1.2860,17.6732,23.6187,5.7507,12.6829,14.9688,1.1422,16.9186,21.2083,5.2756,12.0938,13.2491,0.9769,16.5126,19.4892,4.9374,11.7822,11.9811,0.9506,15.9954,18.3073,4.7074,11.3345,11.2132,0.9213,15.5780,17.3220,4.5143,11.0051,10.6285,0.8262,15.2658,16.6753,4.3483,10.7866,10.1637,0.7652,14.9631,16.0878,4.1764,10.5831,9.8186,0.7318,14.7273,15.6255,4.0983,10.3912,9.5595,0.6849,14.6087,15.2963,3.9691,10.3076,9.3160,0.7000,14.9592,14.4044,3.9711,10.4723,9.0169,0.7333,17.0811,16.6709,4.0843,12.3063,10.5942,0.9862,18.5518,20.0469,4.4608,13.4543,12.9099,1.2257,20.1148,23.2915,4.8970,14.7119,15.2678,1.5302,21.8173,26.8959,5.4601,16.1117,17.8132,1.8779,23.4623,30.7292,6.1237,17.4556,20.5665,2.2274,25.3230,34.7766,6.8250,19.0370,23.6126,2.6940,27.0509,39.4082,7.6264,20.4245,26.9450,3.2163,28.8593,44.2908,8.5638,21.9199,30.6478,3.7592,30.5978,49.4136,9.5507,23.4623,34.6445,4.3707,32.1528,54.7672,10.5568,24.8243,38.9364,4.9864,33.8587,60.1687,11.7557,26.4126,43.2632,5.7936,35.4176,65.4808,13.0354,27.7152,47.9344,6.5022,36.8888,71.5785,14.3230,29.1284,52.5029,7.3712,38.2273,77.1567,15.7923,30.4039,57.3392,8.2708,39.6685,82.3771,17.3084,31.6883,62.2599
Ea,161.7284,57.4054,173.0801,432.0613,54.4675,148.0748,164.1354,57.5279,173.1918,436.3333,54.6563,148.5000,144.0175,57.0000,173.6397,371.7644,54.2798,148.7561,16.9492,45.4668,167.5497,51.5231,38.4320,143.2933,11.3170,39.8838,122.0642,32.3167,32.3974,98.4947,9.1217,36.8241,90.6900,25.0085,29.2561,70.9409,7.8677,34.7809,74.3821,21.0991,27.2996,56.9900,7.1328,33.5045,64.6142,18.6970,25.8817,48.5566,6.5523,32.3247,58.6147,17.0249,24.8769,42.9153,6.1655,31.5471,54.4060,15.8889,24.0244,39.2428,5.8572,31.0076,51.1760,15.0049,23.5240,36.3504,5.6024,30.3787,49.0713,14.2496,23.0113,34.2242,5.4690,29.9629,47.2105,13.7667,22.6587,32.6737,5.2931,29.6516,45.9825,13.2892,22.3646,31.4986,5.1475,29.3282,44.7580,12.8813,22.0402,30.5100,5.0807,29.0807,44.1109,12.6193,21.8799,29.9026,5.0356,28.7885,43.3132,12.4201,21.5632,29.3709,4.9672,29.5298,41.1481,12.2541,22.1554,28.3321,5.3084,32.3883,45.1128,12.7711,25.1021,31.7431,5.8027,34.3158,50.9412,13.7068,27.2628,36.4004,6.5093,36.2379,57.2839,14.9808,29.1443,41.3947,7.3687,38.0128,63.2074,16.5441,31.0679,46.4876,8.2708,39.7640,69.8395,18.1980,32.9775,51.8895,9.3160,41.3491,76.4411,20.1092,34.6713,57.3023,10.5506,42.7711,82.3771,22.2857,36.2696,62.9104,11.8025,44.2351,88.6066,24.5720,37.9230,68.5230,13.1148,45.5101,94.8208,27.0789,39.3720,74.0834,14.6037,46.8084,101.2382,29.9500,40.7616,79.2771,16.2544,47.6625,106.3886,32.9380,41.8712,84.6291,17.9017,48.9386,111.4116,36.2508,43.1306,89.3651,19.8816,49.6200,117.0135,39.9887,44.0414,94.3029,21.8078,50.4999,121.7000,43.8047,45.2223,98.7935,23.9074,51.2480,126.6486,47.8914,46.0790,103.2755
Ea,134.7096,55.1132,166.6062,397.4342,56.6588,143.6948,136.0899,55.3053,165.9824,393.8537,57.4462,143.9367,92.3144,54.2985,167.3393,305.5696,56.8591,144.7482,8.0414,36.2063,150.3964,35.0998,28.7024,126.5192,5.4801,30.3033,89.2198,21.1318,21.8742,69.9137,4.3891,27.5882,60.5466,15.7756,18.9048,46.5014,3.7943,25.8335,46.8194,12.9708,17.3612,34.7577,3.3890,24.5435,39.5412,11.2813,16.5811,27.9780,3.0717,23.6667,34.7388,10.0911,15.9457,23.9074,2.8814,23.1383,31.9386,9.3448,15.5135,21.2796,2.8072,22.6646,29.8552,8.8849,15.0725,19.7023,2.6032,22.1381,28.3693,8.3381,14.7043,18.4460,2.5430,21.9313,27.4561,8.0546,14.5023,17.6788,2.4778,21.5689,26.4788,7.7817,14.1281,17.0339,2.4567,21.3845,25.8664,7.6677,13.9478,16.6446,2.3763,21.2295,25.3348,7.4932,13.7298,16.2630,2.3345,21.0921,24.8535,7.3991,13.7298,15.9648,2.3746,21.6363,23.7534,7.3359,14.0763,15.5592,2.5571,24.2663,26.7700,7.6033,16.6369,17.8737,2.8325,26.3068,31.2812,8.1210,18.4372,21.0610,3.2799,28.0244,35.9046,8.9101,20.1930,24.5911,3.8001,29.9381,40.9965,9.8186,22.1554,28.4886,4.4014,31.7326,46.3367,10.9373,23.9612,32.6124,5.0635,33.6571,51.8735,12.1171,25.9439,37.0374,5.9096,35.4688,57.8782,13.6136,27.9259,41.8338,6.7013,37.0187,63.6139,15.1055,29.6760,46.6946,7.5571,38.6728,69.6913,16.6972,31.6530,51.6819,8.5720,40.2342,75.9885,18.4988,33.3339,57.0633,9.5099,41.4629,81.2707,20.1560,34.8910,62.1767,10.6597,42.7578,87.1549,22.3260,36.6952,67.1970,11.8361,43.8900,93.1638,24.5847,38.1820,72.3031,13.2564,45.2653,99.3091,27.1284,39.8718,77.8536,14.5919,46.1232,104.1561,29.5807,41.0476,82.1221
Ea,133.1410,54.6752,165.2597,393.3471,47.8329,143.1332,134.6376,54.9031,165.5688,393.3471,48.0981,142.8936,89.6568,53.7962,166.5019,296.9897,47.0501,144.0984,6.2800,32.4795,142.4166,27.2917,24.5175,118.9673,4.1263,26.3139,75.3174,15.8217,19.7691,58.5575,3.1828,23.4192,48.7469,11.6159,17.4106,36.6717,2.6227,21.6983,36.5307,9.4663,16.0037,25.8395,2.2826,20.4562,29.9896,8.2950,15.0412,20.1977,2.0513,19.6112,26.0823,7.4804,14.3029,16.9893,1.8712,19.0420,23.5882,6.9449,13.8239,15.1096,1.7929,18.4040,21.8585,6.5212,13.3272,13.8834,1.6756,18.0698,20.5665,6.2332,13.1280,12.9887,1.6248,17.7555,19.8302,6.0197,12.8458,12.3993,1.5627,17.5233,19.1587,5.8640,12.6728,11.9506,1.4946,17.3433,18.6146,5.7461,12.5085,11.6425,1.4719,17.1032,18.1886,5.6561,12.3294,11.3692,1.5091,16.9580,17.9017,5.6069,12.1719,11.2683,1.4107,17.4872,17.0249,5.4889,12.5018,10.9214,1.6035,19.8973,19.7534,5.7371,14.5251,12.9493,1.8729,21.5913,23.4667,6.1725,15.9788,15.6214,2.1930,23.5055,27.2135,6.7837,17.4781,18.3312,2.5500,25.3028,31.3730,7.5085,19.0469,21.3897,3.0791,27.2408,35.9833,8.4464,20.6694,24.8085,3.5354,29.0013,40.9965,9.3823,22.3880,28.5485,4.1603,30.8616,46.0911,10.4391,23.9360,32.5687,4.8864,32.6260,51.4914,11.7323,25.4850,37.0681,5.5467,34.3452,56.9535,13.0103,27.1676,41.4419,6.3529,36.0174,62.7626,14.3617,28.5465,46.2683,7.1977,37.5445,68.8123,15.8552,30.0952,51.1917,8.1556,39.2308,74.7650,17.3674,31.6000,56.1751,9.2071,40.5765,80.2182,19.3434,32.9403,61.5170,10.2611,41.6919,86.3916,21.2906,34.1106,66.4336,11.4314,43.0370,91.7804,23.3156,35.2443,71.4247
Ea,143.4537,52.1534,154.3185,374.5116,45.9615,131.1208,144.4226,52.3125,155.2349,373.5916,46.3302,131.6036,96.0339,51.4721,156.5340,247.5652,45.1793,132.5084,7.5187,33.6380,135.7973,20.6357,23.6853,110.2731,4.8970,27.8354,77.5039,13.1112,19.2696,56.8622,3.7164,24.6932,52.4541,10.2124,17.0591,36.7323,3.0846,22.9031,40.4657,8.7401,15.7936,26.6517,2.6762,21.6026,33.7190,7.8233,14.9631,21.2083,2.3920,20.7285,29.6041,7.2453,14.3216,18.0705,2.2567,20.1460,26.9521,6.8567,13.9258,16.2845,2.1211,19.6671,25.1060,6.5332,13.5789,15.0934,2.0192,19.2945,23.9259,6.3270,13.3448,14.3733,1.9214,18.9732,23.1297,6.1052,13.1523,13.8269,1.8745,18.7154,22.3548,6.0174,12.9450,13.4102,1.8278,18.5566,21.9037,5.9188,12.8253,13.1329,1.8128,18.3755,21.5727,5.8686,12.6931,12.9708,1.7996,18.1962,21.2576,5.7982,12.5385,12.7959,1.7383,18.6767,20.4869,5.7349,12.9107,12.5177,1.9198,20.7823,23.3156,5.9921,14.8622,14.8410,2.1348,22.5523,27.2917,6.4451,16.3935,17.5959,2.5377,24.2407,31.4567,7.1503,17.8658,20.6410,2.9470,26.0341,35.8456,7.8992,19.3844,23.8642,3.4212,27.6703,40.5918,8.8095,20.8959,27.3559,4.0484,29.3443,45.2717,9.9139,22.3880,31.0409,4.6198,31.0162,50.5223,10.9500,23.8667,35.0234,5.3281,32.8753,55.7474,12.1855,25.4850,39.3420,6.1168,34.2179,61.2723,13.5579,26.9203,43.6148,6.9106,35.7365,66.3420,14.9327,28.2840,48.0493,7.8051,37.0513,71.9135,16.4746,29.5866,52.4704,8.7928,38.5350,77.4169,18.2170,31.0076,57.1000,9.8424,39.6565,82.2495,19.9125,32.0448,61.5375,10.9787,40.9354,87.8229,21.7909,33.3623,66.0682,12.1444,41.8456,92.6218,23.7472,34.2276,70.1871
Ea,134.4220,52.3302,154.3185,383.9524,50.3321,132.8592,134.9259,52.6329,154.4097,382.9881,50.6347,133.0000,93.0472,51.4203,154.7755,275.5567,49.3750,133.6367,7.5673,33.4760,137.7190,27.3202,25.7991,114.7281,5.1195,27.8957,79.3373,17.0697,20.7769,61.7221,4.1223,25.3163,53.6433,13.1112,18.4135,40.8919,3.5125,23.6667,41.6075,10.9915,16.8184,30.2365,3.1382,22.6173,35.1094,9.6650,15.9292,24.2938,2.8488,21.7436,31.0327,8.7346,15.1551,20.7425,2.6851,21.1249,28.4737,8.1823,14.6125,18.7164,2.5147,20.6641,26.6934,7.6625,14.2432,17.2450,2.4147,20.2611,25.2889,7.3232,13.8784,16.2974,2.3398,20.0835,24.2687,7.1353,13.7081,15.6421,2.2791,19.7333,23.7105,6.8934,13.4154,15.1338,2.2549,19.5454,23.1656,6.7739,13.2395,14.8290,2.2274,19.3995,22.8154,6.6555,13.1523,14.5723,2.1467,19.1653,22.4937,6.5093,12.9690,14.3036,2.1058,19.7180,21.1591,6.4760,13.3413,13.9515,2.3328,22.1381,24.3315,6.7085,15.6753,16.5050,2.6138,23.9108,28.5335,7.2804,17.4241,19.6667,3.0828,25.7304,32.9645,8.0573,19.0420,23.0522,3.5852,27.5882,37.5529,9.0169,20.7823,26.6865,4.1463,29.3845,42.3761,10.0519,22.5347,30.5019,4.8208,31.1111,47.7056,11.2683,24.0878,34.5975,5.5355,32.7734,52.9286,12.5247,25.9024,39.1549,6.4072,34.3649,58.8440,14.0199,27.6330,43.9574,7.3333,36.0907,64.2636,15.5014,29.2481,49.1157,8.1930,37.5888,70.2869,16.9848,30.9645,53.6265,9.2557,38.9504,76.2143,18.7018,32.4612,58.9399,10.3223,40.2463,81.2082,20.5240,33.9070,63.4422,11.5069,41.2860,86.7026,22.5170,35.1429,68.4269,12.7675,42.2592,92.2379,24.5974,36.3860,73.5182,14.1535,43.4808,97.1474,27.1001,37.6775,77.9414
Ea,126.3899,46.2413,138.4706,405.3183,45.8736,118.7346,126.5192,46.0790,138.7732,408.0126,45.9468,117.6396,104.3431,46.0643,139.6880,383.9524,45.9762,117.8687,10.2703,35.6642,133.2117,67.1503,32.3610,112.1991,7.2302,31.0852,93.1638,35.7966,26.0898,76.1577,6.0243,28.8829,67.1736,26.4788,23.0173,54.5089,5.3962,27.7002,54.5432,22.3779,21.0921,43.3632,4.9480,26.8265,47.5067,20.0106,19.9385,36.7728,4.6740,26.1526,43.0143,18.4220,19.0715,32.1270,4.4813,25.6006,40.1469,17.2812,18.4754,28.8652,4.3320,25.1555,37.9930,16.5180,17.9073,26.6934,4.1865,24.8374,36.3904,15.9142,17.5595,24.9956,4.0246,24.6867,35.1285,15.3126,17.2986,23.8026,4.0107,24.5499,34.5506,15.0491,17.0723,23.0879,3.9651,24.3240,33.9200,14.6943,16.8750,22.4184,3.9059,24.2215,33.4562,14.3811,16.7317,21.9037,3.8412,24.1386,33.1423,14.1765,16.6670,21.5393,3.8392,24.5046,31.8960,14.0847,16.8184,21.0882,4.0504,26.8625,34.3916,14.4316,19.0912,23.0939,4.4382,28.2533,38.9364,15.2841,20.5839,26.3003,4.8885,29.7331,43.5391,16.4702,22.1439,29.6510,5.4094,31.1890,48.4109,17.9064,23.7165,33.4832,6.0105,32.4703,52.9780,19.6006,25.1822,37.2734,6.6242,33.7337,58.1410,21.3622,26.6686,41.4065,7.3636,34.7610,63.1648,23.3699,28.0852,45.4580,8.1104,35.9130,68.0449,25.5460,29.3443,49.8197,8.9494,37.0948,73.1451,27.9341,30.7251,53.9465,9.9139,37.9455,78.2057,30.1965,31.9374,58.2920,10.9373,38.8923,82.6976,32.8055,33.0428,62.4268,11.8899,39.8358,86.6333,35.3109,34.1008,66.1137,13.0354,40.4661,91.4021,38.3433,35.1732,70.3119,14.3036,41.1729,95.8707,41.3358,36.1748,74.3277,15.6089,41.6536,99.7857,44.3682,37.0730,77.9414
Ea,167.0244,53.5385,161.1364,476.5380,52.2417,139.7647,168.7159,53.8147,161.9266,474.3610,52.4723,140.1493,151.3604,53.2462,162.7237,441.9456,52.0477,141.5492,14.7338,42.0129,153.7732,65.3911,36.1748,131.7421,9.9258,37.0187,110.5301,37.3870,30.6317,89.0387,8.0759,34.3158,81.7736,28.0367,27.5808,65.0564,7.1154,32.8104,67.2670,23.3578,25.5529,52.5681,6.4356,31.5296,58.7865,20.3550,24.1832,44.8627,5.9371,30.6317,53.1929,18.3741,23.1869,39.8426,5.5935,29.9381,49.6387,16.8250,22.0459,36.3405,5.4006,29.2801,46.9864,15.8133,21.3567,33.9659,5.1583,28.8514,44.7580,14.9287,21.1909,31.9813,5.0292,28.3918,43.2382,14.2573,20.8363,30.6722,4.9055,28.2456,41.9655,13.6993,20.7070,29.4950,4.7493,27.8882,40.9732,13.2055,20.3294,28.6085,4.6552,27.6479,40.1129,12.8172,20.1356,27.9122,4.6261,27.4545,39.5968,12.4828,19.9954,27.4346,4.5287,28.0168,37.0681,12.3162,20.5519,26.3003,4.8229,30.6826,40.9384,12.7286,23.5302,29.4639,5.3676,32.7734,46.5841,13.5987,25.7167,33.9200,6.0589,34.4831,52.1950,14.7734,27.7827,38.6978,6.8714,36.2063,58.4435,16.1944,29.5866,43.7286,7.7895,37.8000,64.5043,17.8784,31.4068,48.9677,8.7901,39.5139,70.7134,19.9176,33.3623,54.1161,9.8513,40.9727,77.1567,21.7741,34.8810,59.5789,11.0683,42.2332,82.8908,24.1185,36.4815,64.8569,12.3404,43.4944,89.0749,26.6934,38.0691,70.3619,13.8344,44.5000,95.0614,29.5651,39.4310,75.9041,15.3045,45.6550,100.7944,32.6212,40.8111,80.6799,16.8959,46.6882,105.4290,35.6988,41.8841,85.4354,18.6776,47.4776,110.2731,38.6007,43.0236,90.0973,20.5028,48.2865,115.3339,42.3396,44.2629,94.7009,22.5054,49.1157,119.7879,45.8472,45.1365,98.9220
Ea,143.8560,54.4864,163.6287,426.6842,49.3425,142.1791,144.7482,54.6563,165.5688,424.3351,49.7184,142.1001,102.9542,53.8332,165.0543,353.9647,49.2289,143.3734,9.0763,37.4562,150.8332,45.9689,31.3543,128.4191,6.3129,31.7326,93.5932,26.8539,25.9994,75.8760,5.1540,29.0727,64.7464,19.9434,23.1991,51.7297,4.4854,27.4916,51.3176,16.3879,21.5689,39.8090,4.1183,26.3773,44.0213,14.4394,20.3980,32.8143,3.8666,25.6620,39.6860,13.1438,19.6722,28.4737,3.6603,25.1354,36.7425,12.1923,19.2397,25.6723,3.5718,24.6019,34.8333,11.4905,18.6719,23.9445,3.4155,24.3819,33.5737,11.0458,18.4754,22.7154,3.3966,24.1069,32.6737,10.6566,18.1915,21.9546,3.3437,23.9738,32.0070,10.3591,18.0605,21.3787,3.2799,23.8165,31.4986,10.0971,17.8889,20.9309,3.2555,23.6978,31.1484,9.9588,17.8335,20.6677,3.3118,23.6169,30.9585,9.8662,17.7234,20.5399,3.2368,24.2152,29.5729,9.7416,18.0978,19.9486,3.4839,26.9637,33.5284,9.9827,20.5466,22.7918,3.8902,28.8671,38.5791,10.6942,22.2365,26.5686,4.4628,30.8018,43.7666,11.6557,23.9171,30.6478,4.9971,32.6812,49.2346,12.7392,25.7167,34.8144,5.7552,34.1788,54.9752,14.0618,27.4397,39.5635,6.5499,36.1537,60.6867,15.6879,29.0172,44.2522,7.3991,37.6997,66.6866,17.3492,30.5724,49.3837,8.3381,39.2543,72.9861,18.9315,32.2522,54.5948,9.4344,40.5519,78.6791,20.6677,33.5235,59.7746,10.5320,41.6919,84.1644,22.5344,34.7410,64.7684,11.6724,43.0370,89.8399,24.5847,36.0593,69.9137,12.9744,44.1658,95.2224,27.0859,37.4121,75.2341,14.4083,45.1937,101.0603,29.6902,38.4320,79.8519,15.9775,46.1527,105.3338,32.6124,39.5376,84.3299,17.5271,47.0350,110.1193,35.1668,40.3682,89.1836
Ea,217.1304,52.1887,155.7894,672.5010,48.4128,134.6376,214.8056,52.2417,155.8821,661.3667,48.3970,134.6376,101.5507,49.9328,155.8821,449.6459,46.7632,134.3503,4.2914,25.9994,121.7605,23.4727,20.5359,103.4599,2.7658,20.7392,57.4687,12.4097,15.7813,48.3528,2.0870,18.5040,36.1812,8.7152,13.3483,29.0708,1.7069,17.1518,26.6101,7.0262,11.9517,19.5955,1.4703,16.1661,21.5894,6.0174,10.9479,14.8251,1.3051,15.4653,18.8285,5.4072,10.3710,12.3785,1.1469,14.9320,16.9982,4.9843,9.9084,10.9405,1.1077,14.4343,15.8721,4.6969,9.5012,10.1002,0.9583,14.1022,15.0572,4.4341,9.2089,9.4344,0.9831,13.8675,14.5919,4.3117,9.0166,9.1729,0.9413,13.6470,14.1344,4.2308,8.8476,8.8458,0.8660,13.5041,13.7930,4.1223,8.6832,8.5994,0.8537,13.3131,13.5950,4.0564,8.5436,8.4600,0.9059,13.2991,13.4691,4.0903,8.5008,8.4356,0.8200,13.5647,12.8671,3.9533,8.6986,8.1423,0.8967,15.4452,15.0089,4.0963,10.0825,9.6239,1.1516,16.6670,17.8085,4.4937,11.0564,11.6391,1.4075,18.1399,20.8069,4.9225,12.2242,13.7555,1.7399,19.7333,24.0624,5.5444,13.5611,16.1006,2.1501,21.2571,27.6289,6.2191,14.8777,18.6921,2.4918,22.9812,31.4232,6.9302,16.3511,21.4561,2.9470,24.4528,35.3977,7.7168,17.7051,24.4451,3.5068,26.0063,39.7978,8.7069,19.1554,27.9195,4.0703,27.6181,44.6536,9.6561,20.5892,31.5911,4.7325,29.2962,49.4435,10.8232,22.1728,35.4945,5.4072,30.8873,54.2864,11.9675,23.6604,39.5523,6.1516,32.3338,59.6766,13.2164,25.1221,43.7666,6.9302,33.6762,64.3510,14.5370,26.4268,48.0062,7.8051,35.0116,69.6913,16.0283,27.7978,52.3243,8.8737,36.4284,75.2064,17.7019,29.2321,56.9900
Ea,112.0409,53.9629,163.5277,298.7902,45.8444,141.7848,112.8892,54.0744,164.0338,299.3949,45.9322,142.2582,87.9645,52.7763,165.2597,266.9831,44.8662,143.2933,5.2582,31.3369,140.0722,24.4768,22.9631,116.3929,3.1308,24.7980,73.9752,12.7251,18.0558,57.0816,2.2584,21.7323,46.9028,9.0113,15.6469,34.3823,1.7830,19.9179,34.3823,7.2478,14.2730,23.3638,1.4881,18.6334,27.5928,6.3011,13.3096,17.8784,1.3003,17.7601,23.7350,5.6337,12.6324,14.8251,1.1500,17.0282,21.1209,5.1886,12.1198,13.0967,1.0374,16.4105,19.5297,4.8864,11.6714,11.9912,0.9491,16.0867,18.2883,4.7283,11.4149,11.1841,0.9044,15.7977,17.3356,4.6032,11.1780,10.6722,0.8491,15.4773,16.8250,4.4546,10.9780,10.2947,0.8017,15.2341,16.3060,4.3707,10.8015,10.0188,0.7515,15.0804,15.9987,4.2530,10.6713,9.8245,0.6955,14.9748,15.7714,4.2328,10.6506,9.6767,0.7106,15.2816,14.9088,4.1885,10.7926,9.3939,0.7652,17.5233,17.3810,4.3239,12.6796,11.2683,1.0001,19.0321,20.8392,4.5763,13.8493,13.6993,1.2558,20.5999,24.1622,5.0893,15.1827,16.0963,1.5237,22.3471,27.8247,5.6248,16.6197,18.6970,1.8712,24.1005,31.7855,6.2964,18.0931,21.5894,2.3345,25.8128,36.1415,7.0534,19.4547,24.8729,2.7946,27.5882,40.7069,7.9097,20.9665,28.3916,3.2817,29.3282,45.4980,8.8012,22.5936,32.1872,3.8001,31.0248,50.9256,9.7712,23.9360,36.2508,4.4259,32.7642,56.3548,10.8390,25.4376,40.6148,5.0893,34.3452,62.0315,12.1410,26.9493,45.1392,5.8436,36.0070,67.4778,13.5542,28.3455,49.9409,6.6290,37.2913,73.0390,14.9048,29.5622,54.5432,7.5520,38.8112,78.9473,16.4702,30.9474,59.6766,8.4682,40.1129,83.9006,18.0564,32.1078,64.4166
Ea,129.6904,50.5672,151.9796,379.1765,50.2652,130.0963,130.1642,50.7361,152.5138,384.4362,50.4159,130.0285,111.8830,50.7700,152.8718,331.0021,50.3991,130.5045,13.2091,41.0601,148.9273,54.2181,35.0822,123.9136,8.4111,35.3665,108.7515,32.1958,28.1462,83.8349,6.6989,32.5160,78.7683,24.9632,24.7914,59.7158,5.7982,30.5893,63.3353,21.4450,22.7299,47.6487,5.2604,29.3845,54.6464,19.3835,21.4179,40.1696,4.8758,28.4226,48.8645,17.7946,20.4298,35.0520,4.5638,27.5808,44.7319,16.6797,19.6315,31.5070,4.4095,27.1456,41.7383,15.9564,19.0027,28.9411,4.1905,26.5687,39.7418,15.2433,18.5566,27.0295,4.0983,26.0271,38.2473,14.6470,18.1446,25.5925,3.9770,25.8335,36.9048,14.3346,17.9629,24.4958,3.8765,25.5529,35.9636,13.8910,17.5913,23.6676,3.8021,25.3904,35.1189,13.6881,17.4151,23.1178,3.7533,25.2022,34.5225,13.4580,17.2540,22.5927,3.7300,25.5801,32.8673,13.2018,17.4511,21.8303,3.9020,28.0776,35.5333,13.5356,20.0213,24.1872,4.2590,29.6842,40.4085,14.3501,21.8287,27.7085,4.7304,31.4505,45.0732,15.5303,23.4008,31.3396,5.2299,33.0241,50.4761,17.2179,25.1221,35.3495,5.7665,34.4633,55.5352,18.7992,26.8914,39.6748,6.4025,35.7262,61.0088,20.4129,28.2994,43.9447,7.0757,37.1383,66.2505,22.2857,29.9381,48.4400,7.8390,38.4435,72.1209,24.4135,31.4769,53.1267,8.6434,39.7520,77.2433,26.5340,32.9962,57.8595,9.5361,40.6751,82.6976,28.8045,34.2374,62.5944,10.5289,41.6664,87.8937,31.1815,35.5611,67.0805,11.5300,42.5469,93.1249,33.5375,36.9105,71.6556,12.6123,43.3726,97.9859,35.2724,37.9230,75.8199,13.8269,44.1935,102.4980,37.9297,39.0902,79.7910,15.1257,44.8945,106.3402,40.8224,40.0404,83.5728
Ea,326.3146,44.0138,132.6485,1046.9655,41.6536,111.9882,321.4038,44.3742,133.5657,1011.3333,41.8327,112.5168,174.8822,43.3052,133.0000,740.8635,41.3870,112.1463,16.2459,31.3281,119.5525,85.4016,27.5436,102.6801,11.3236,28.1844,76.8979,44.9809,23.4131,64.5263,9.2988,26.5972,57.0083,32.5164,21.0702,46.4189,8.0652,25.5325,46.8750,26.4031,19.6823,36.8540,7.3434,24.7914,41.1131,22.7742,18.8268,31.0409,6.7303,24.1705,37.0374,20.4340,18.0698,26.9731,6.3340,23.8165,34.4757,18.7261,17.5595,24.1872,6.0497,23.1262,33.3212,17.3220,16.9756,22.5927,5.7033,23.0898,31.5995,16.3620,17.0547,20.9688,5.4933,22.9211,30.4938,15.7046,16.6756,20.0002,5.3391,23.1019,29.3864,15.2515,16.7101,19.0349,5.6337,22.4348,28.8121,14.8928,15.9788,18.9167,5.2713,22.3063,28.6386,14.1881,16.1744,18.2407,5.2103,22.5405,27.9927,14.1038,15.9416,17.9391,4.9714,22.5464,27.5136,13.4765,16.1577,17.4950,5.0936,25.4579,30.9503,13.9819,18.4563,19.8662,6.0451,26.3139,35.5333,15.1217,19.4346,23.6798,6.4380,27.6853,40.7415,16.0920,21.0592,27.1354,7.0782,29.4409,45.2054,17.6650,22.8971,30.2846,7.9517,30.8959,49.7140,19.7330,23.8793,34.1040,9.4576,31.8481,54.7327,21.7404,25.1021,38.7952,10.3468,33.2773,59.6375,23.5152,26.4409,42.2427,11.3725,34.5919,64.5043,25.5129,27.9335,46.3504,12.8813,35.0721,70.7134,28.2505,28.7415,51.3807,14.0199,36.3542,75.6797,30.5100,30.5978,55.0273,15.7505,37.2366,80.0347,33.3571,31.1024,59.9121,17.1369,38.3068,84.3299,35.2244,32.5069,63.3994,18.8677,39.3248,88.7862,39.0345,33.4001,67.0572,20.7265,40.1492,93.5932,42.4612,34.2668,71.4503,23.0403,40.5642,97.6072,46.0775,34.7709,75.9322
Ea,170.5466,53.9443,160.1581,536.1015,50.3824,139.0009,171.4203,54.0930,159.6729,535.1895,50.4999,138.6975,99.3955,53.3373,160.9399,373.5916,49.9328,139.2293,8.6600,34.8509,142.9734,41.9895,29.6353,121.0369,5.9760,29.4167,83.0847,24.7315,24.3690,68.0211,4.8166,26.8049,57.3762,18.1554,21.4291,46.2273,4.1503,25.1822,45.1392,14.6903,19.6874,35.0043,3.7436,23.9675,38.4074,12.6827,18.3613,28.4737,3.4042,23.1383,34.0855,11.3366,17.4286,24.2938,3.1939,22.4993,31.1815,10.4268,16.8271,21.6787,3.0257,22.0574,29.2012,9.7534,16.3850,19.9331,2.9014,21.5520,27.8757,9.2157,15.9292,18.7164,2.8778,21.0702,26.8609,8.8709,15.5256,17.8597,2.7946,20.9502,26.0417,8.5967,15.3812,17.2948,2.6690,20.6427,25.3282,8.3516,15.0569,16.7192,2.6281,20.4562,24.8149,8.1663,14.8816,16.3923,2.6174,20.3347,24.3819,8.0388,14.7965,16.0368,2.5483,20.8525,23.1476,7.9097,15.0686,15.5716,2.7622,23.3211,26.0620,8.1583,17.3075,17.8551,3.0846,25.0688,30.3810,8.7235,18.9634,21.0610,3.5297,26.8337,34.7199,9.5682,20.4350,24.3756,4.0723,28.5776,39.5746,10.6409,22.1612,28.0808,4.7346,30.4123,44.4847,11.8562,23.7790,32.1528,5.4248,31.9106,50.0017,13.0354,25.3364,36.3904,6.1772,33.6189,55.1668,14.4589,26.8986,40.8687,7.1130,35.1429,61.1099,16.1517,28.4149,45.6319,7.8887,36.6844,66.1137,17.7436,29.9464,50.2458,8.9634,37.9006,71.9394,19.6361,31.1977,55.1668,9.9588,39.2895,77.4459,21.5338,32.6628,60.0500,11.2294,40.5397,82.7297,23.6615,33.8877,64.8347,12.4514,41.6409,88.1421,25.7390,35.0822,69.4700,13.8382,42.7314,93.5149,28.2505,36.2590,74.5185,15.2515,43.5351,98.7080,30.7537,37.1929,78.8876
Ea,122.5528,53.3008,160.2555,330.6370,47.9574,137.4203,123.1682,53.4103,160.6460,336.1933,48.0824,137.7190,90.6528,52.5793,161.4320,275.8166,47.2784,138.2444,6.3270,33.9747,142.1001,26.4581,25.8472,118.1562,4.2409,28.0016,81.2707,15.5179,20.7823,62.6574,3.2799,25.1822,54.5604,11.6690,18.3518,40.7646,2.7658,23.5612,42.0255,9.7180,16.8619,29.7844,2.4199,22.3880,35.2532,8.4818,15.9004,23.5578,2.2170,21.5464,31.0574,7.7220,15.2301,20.0728,2.0768,20.8742,28.3247,7.2002,14.6430,17.8364,1.9332,20.4668,26.3619,6.7934,14.2954,16.3836,1.8545,20.0420,25.1190,6.4855,13.9368,15.4191,1.7846,19.7231,24.0375,6.3176,13.6722,14.7061,1.7184,19.4195,23.4001,6.1237,13.4295,14.2689,1.6855,19.2149,22.7918,6.0220,13.2745,13.9174,1.6166,19.0469,22.4010,5.8982,13.1453,13.6657,1.6789,19.0863,22.3375,5.8731,13.2081,13.5913,1.6052,19.3644,21.0175,5.8027,13.2710,13.0643,1.7383,21.8685,23.7841,6.0036,15.4653,15.1379,2.0090,23.4870,27.9414,6.3411,16.8315,18.0000,2.3693,25.2558,32.1270,6.9966,18.4372,21.0556,2.7748,27.0436,36.6011,7.7401,19.9592,24.2938,3.2424,28.7650,41.2770,8.6517,21.5408,27.8392,3.8196,30.3871,46.6117,9.6297,23.0717,31.8279,4.4014,32.1618,51.5548,10.6848,24.6801,35.8260,5.0828,33.7050,57.2839,11.8933,26.2366,40.2490,5.7597,35.1631,62.9104,13.1329,27.7903,44.6536,6.6098,36.6737,68.4030,14.5566,29.1602,49.3240,7.4422,38.2160,74.1918,16.0835,30.5555,53.9804,8.3894,39.5258,79.5183,17.7900,31.8570,58.8440,9.4025,40.8359,84.4295,19.9692,33.2115,63.4422,10.5102,41.8199,90.2819,22.3433,34.3256,68.0449,11.6259,42.9436,95.3031,23.8026,35.5714,72.8012
Ea,283.8296,49.9825,148.0748,1200.2222,50.0654,128.3527,282.4643,49.9825,147.9053,1240.9630,49.8832,127.2995,239.5031,49.9825,148.4148,1096.0328,49.9328,127.1689,15.8594,40.1735,143.3734,101.8649,35.8194,120.7375,9.7003,35.1125,104.1095,46.0503,29.5541,83.3770,7.6702,32.6812,77.6493,31.9728,26.3350,61.6194,6.5834,30.9989,63.5494,26.0282,24.1386,50.0017,5.9462,29.7740,55.3593,22.7154,22.7299,42.7304,5.5289,28.8357,50.1999,20.5824,21.6476,37.7303,5.1410,28.2303,46.5427,19.1736,20.9339,34.2521,4.8970,27.5733,43.5517,18.0564,20.1043,31.4650,4.6427,27.0581,41.5957,17.0473,19.6163,29.4406,4.4014,26.6471,40.0790,16.3534,19.2298,27.9634,4.3219,26.3773,38.8277,15.9057,18.8852,26.9029,4.2267,26.0063,37.8456,15.2881,18.5422,25.8798,4.1724,25.7647,37.0783,15.0009,18.2762,25.2889,4.0883,25.6210,36.3704,14.7259,18.0651,24.5720,4.0345,25.9232,34.7766,14.4589,18.2385,23.9259,4.2429,28.1386,37.2117,14.8529,20.3822,25.8194,4.6053,29.6516,41.7264,15.6546,22.0689,29.2166,5.0485,31.3020,46.4876,16.8515,23.6480,32.8496,5.6046,32.7181,51.2703,18.1554,25.2156,36.8337,6.2005,33.9360,56.2469,19.8200,26.7187,40.8456,6.8421,35.1226,61.5170,21.5783,28.1081,45.0073,7.6780,36.3860,66.5025,23.6432,29.5541,49.5785,8.5200,37.6553,71.9135,25.8395,31.1197,54.0312,9.4344,38.6153,76.9553,28.0220,32.3610,58.4245,10.3100,39.5258,81.1458,30.2125,33.4950,62.5105,11.4019,40.3804,86.1510,32.6650,34.4338,66.8021,12.4688,41.2860,90.5413,35.2628,35.7883,70.9915,13.6732,41.8456,95.0614,38.3860,36.7596,74.8200,14.8370,42.3635,98.9220,41.2536,37.5777,78.2941,16.2201,42.9836,102.9084,44.2265,38.3750,81.5844
Ea,174.4286,51.8723,156.8149,486.1967,51.7326,134.8537,175.1098,51.9950,157.4737,486.9552,51.9423,134.9259,169.5730,51.8198,158.2326,470.0635,51.7674,135.2878,38.4181,47.9107,156.2541,145.5676,45.1937,133.2117,22.7330,44.9087,139.0009,82.9877,40.8732,113.3712,17.7714,43.0904,117.2405,62.2808,38.1255,94.3029,15.3412,41.9484,103.4599,52.3081,36.2696,81.3960,13.9061,41.0351,94.4617,46.8055,34.9211,73.7059,12.9636,40.4661,87.9645,43.0391,34.0425,68.1163,12.2060,39.7281,83.3119,40.6723,33.2021,63.9808,11.7056,39.4074,79.7607,38.7086,32.6260,61.3333,11.2553,39.1136,77.5039,37.1706,32.1258,58.9015,10.9819,38.6497,75.6238,35.8358,31.6000,57.1367,10.6566,38.5579,74.0023,35.0043,31.4330,55.5882,10.4206,38.2727,72.7222,34.1872,31.0852,54.3889,10.2063,38.0917,71.7844,33.6462,30.9216,53.5762,10.1274,37.8447,71.1439,33.0978,30.6317,52.8299,9.9229,38.1707,68.5470,32.4381,30.8702,51.3965,10.4144,40.2220,72.0949,33.2316,33.2397,54.7327,11.1164,41.5391,78.0000,34.7482,35.0620,59.3454,12.0659,42.5995,83.4748,37.3560,36.4496,63.8726,13.1800,43.8625,89.1836,40.6608,38.0241,68.5230,14.3539,44.8803,94.5414,43.8047,39.4547,73.4915,15.7129,45.7423,100.1347,47.1403,40.5888,77.9121,17.0562,46.5087,104.8601,51.2546,41.6281,82.3771,18.6582,47.3855,109.6602,55.3067,42.7314,86.5987,20.2920,48.0668,114.4546,59.6180,43.6847,90.8765,22.0455,48.6030,118.2138,64.2636,44.5140,94.9009,23.9755,49.1157,122.3692,68.4269,45.4668,98.7080,25.9404,49.7349,125.6190,72.5384,46.3896,102.2259,28.0514,49.8667,129.4210,76.5834,46.8536,104.7658,30.2685,50.3488,132.5084,80.8658,47.7089,107.5101,32.6913,50.7870,135.3604,87.6816,48.1765,110.4272
Ea,106.6307,53.8702,162.5238,304.9415,45.9029,140.7685,107.2156,54.0930,163.2254,304.0038,45.9908,141.3924,102.8170,52.9743,164.8493,304.6284,45.0224,141.7848,8.2950,34.8609,146.5615,46.0911,26.4409,123.4158,4.6573,28.4381,88.1777,19.8765,21.2958,69.9881,3.3287,25.0025,58.2920,13.1946,18.4706,44.6667,2.6334,22.9211,43.5265,10.2428,16.7880,31.5742,2.2342,21.4904,35.3109,8.6903,15.6428,24.2373,1.9635,20.3505,30.2846,7.7635,14.7696,19.9125,1.7531,19.5353,27.0436,7.1652,14.1059,17.2721,1.5302,19.0272,24.6867,6.5834,13.7154,15.5509,1.4203,18.3565,23.0999,6.2448,13.2255,14.3656,1.3786,18.0745,21.7460,6.0382,12.9587,13.5616,1.2876,17.5641,20.7962,5.7755,12.5787,12.8706,1.2083,17.2406,20.0365,5.6270,12.3393,12.3473,1.1721,16.9712,19.5195,5.4668,12.1915,12.0455,1.1532,16.7058,19.0349,5.2887,11.9228,11.7925,1.0733,17.1607,17.8178,5.1346,12.2439,11.2359,1.1925,19.5859,20.1977,5.3303,14.2693,13.0175,1.4187,21.1689,24.1247,5.7326,15.5700,15.7004,1.6674,22.9993,27.9707,6.2659,17.0282,18.4556,2.0446,24.6801,32.1356,6.8201,18.4706,21.5227,2.4409,26.5189,36.4104,7.5571,19.9799,24.7443,2.9524,28.1310,41.1950,8.3003,21.4737,28.3470,3.4079,29.9959,46.2409,9.2844,22.9993,32.1356,3.9869,31.9016,51.4755,10.3591,24.5759,36.2806,4.6094,33.5045,56.9169,11.7691,26.0758,40.6838,5.2713,35.0519,62.6364,12.8599,27.5882,45.3115,6.0335,36.6416,68.4269,14.0847,28.7885,50.1388,6.9057,38.0691,74.4094,15.7463,30.1533,55.0796,7.7583,39.4310,79.9127,17.5225,31.4593,59.8138,8.6958,40.7987,85.3002,19.3835,32.7734,64.5263,9.7298,41.9098,91.2138,21.0393,33.8780,69.6913
Ea,124.2264,55.1324,165.4656,360.7160,48.0981,143.7754,124.9828,55.2091,166.1898,363.7466,48.3338,143.0532,78.2646,54.1490,167.8664,269.4530,47.4162,144.5039,6.2800,32.7457,144.5852,30.5019,25.5938,120.1426,4.1724,26.6614,76.6119,17.7019,20.7231,60.4667,3.2574,23.8103,49.8348,12.8635,18.2150,38.3433,2.6994,22.1728,37.4595,10.4083,16.6670,27.3488,2.3571,20.9176,30.9503,8.9269,15.5780,21.3236,2.1604,20.0524,26.9661,8.0493,14.8506,17.9812,1.9601,19.3794,24.2938,7.3510,14.1911,15.8468,1.8362,18.8852,22.6218,6.8470,13.7659,14.4745,1.7333,18.4658,21.1755,6.5141,13.3906,13.4617,1.6412,18.1259,20.2291,6.2448,13.1593,12.6968,1.6379,17.8520,19.5854,6.0451,12.8287,12.3162,1.5611,17.5369,18.9905,5.9256,12.6257,11.8933,1.5481,17.4106,18.5952,5.8367,12.5185,11.6823,1.5221,17.2050,18.2123,5.7665,12.3195,11.4905,1.5010,17.7417,17.3129,5.6002,12.5955,11.0458,1.6231,20.1304,20.0417,5.7619,14.6316,13.0067,1.8595,21.9828,23.8210,6.1353,16.1577,15.6879,2.2205,23.8291,27.6072,6.8983,17.6231,18.3837,2.6014,25.5597,31.8279,7.6548,19.2546,21.5060,3.0791,27.6255,36.4705,8.6049,20.9230,24.8729,3.5872,29.3443,41.1014,9.5128,22.4817,28.4886,4.1824,31.1284,46.3778,10.5661,24.0561,32.5949,4.7913,32.9868,51.7297,11.7123,25.7441,36.7931,5.5489,34.5919,57.5243,13.0859,27.2775,41.5246,6.3741,36.3330,63.2500,14.4823,28.7337,46.2819,7.1977,37.8559,69.2009,15.9733,30.2615,51.0975,8.2305,39.4074,75.4007,17.5362,31.5648,56.4449,9.2100,40.8483,81.1770,19.0645,33.0615,61.6399,10.2764,41.8970,86.8066,20.7425,34.1886,66.4107,11.4084,43.2245,92.2761,22.5460,35.4278,71.5015
Ea,136.7523,54.2985,162.6237,384.4362,52.4545,140.6908,137.7938,54.5240,162.9241,387.8558,52.6329,141.0019,102.4072,53.6671,164.2370,310.0351,51.9774,141.8635,9.0650,37.4782,150.0484,36.8438,30.6402,126.5192,6.3812,32.0448,93.6324,22.8036,25.1221,73.7327,5.1843,29.2881,65.2346,17.3992,22.3121,50.5378,4.4772,27.7077,51.8095,14.5331,20.5572,38.8929,4.0803,26.4480,44.4199,12.7995,19.3995,32.0412,3.7456,25.5801,39.8314,11.6060,18.5422,27.7810,3.4896,24.9760,36.6414,10.7255,17.9582,24.9697,3.3381,24.4270,34.6257,10.0760,17.4376,23.1835,3.2686,23.9991,33.0177,9.6650,17.0370,21.8191,3.1809,23.7665,31.6417,9.3679,16.7577,20.8392,3.1012,23.3885,30.7864,9.0565,16.4913,20.2030,3.0220,23.2051,30.0611,8.7956,16.2710,19.6412,2.9817,22.9692,29.4717,8.6489,16.0410,19.1836,2.9799,22.7895,29.1091,8.4791,15.8551,18.9216,2.8796,23.4069,27.7012,8.3381,16.3005,18.2883,3.1623,26.0967,30.9750,8.6958,18.9096,21.0121,3.5010,27.9941,35.9833,9.2844,20.7124,24.7123,4.0305,29.9052,41.1365,10.1820,22.5936,28.6988,4.5659,31.7504,46.4327,11.2391,24.3948,32.8055,5.2169,33.6093,51.6979,12.4653,26.2787,37.2014,5.9829,35.1125,57.9344,13.7742,27.9789,41.9895,6.8201,36.8134,63.6139,15.2637,29.7822,46.9585,7.7012,38.5235,69.7900,16.8781,31.6265,51.9696,8.6875,40.0042,75.8199,18.6339,33.2209,57.1734,9.8275,41.2357,81.3333,20.5877,34.6018,62.4477,11.0011,42.4944,87.3299,22.6861,36.3224,67.6661,12.1992,43.7667,93.4758,24.6676,37.6220,73.0125,13.5430,44.7530,98.7935,27.0506,38.9969,77.8536,14.8928,45.7860,103.6448,29.3091,40.2950,82.1221,16.4529,46.5983,108.1527,32.0326,41.2734,86.7372
Ea,139.2293,54.1863,162.3243,403.7179,53.4652,140.6908,140.2265,54.4299,162.7237,401.0769,53.7224,141.3924,96.3617,53.5752,163.9324,303.0715,52.7045,141.6276,8.2493,35.7365,148.5853,34.5506,27.7152,123.7888,5.6382,29.8231,87.2599,21.0991,21.8287,68.0449,4.5163,26.9710,59.1518,15.7923,19.0616,45.3514,3.8784,25.3634,46.0231,13.0607,17.6322,33.8925,3.4592,23.9549,38.5899,11.3236,16.4530,27.2775,3.2312,23.2356,34.3264,10.2367,15.7977,23.2915,2.8869,22.3529,31.0905,9.3448,15.0138,20.5505,2.7802,21.7662,29.0785,8.8235,14.5402,18.9856,2.6174,21.3957,27.4203,8.3489,14.2283,17.7158,2.4708,21.0264,26.3003,7.9543,14.0432,16.8162,2.4217,20.6963,25.3151,7.7323,13.7551,16.1731,2.3850,20.4245,24.6420,7.5545,13.6004,15.6837,2.3224,20.2244,24.1247,7.3460,13.3765,15.2678,2.2791,20.0109,23.8642,7.2428,13.2675,15.1177,2.2584,20.7823,22.5170,7.1652,13.7118,14.5644,2.4287,23.3395,25.3151,7.4245,16.0867,16.8162,2.8235,25.1555,29.6276,8.0520,17.7417,20.0676,3.1939,27.1091,34.0763,8.7901,19.5555,23.3337,3.7281,28.8435,39.0236,9.6738,21.3901,27.0154,4.3626,30.7933,44.1750,10.8232,23.2112,31.0492,5.0335,32.4977,49.6989,12.0319,24.9099,35.2628,5.7303,34.2374,55.1319,13.3698,26.8049,39.8650,6.5690,35.8818,61.3537,14.8012,28.6010,44.6797,7.4245,37.4562,66.6866,16.4789,30.3787,49.6086,8.3732,39.0319,72.7749,18.1554,32.1078,54.6464,9.4083,40.4416,78.7981,19.9951,33.7721,60.0106,10.5786,41.5645,84.8631,21.5338,35.1732,65.0120,11.7423,42.7711,90.0605,23.4364,36.5881,70.1373,13.0426,43.9587,96.2386,25.8731,38.0579,74.9852,14.4862,44.9229,101.6403,28.2950,39.3366,79.6091
Ea,154.9590,53.8332,162.9241,472.9202,54.5806,140.4583,155.5117,53.9443,162.6237,473.6395,54.6184,139.8415,147.7362,53.7962,163.8311,442.5777,54.8079,141.0019,34.8618,49.1319,163.1249,142.1791,46.7332,139.7647,20.3918,45.4379,141.9423,79.8214,41.1980,115.6665,15.9521,43.4673,118.0411,59.6571,38.0917,94.1840,13.8306,41.9613,103.4599,49.6838,35.9443,80.9279,12.6580,41.1102,93.5932,44.4199,34.5523,73.1185,11.7390,40.3682,86.7026,40.5115,33.5140,67.0572,11.1197,39.8478,81.9951,38.4503,32.7181,62.8048,10.6160,39.4547,78.5603,36.7121,32.0988,59.9318,10.2947,38.9155,76.2709,35.2532,31.4769,57.5614,10.0549,38.3978,74.1647,34.0210,30.9216,55.8361,9.7475,38.3068,72.4075,33.0177,30.6741,54.2522,9.5565,37.9904,71.0169,32.5600,30.2532,53.0440,9.4054,37.7443,70.0626,31.8619,30.0455,51.9055,9.2643,37.5224,69.2741,31.2896,29.8888,51.2074,9.1529,37.9118,66.5944,30.8518,30.0455,49.8803,9.5070,39.9319,70.0378,31.4232,32.7457,52.9615,10.1728,41.6026,76.0731,32.8320,34.7012,57.7847,11.0170,42.9570,81.5216,34.8807,36.4496,62.5315,11.9574,44.0276,87.4352,37.5633,37.9006,67.1736,13.1438,45.1793,93.8288,40.6033,39.5851,72.3553,14.3230,46.2857,98.9220,44.1109,40.9478,77.0991,15.6172,47.0047,103.9697,48.2224,42.0517,81.4901,17.0249,47.8640,108.6513,52.1950,43.2648,86.2883,18.5663,48.6348,113.6404,56.4630,44.3742,90.6528,20.2396,49.2938,118.2715,60.8474,45.3371,94.7808,21.9037,49.8502,122.0034,65.4135,46.3154,98.5373,23.8703,50.3991,125.9393,70.6379,47.1869,102.5890,25.8462,51.0082,130.1642,75.5400,48.0511,105.5243,27.9561,51.0936,133.8501,79.0370,48.6507,108.5513,30.0849,51.5240,136.6047,82.6654,49.2451,111.5684
Ea,115.7221,53.9072,159.5761,331.0021,47.8796,135.1429,115.6110,54.2424,159.3830,336.9474,48.1765,135.0705,84.5292,53.4103,161.0381,281.3808,47.4008,136.0167,7.1627,36.0698,145.3209,30.8355,27.3437,119.1424,4.8779,29.9876,86.5987,18.2502,22.3938,66.2962,3.8745,27.1310,59.4426,13.9174,19.8973,44.1750,3.3005,25.5122,46.6393,11.7123,18.5998,33.0711,2.9579,24.3562,39.6525,10.4576,17.6049,26.7840,2.7299,23.5921,35.2532,9.6180,16.9318,23.0581,2.5536,22.9872,32.6474,8.9944,16.4785,20.8392,2.4532,22.5288,30.8682,8.6104,16.0784,19.4086,2.3380,22.2249,29.4484,8.2654,15.8223,18.3646,2.2860,21.9256,28.6988,7.9464,15.6145,17.7158,2.2291,21.6758,28.0293,7.8494,15.4332,17.2586,2.1981,21.5408,27.4633,7.7116,15.2816,16.9225,2.1690,21.4179,27.0789,7.5981,15.1630,16.6358,2.1177,21.3456,26.7630,7.4855,15.1197,16.4702,2.1844,21.7889,25.7390,7.4143,15.3413,16.1176,2.3467,24.3048,28.8576,7.6084,17.5913,18.4316,2.6156,26.1526,33.5013,8.1877,19.2248,21.5894,3.0625,27.9259,38.1305,9.0141,20.7392,25.1060,3.5087,29.6679,43.0763,9.8038,22.3997,28.7667,4.0943,31.4068,48.4691,10.8232,23.8982,32.7615,4.6740,33.1927,53.6769,11.9472,25.6142,36.9761,5.3566,34.7111,59.1711,13.1873,27.1456,41.2418,6.1376,36.3436,64.6802,14.5762,28.5776,45.7259,6.9474,37.8335,70.4370,16.1389,30.0372,50.4299,7.8625,39.1487,76.3559,17.6604,31.4155,55.3243,8.8514,40.6134,81.3020,19.5297,32.8012,59.9909,9.9020,41.6536,87.1200,21.3181,33.8780,64.6142,10.9628,42.8373,92.6218,23.3216,35.0519,69.2741,12.1957,43.9312,97.6491,25.4006,36.2169,73.9212,13.4913,45.0081,102.6801,28.3991,37.2147,78.1468
Ea,135.8704,54.1303,163.1249,382.5077,55.6536,140.8462,136.7523,54.2985,163.4269,383.9524,56.4000,141.0799,93.9864,53.2826,164.2370,305.2553,55.5566,142.0212,7.7142,35.4995,148.2446,35.7770,29.3604,125.0461,5.2691,29.7413,87.6111,21.2028,22.3471,69.8395,4.1523,26.9782,59.2485,15.5799,19.5000,46.5841,3.5565,25.2558,46.0639,12.6862,17.0195,34.8618,3.1661,23.9738,38.8168,10.9119,15.8305,27.9414,2.8887,23.2600,34.2799,9.7741,15.5659,23.7780,2.6298,22.5288,31.2563,8.8933,15.1906,21.0991,2.5465,21.8514,29.1935,8.3219,14.6316,19.4943,2.3902,21.4625,27.5784,7.8939,14.2506,18.0376,2.3120,21.0921,26.3071,7.5956,13.9368,17.0876,2.2567,20.8255,25.4270,7.3283,13.6650,16.4963,2.1947,20.4721,24.7251,7.1229,13.3871,15.9099,2.1621,20.2559,24.1372,6.9670,13.2255,15.5014,2.1587,20.0939,23.7903,6.8250,13.0518,15.2596,2.0785,20.6748,22.3953,6.7206,13.3378,14.5762,2.2618,23.4500,25.6058,6.9917,15.7813,16.9403,2.5837,25.3769,29.9263,7.5110,17.3702,20.1612,2.9927,27.0873,34.5131,8.1583,19.0469,23.5943,3.4934,28.8986,39.3861,9.0791,20.8471,27.2135,4.0504,30.8702,44.3424,10.1244,22.8253,31.1650,4.6823,32.6628,49.9106,11.2813,24.6671,35.3495,5.4182,34.1593,55.5529,12.5316,26.5047,40.1016,6.2332,35.8818,61.6605,13.8872,28.4690,45.0073,7.1254,37.4341,67.2904,15.3535,30.3117,49.8197,8.0229,38.9969,73.3313,16.9136,32.0988,54.9925,9.1387,40.4416,79.1869,18.8041,33.8587,60.1291,10.1516,41.5772,84.9301,20.5665,35.4688,65.2569,11.3268,42.7050,90.5784,22.5752,36.9970,70.3369,12.5316,43.8900,95.6268,24.5085,38.2387,75.2618,13.9250,44.9371,101.5060,26.7910,39.9921,79.7607
Ea,152.8718,53.9814,163.0244,458.2817,54.6184,139.9183,152.6926,54.1117,162.2247,458.9591,54.6184,139.4583,146.9792,54.1117,162.2247,436.3333,54.5806,139.8415,34.1872,49.3588,161.1364,137.9437,46.2857,137.3458,19.7995,45.6260,140.7685,77.5620,41.0726,113.9649,15.2352,43.3861,117.8687,57.4687,37.8223,93.0084,13.2164,42.0775,102.8170,48.3383,35.7779,79.7910,11.8327,40.8111,92.6218,42.4247,34.1593,71.5015,10.9405,40.0404,85.6729,38.9909,33.0428,65.6832,10.3161,39.2308,80.4639,36.4505,32.0179,61.4557,9.8245,38.7535,77.0991,34.7199,31.5384,58.4815,9.6180,38.4092,74.5459,33.4832,30.9560,56.1931,9.3045,37.7888,72.1729,32.3080,30.3452,54.0821,9.0113,37.5556,70.3119,31.6248,30.0537,52.3567,8.8263,37.3132,68.9333,30.7374,29.7658,51.2388,8.6572,37.1274,67.6661,29.9579,29.4006,50.1540,8.5200,36.9645,66.7559,29.5339,29.3363,49.5485,8.4573,37.1166,64.3510,29.1321,29.3363,48.2948,8.7984,39.4074,67.7841,29.6432,32.2612,51.5072,9.4576,40.8483,73.7596,31.3396,34.0814,56.0856,10.2124,42.1552,79.5485,33.5918,35.7779,61.0088,11.2326,43.3996,85.5710,36.1614,37.3901,65.6832,12.2645,44.5280,91.1762,39.1111,38.7997,70.7639,13.3661,45.4235,97.0227,42.1943,40.3438,75.7077,14.6548,46.5236,102.0902,45.7528,41.5010,80.1264,16.0495,47.3549,106.4369,49.3688,42.6654,84.6625,17.3992,48.1608,111.2552,53.5428,43.7667,89.1111,19.0596,48.6507,116.3929,58.0845,44.7248,93.5540,20.7318,49.2776,120.4990,62.2599,45.7569,97.6491,22.6160,49.9990,124.6036,67.4778,46.5833,101.1047,24.4072,50.4663,127.4958,72.0690,47.2022,103.9697,26.3963,50.7192,131.9503,77.0703,47.9107,107.2156,28.4886,50.9570,134.4220,81.3020,48.4919,110.2218
Ea,137.2714,53.4469,159.6729,392.3378,51.5934,137.7938,138.8491,53.5752,160.1581,396.9189,51.7849,138.5461,116.5616,52.5258,161.5307,369.5040,50.7023,138.8491,7.8704,34.9512,143.7754,40.0000,28.2763,119.9650,5.1670,29.0727,85.5710,21.4727,22.7656,68.2355,4.2066,26.6400,58.2920,15.6671,19.9025,45.9554,3.5469,24.9561,45.2982,12.6510,18.2573,34.2242,3.2424,23.7852,38.3113,11.0362,17.0635,27.6072,2.9671,23.0173,33.9842,9.8424,16.2499,23.4667,2.7712,22.3004,31.0987,9.0339,15.5861,20.8500,2.6067,21.9085,29.0021,8.4927,15.1393,19.1587,2.4971,21.4179,27.6072,7.9780,14.7350,17.9531,2.3902,21.1030,26.4444,7.6754,14.5137,17.0697,2.3276,20.7339,25.6390,7.4321,14.2320,16.4746,2.2947,20.4828,24.9697,7.2252,14.0138,15.9902,2.2377,20.3452,24.5338,7.1030,13.8967,15.6962,2.1895,20.2926,24.0873,6.9326,13.8166,15.3699,2.2205,20.7823,22.5752,6.8592,14.0505,14.8052,2.3728,23.3211,25.7993,7.0584,16.4615,17.2225,2.6905,25.2156,30.1168,7.6110,18.2573,20.5346,3.1345,27.0363,34.6633,8.3003,19.9385,23.8827,3.6218,28.8199,39.3972,9.3103,21.6701,27.7157,4.2489,30.7592,44.6276,10.3806,23.5055,31.7008,4.9267,32.4065,49.9409,11.6027,25.1955,35.9833,5.6763,34.1300,55.5705,12.8813,27.0363,40.6148,6.4950,35.7158,61.5580,14.3578,28.6789,45.3115,7.3738,37.3352,67.1970,15.9015,30.4880,50.3070,8.3057,38.7188,73.4380,17.5087,32.0179,55.6765,9.4344,40.2707,79.0969,19.4439,33.5998,60.6466,10.4948,41.5772,85.0644,21.3016,35.0923,65.6607,11.7123,42.5732,90.5041,23.3940,36.4496,70.7134,13.0031,43.7393,96.0339,25.5526,37.7888,75.7357,14.3307,44.8803,100.9715,27.9561,39.1370,79.8823
Ea,133.0705,52.0477,157.4737,398.4686,51.8198,134.5657,133.9927,52.3125,157.3793,398.4686,51.9774,134.6376,123.7265,52.2594,158.5188,370.8571,51.8898,135.2878,15.4396,43.8762,154.6839,61.6399,38.0804,130.5045,9.7446,38.8112,119.1424,36.2607,31.3805,93.5149,7.8129,35.8091,89.4015,28.4811,27.9184,68.2833,6.7982,33.8973,72.9861,24.4261,25.6962,55.1144,6.0890,32.5618,63.0374,21.9943,24.1769,47.1824,5.6315,31.4155,56.4991,20.3497,23.0898,41.5720,5.2647,30.5555,52.0017,19.0201,22.2772,37.6050,5.0828,29.7576,48.8204,18.1602,21.4346,34.7010,4.8419,29.2962,46.3367,17.3810,20.9502,32.4468,4.7241,28.7102,44.3812,16.7941,20.3927,30.7211,4.5576,28.3995,42.7796,16.2501,20.1148,29.3168,4.4464,28.0776,41.5601,15.8049,19.7793,28.3172,4.3728,27.8806,40.7530,15.4355,19.5303,27.4777,4.2651,27.7002,40.0338,15.0975,19.3744,26.7630,4.2308,28.0092,38.2367,14.9167,19.5656,25.8194,4.4423,30.6063,40.4199,15.4027,22.3179,28.0514,4.8187,32.2703,45.5649,16.2673,23.9928,31.7262,5.2691,33.8298,50.8477,17.4813,25.8610,35.7477,5.8436,35.2850,56.0856,19.0596,27.5585,40.0451,6.4712,36.8134,61.4149,20.7533,29.1443,44.4329,7.0881,38.2047,67.1736,22.5927,30.8959,49.1900,7.8338,39.5495,72.8276,24.5402,32.4156,53.6937,8.5884,40.7616,78.4122,26.7421,33.9940,58.7101,9.4895,41.7430,83.9006,29.1628,35.2240,63.2926,10.4083,42.8772,89.1836,31.4818,36.7703,68.0211,11.5531,43.8762,94.7009,34.2799,38.0128,73.0125,12.5281,44.7248,99.4820,36.7121,39.1253,77.2433,13.7367,45.4235,104.2963,39.8987,40.1977,81.1458,14.9648,46.1379,108.4514,42.7550,41.1603,85.2664,16.3405,46.8536,112.9960,47.0283,42.0775,89.0026
Ea,133.7789,52.9924,160.6460,382.5077,52.9382,137.9437,133.6367,53.2098,160.5482,387.8558,53.2098,137.9437,123.9760,53.1190,161.2348,356.0488,53.0104,138.0939,17.8039,45.2653,158.6144,65.6156,39.7520,133.7078,10.9087,40.3316,124.1637,39.1989,33.1364,97.5652,8.6407,37.5556,94.7808,30.6966,29.5055,71.9912,7.5110,35.5200,77.9707,26.6101,27.3585,58.9399,6.7351,34.0814,67.5954,24.0500,25.8128,50.5378,6.1958,33.0335,61.0290,22.2857,24.6801,45.1128,5.8390,32.3156,56.6439,20.9742,23.8856,41.2770,5.6472,31.4681,53.3258,20.0313,23.1201,38.5684,5.3303,30.9903,50.5378,19.1786,22.6173,36.0821,5.0785,30.5302,48.6443,18.4556,22.2656,34.1964,5.0313,30.1699,47.1684,18.0423,21.7436,32.9557,4.9331,29.8149,45.8472,17.6835,21.4514,31.7940,4.8377,29.5379,44.9284,17.3174,21.2681,30.9997,4.7472,29.4248,44.2522,16.9003,21.1579,30.2285,4.7262,29.7005,42.1701,16.5921,21.1579,29.3168,4.9076,32.1889,44.8103,17.0339,23.9423,31.9472,5.3654,33.9456,50.1235,18.0611,25.9163,35.9144,5.8299,35.4688,55.4472,19.3735,27.7527,40.3059,6.3717,37.1492,61.2926,20.9039,29.6028,44.7711,7.0040,38.7188,66.8484,22.8389,31.3980,49.4286,7.7999,39.9560,72.8012,24.7508,32.8846,54.4745,8.5200,41.1603,78.6197,26.9731,34.4535,59.1132,9.4199,42.3765,83.8020,29.3013,35.9756,63.8078,10.3008,43.5215,89.5838,32.0755,37.3132,68.6674,11.3594,44.4161,95.0614,34.5412,38.5808,73.6790,12.4549,45.3803,100.6619,37.6675,39.9680,78.1763,13.5356,46.2709,105.4290,41.2301,41.2482,82.1221,14.8012,46.8686,108.8519,44.5626,42.0129,86.8414,16.2030,47.5853,113.7484,47.5351,42.9703,90.4670,17.5913,48.3812,117.9836,50.8010,43.8900,94.7408
Ea,234.5839,51.3168,154.7755,760.1101,51.8723,131.8809,235.5529,51.4548,154.8672,758.3204,52.0829,132.5784,216.9629,51.2651,155.6042,701.9915,51.9073,132.5084,40.1129,46.8234,154.4097,180.7348,44.5841,130.5045,23.9383,44.0552,133.5657,94.9811,40.1008,108.1030,18.9020,42.5337,112.4637,68.3072,37.6109,88.7502,16.4269,41.7686,99.3955,56.2469,35.7883,77.4749,14.8848,40.8856,90.6900,49.9409,34.4929,70.2619,13.8834,40.4906,84.9301,45.8877,33.7529,65.1677,13.1221,40.1735,81.0834,42.6445,33.2303,62.1560,12.6369,39.6685,78.7683,41.1014,32.6168,59.9121,12.1410,39.5614,76.9553,39.5523,32.5160,58.0094,11.8159,39.3956,75.0957,38.2473,32.2341,56.3908,11.5300,39.1136,74.1918,37.1090,31.9463,55.5882,11.2748,39.0202,73.1451,35.9538,31.6883,54.6809,11.0747,38.8691,72.5122,35.4751,31.4418,54.0312,10.8992,38.6728,71.9653,34.7199,31.1111,53.2427,10.7885,38.9272,69.9881,34.3264,31.1803,52.2596,11.1293,40.8608,73.7059,34.7388,33.7433,55.7651,11.9641,41.9098,79.3373,36.2906,35.2748,60.6266,12.9278,43.1440,84.7293,39.0673,37.2257,64.7023,14.0770,44.1381,90.5784,41.5483,38.8576,69.5191,15.3167,45.0224,95.9931,44.4847,40.1977,74.1647,16.7324,45.7423,101.0159,49.1009,41.1352,78.5603,18.1933,46.6732,105.6198,52.5355,42.1682,82.8263,19.8200,47.1565,110.2218,56.9352,43.0637,87.2249,21.5727,47.9107,115.0579,60.5266,44.1935,91.0262,23.4970,48.3812,118.8509,63.7862,44.9939,95.0614,25.3611,48.9546,122.9830,68.4509,45.9615,98.4096,27.5640,49.2613,126.5192,75.6797,46.6882,102.0000,29.6119,49.8172,129.3538,81.9634,47.4930,104.5306,32.1528,50.3154,132.8592,87.7522,48.3654,107.2156,34.5412,50.5841,135.2878,92.6990,48.9225,109.7620
Ea,170.7643,51.8898,155.7894,495.4507,49.9659,134.7096,172.4128,52.1887,156.7212,494.6667,50.2485,135.4331,133.3531,51.6108,157.9472,408.0126,49.7843,136.0899,15.2800,40.1250,149.2707,59.2679,33.8973,126.8433,10.5692,35.7572,103.9697,36.7931,29.3042,82.1539,8.5693,33.3907,77.4459,27.9853,26.6901,60.0500,7.4372,31.8036,63.7215,23.2735,24.9363,48.8351,6.7134,30.6741,56.1035,20.4340,23.7727,41.7860,6.2238,29.8641,50.9724,18.4508,22.9692,37.3663,5.8868,29.1602,47.7342,16.9714,22.3529,34.1872,5.5912,28.7885,45.2451,15.9479,21.8628,32.0583,5.3588,28.2994,43.2132,15.0975,21.4123,30.3006,5.2408,28.0700,42.0616,14.4277,21.1964,29.2166,5.0506,27.6628,40.8571,13.8683,20.7608,28.2431,4.9672,27.4620,40.1016,13.4544,20.5892,27.5495,4.9097,27.3585,39.3530,13.1293,20.4350,27.0013,4.8631,27.2261,38.6654,12.8599,20.2349,26.4444,4.7619,27.6703,36.7020,12.6087,20.5732,25.6058,5.0592,30.3117,40.8571,13.0067,23.5550,29.1398,5.6494,32.2975,46.5427,13.9288,25.5190,33.6735,6.2988,34.0037,52.1304,15.1460,27.4545,38.4503,7.1204,35.7779,58.2731,16.7016,29.2321,43.3382,8.0944,37.4452,64.0894,18.4700,31.0334,48.5128,9.1046,39.0435,70.2869,20.4340,32.8012,53.6433,10.2398,40.3316,76.7547,22.6627,34.2179,59.1132,11.4839,41.5645,82.2495,25.1255,35.7055,64.1111,12.8066,42.7050,88.3917,27.4060,37.2366,69.7160,14.3114,43.8351,94.5015,30.0770,38.5464,75.1233,15.8217,44.8378,99.9599,33.1959,39.7640,79.5788,17.4904,45.8444,104.5306,35.9735,40.7987,84.1974,19.2833,46.6132,109.2043,39.3420,41.7430,89.0026,21.1646,47.3855,113.9649,42.7673,42.6918,93.2806,23.1835,48.1451,118.0411,46.3504,43.6030,97.2308
Ea,272.2192,49.7020,144.6667,811.7408,43.5351,120.7973,260.5186,49.8832,145.2388,769.1833,43.7803,120.9170,126.8433,48.8103,146.6449,352.3139,42.5732,122.3692,6.4404,29.2321,122.3692,18.2597,20.4509,98.0282,4.1784,23.8982,63.9592,11.3268,16.4700,47.0283,3.1290,21.2958,41.8457,8.7373,14.6469,29.6510,2.6014,19.7537,31.8534,7.4245,13.5647,20.9687,2.2411,18.7783,26.3619,6.6506,12.8628,16.4139,1.9887,18.0232,23.0820,6.1260,12.3162,13.9553,1.8512,17.4736,21.0501,5.7982,11.9228,12.5666,1.7548,17.0107,19.7687,5.5645,11.6273,11.7190,1.6543,16.7534,18.9216,5.3347,11.4335,11.1777,1.5937,16.4828,18.2360,5.2364,11.2116,10.8137,1.5254,16.2752,17.8597,5.1173,11.0837,10.5879,1.5124,16.1159,17.5362,5.0678,10.9299,10.4329,1.4542,15.9747,17.2993,5.0142,10.8402,10.2947,1.4768,15.7854,17.1999,4.9864,10.7451,10.2581,1.4332,16.2163,16.4832,4.9650,10.9870,10.0218,1.5986,18.1727,18.9462,5.1952,12.6829,11.9439,1.8095,19.6925,22.2972,5.6561,13.9771,14.2457,2.1348,21.2295,25.7993,6.2847,15.3294,16.7148,2.5465,22.7954,29.5807,6.9941,16.6326,19.4943,3.0165,24.3048,33.6826,7.7999,17.9814,22.4184,3.5584,25.9439,37.9192,8.8095,19.4045,25.6457,4.1263,27.5064,42.4734,9.7682,20.7446,29.0250,4.7451,29.1045,47.0983,10.9182,22.2017,32.7088,5.4646,30.5893,52.1143,12.1034,23.6604,36.6515,6.2495,32.1168,57.1000,13.4507,24.9694,40.7415,7.0757,33.5807,62.2391,14.7972,26.3985,44.8365,7.9307,34.6217,67.0107,16.3620,27.5362,49.0121,8.8709,36.0593,72.2249,17.8737,28.7885,53.0605,9.9288,37.3352,77.1856,19.6361,29.9381,57.3023,11.0458,38.5006,81.7420,21.4174,31.0852,61.5375
Ea,165.1570,53.1190,159.9637,477.2679,50.8379,138.0939,166.9197,53.1735,160.2555,477.2679,51.1450,138.6218,160.1581,52.7224,161.8275,468.6475,50.6516,139.9952,20.9525,44.0552,155.4194,91.1012,38.1255,133.2117,13.2055,39.4784,120.6182,47.7912,32.9124,97.7331,10.5475,36.7918,93.2416,35.1189,29.9546,73.7596,9.1729,35.0015,77.6785,29.1168,28.0472,60.3671,8.2225,33.8298,67.7368,25.3020,26.7761,51.8255,7.5981,32.8660,61.5989,22.6803,25.7030,46.3778,7.1852,32.1078,57.1551,20.8877,24.9297,42.3761,6.7303,31.4418,53.6937,19.3735,24.2727,39.3972,6.4451,30.8104,51.2388,18.1744,23.6418,37.1808,6.2636,30.3619,49.3240,17.3038,23.1991,35.3013,6.0520,29.9876,47.8484,16.5834,22.8971,34.0302,5.8731,29.6272,46.4601,15.9395,22.5347,32.8673,5.7597,29.3684,45.5248,15.4602,22.2597,31.9899,5.5979,29.0568,44.3941,14.9608,21.9828,31.1318,5.5422,29.6679,42.1339,14.7378,22.5759,29.9817,5.9051,32.4156,45.8877,15.1298,25.5733,33.3302,6.5117,34.2179,51.8895,16.1944,27.5287,38.2473,7.2704,35.9652,58.1034,17.4859,29.5379,43.2757,8.1130,37.7220,64.1329,19.1836,31.3543,48.6004,9.1700,39.4665,70.6127,21.0719,33.1739,53.8621,10.3683,40.8856,77.0415,23.3880,34.6514,59.5010,11.5465,42.1164,82.9231,25.4997,36.2274,64.6582,12.8671,43.4267,88.9665,27.8611,37.8559,70.0378,14.3191,44.7248,94.8208,30.4535,39.1838,75.4564,15.9437,45.5101,100.6619,33.3122,40.2220,80.4332,17.5225,46.5833,105.4766,36.3704,41.4249,85.3002,19.4489,47.6316,110.6332,39.5746,42.6786,90.3188,21.3346,48.1922,115.4446,43.2632,43.3456,94.5812,23.4667,49.0351,120.0833,47.5493,44.4161,99.0508,25.5858,49.6364,123.9760,52.0339,45.1793,102.7713
Ea,134.4938,55.4984,166.7106,384.9212,57.5279,144.6667,135.1429,55.4597,166.6062,392.8418,57.8771,144.1793,94.4617,54.7131,168.1840,307.7872,56.9597,145.0750,8.9045,37.6886,152.3354,39.3530,31.3805,128.7515,6.1052,31.5912,93.9470,23.8149,24.3112,73.5717,4.9140,28.6946,64.3291,17.8132,20.9013,49.7593,4.1664,26.9348,50.4145,14.6037,18.8658,37.7617,3.7106,25.4783,42.4734,12.6087,17.4466,30.6478,3.3381,24.5175,37.6154,11.2780,16.6326,26.1299,3.1160,23.7352,34.2892,10.3131,15.8141,23.2495,3.0000,23.0596,31.9984,9.6092,14.9476,21.2741,2.8397,22.6469,30.1088,9.0961,14.4834,19.7636,2.7568,22.1093,28.6837,8.6848,14.0064,18.7310,2.6245,21.8571,27.6867,8.3516,13.7623,17.8644,2.5447,21.5857,26.7700,8.1370,13.6183,17.2225,2.4918,21.2571,26.1502,7.9123,13.3272,16.7853,2.4077,21.1414,25.4997,7.7271,13.1662,16.3534,2.4025,21.5128,24.0251,7.6084,13.2675,15.7547,2.6138,24.3626,26.9731,7.9149,15.9788,17.9812,2.9853,26.3279,31.6585,8.5009,17.7097,21.3842,3.3871,28.2227,36.2011,9.2414,19.5656,24.8278,3.9394,30.0703,41.3829,10.2367,21.3623,28.8348,4.5019,31.9731,46.6946,11.3986,23.4623,32.9291,5.2429,33.6571,52.1143,12.5772,25.4309,37.2528,5.9737,35.4380,58.1787,13.8382,27.3954,42.1098,6.8128,37.0622,63.8293,15.3249,29.2962,47.0004,7.6702,38.8460,70.1622,17.1369,31.2759,51.8895,8.6737,40.1492,76.2709,18.7553,33.1083,57.3023,9.7003,41.4629,81.8684,20.7158,34.8709,62.5105,10.8706,42.7976,87.4352,22.7800,36.6737,67.5954,12.1102,43.9725,93.6324,24.7059,38.4206,72.8276,13.4470,45.0508,99.6120,26.9099,39.9680,77.9707,14.8489,46.0496,104.4837,29.2089,41.4249,82.2813
Ea,109.4066,54.0372,162.9241,338.4651,45.9762,141.8635,111.3073,54.0744,164.3388,337.3256,46.0496,142.1001,109.3559,52.7942,165.9824,332.4699,44.7248,143.0532,9.2672,33.4950,143.2933,62.4687,25.4174,120.6778,4.8843,27.8128,83.6055,22.8154,20.7446,67.5013,3.4174,24.5499,55.6588,14.3811,18.1821,43.1509,2.7209,22.7121,42.0857,11.0202,16.6541,30.7048,2.2308,21.3068,34.3916,9.1957,15.5780,23.7780,1.9719,20.3294,29.7686,8.0838,14.8428,19.7636,1.7349,19.6671,26.7282,7.3712,14.2394,17.3492,1.6395,19.0321,24.5656,6.9425,13.7623,15.8049,1.4816,18.5854,23.1536,6.4546,13.3871,14.6233,1.4413,18.1072,21.9886,6.2051,13.0276,13.8796,1.3402,17.8428,21.1482,5.9554,12.8492,13.2819,1.2939,17.5777,20.4446,5.7191,12.6391,12.8243,1.2336,17.2897,19.9228,5.5289,12.4253,12.5072,1.1610,17.1962,19.4943,5.4248,12.3756,12.2301,1.1752,17.5007,18.2502,5.2953,12.5285,11.7624,1.2622,19.9076,20.9633,5.5222,14.6583,13.5950,1.4768,21.6026,24.9245,5.9302,15.9540,16.4746,1.7929,23.3824,28.9183,6.4760,17.3836,19.3133,2.1433,25.1688,33.1512,7.1304,18.9048,22.4473,2.5908,27.0873,37.8036,7.9464,20.4615,25.7993,3.0202,28.6010,42.4612,8.7152,21.8913,29.4019,3.5948,30.6063,47.8341,9.6885,23.5797,33.5918,4.1403,32.1708,52.8135,10.6597,24.8637,37.6571,4.7955,33.9456,58.4056,11.7624,26.4905,42.0857,5.5311,35.3869,64.3510,12.9959,27.9184,47.0004,6.1888,36.9970,69.7653,14.3578,29.2241,51.4914,7.1852,38.7188,75.7918,16.0326,30.7166,56.6984,7.9596,39.9680,81.0523,17.4676,31.9016,61.4966,8.9522,41.0976,86.7026,19.2134,32.9775,65.9773,9.9887,42.2982,91.8564,21.0284,34.0717,71.0931
Ea,132.4384,53.1009,160.4505,397.4342,53.1009,137.8687,132.6485,53.1190,160.2555,396.9189,53.1916,137.5695,121.3375,53.0104,161.5307,365.5000,52.9563,138.5461,14.8968,44.1658,158.3279,61.8868,38.8228,133.4239,9.2500,38.7073,121.2171,35.6598,31.3281,94.9410,7.4219,35.6229,88.9665,27.7375,27.7827,68.4030,6.4025,33.5426,72.1989,23.7411,25.3701,54.7499,5.7800,32.1258,61.9488,21.2522,23.8605,46.4601,5.3456,30.9474,55.4824,19.6616,22.7121,40.8340,4.9907,30.1117,50.7544,18.3885,21.7833,36.6314,4.7011,29.3765,47.3089,17.4311,21.1469,33.5556,4.5928,28.7807,44.8103,16.7192,20.3875,31.3146,4.4526,28.2074,42.9400,16.0368,19.8767,29.6041,4.2854,27.9411,41.3593,15.5138,19.5252,28.1913,4.1704,27.5213,40.1129,15.0813,19.2199,27.0718,4.0903,27.2922,39.1330,14.7496,18.9390,26.1775,4.0305,26.9855,38.4396,14.4316,18.7395,25.5261,3.9829,27.4102,36.1019,14.2457,18.9585,24.5211,4.1925,29.9629,38.8929,14.5958,21.5801,26.9310,4.5246,31.9195,43.7159,15.4890,23.6356,30.4293,4.9629,33.6475,49.1751,16.7412,25.4783,34.5693,5.5422,35.0418,54.6292,18.1413,27.1529,38.9909,6.1562,36.6844,60.4269,19.7995,28.8121,43.4762,6.6916,38.0917,65.8413,21.5616,30.6656,48.1213,7.4422,39.4902,71.9135,23.4727,32.2884,52.9121,8.1797,40.7492,77.5039,25.4270,33.8298,57.8034,9.0254,41.8841,82.5692,27.6795,35.1834,62.6154,9.9857,42.8904,88.6066,30.1646,36.5881,67.3606,10.9819,44.0828,94.2632,32.6387,38.0128,72.2510,12.0387,44.7672,99.6120,35.2820,39.1136,76.9553,13.1546,45.6405,104.2495,38.0987,40.3682,80.8037,14.4161,46.3450,108.3517,41.0547,41.3365,85.3002,15.7714,47.2022,112.9960,44.1109,42.2722,89.3288
Ea,121.8212,52.0829,156.9087,302.7619,45.8152,134.8537,123.1682,52.1534,157.1908,304.0038,45.9322,134.9982,72.6696,51.0423,157.9472,195.1975,44.9655,135.3604,4.5949,28.6946,131.1208,16.3275,20.9067,108.5513,2.8960,22.8372,65.0787,9.8543,16.4700,49.6537,2.1262,20.1043,41.2184,7.3915,14.2097,29.4872,1.7234,18.4706,30.2125,6.1284,12.9416,19.9176,1.4155,17.2718,24.4325,5.3434,12.0258,15.2963,1.2305,16.5212,21.0556,4.8821,11.4646,12.8315,1.0952,15.9004,19.0645,4.5266,10.9961,11.4510,1.0328,15.4212,17.5316,4.3504,10.5744,10.5444,0.9290,14.9904,16.5485,4.1463,10.3479,9.8870,0.9321,14.6469,15.8510,4.0325,10.0402,9.4982,0.8369,14.4079,15.3822,3.9020,9.8721,9.2300,0.8216,14.2134,15.0210,3.8138,9.7916,9.0028,0.8002,14.0653,14.6824,3.8001,9.6648,8.8765,0.8262,13.9368,14.5370,3.7650,9.5257,8.8095,0.7121,14.2245,13.7930,3.6526,9.7419,8.5064,0.8721,16.3131,16.0665,3.9000,11.4739,10.2428,1.0920,17.7463,19.2384,4.2570,12.5854,12.4236,1.2812,19.2397,22.3722,4.6448,13.8203,14.6155,1.5905,20.7124,25.6790,5.2212,15.0804,17.0249,1.9651,22.3997,29.3864,5.8686,16.4189,19.8148,2.3641,24.0434,33.4742,6.6434,17.9351,22.7330,2.8397,25.7030,37.8876,7.4575,19.2895,26.0485,3.3758,27.4175,42.4612,8.3840,20.6802,29.5807,3.9296,28.9855,47.4784,9.3189,22.2075,33.4291,4.5287,30.6486,52.3567,10.3683,23.7040,37.3043,5.2255,32.2160,57.5614,11.5498,25.0290,41.6075,5.9944,33.6667,62.8892,12.8564,26.3773,45.9960,6.8153,34.9613,68.0925,14.2226,27.6928,50.4761,7.6625,36.3860,73.6254,15.6504,28.8908,54.9231,8.6297,37.7554,78.5603,17.2721,30.1533,59.4426
Ea,157.0966,53.1372,161.8275,424.9201,53.5935,139.4583,157.8523,53.3738,162.2247,426.0946,53.9814,139.5348,154.3185,53.3920,163.3261,425.5066,54.0000,140.3037,33.1156,49.0512,162.1253,119.3765,46.2265,138.6975,19.2234,45.2797,142.4166,66.5025,40.6134,116.1126,15.0169,43.0236,118.5027,50.6150,37.4452,94.1049,13.0751,41.6281,103.3676,43.4385,35.2951,80.4639,11.8731,40.7863,92.6218,39.2868,33.8106,71.9394,11.1197,39.8718,85.3678,36.4505,32.7550,65.8187,10.4824,39.2425,80.2182,34.5506,31.7859,61.6810,10.0459,38.6958,76.8406,33.6371,31.1284,58.3677,9.7032,38.2273,74.1376,32.3946,30.6826,55.9429,9.3852,37.8670,72.1989,30.9750,30.2115,53.8452,9.2042,37.5777,70.1871,30.2926,29.8231,52.3730,9.0197,37.3132,68.7639,29.7608,29.4894,51.2074,8.9185,37.1057,67.8314,29.3245,29.2801,50.3838,8.7263,36.8996,67.0339,28.9792,29.1045,49.5035,8.6682,37.1166,64.1329,28.6386,29.1922,48.1357,9.0085,39.5970,67.1970,29.2859,32.1078,50.8166,9.7416,40.9229,73.4380,30.9997,33.9070,55.4824,10.5289,42.2202,79.1269,33.3661,35.6435,60.4070,11.4740,43.5351,84.8966,36.0129,37.2804,65.0120,12.5807,44.4440,90.9887,39.1002,38.6497,70.2120,13.7255,45.4957,96.2796,42.0496,40.2099,74.8475,15.0290,46.3599,102.0000,45.3115,41.2608,79.5485,16.3750,47.1413,106.0992,48.9973,42.3504,84.0653,17.8411,47.6780,110.9953,52.8792,43.4132,88.1777,19.5448,48.6189,115.7221,56.9535,44.5561,92.6604,21.1427,49.2776,120.0833,61.0694,45.5246,96.8567,23.0760,49.6692,124.3519,66.0909,46.2413,100.7502,24.9762,50.1152,128.4191,71.9135,47.0198,103.6911,27.0154,50.7023,131.8115,75.5122,47.8640,106.8251,29.1244,50.9740,134.7816,79.9127,48.3812,109.4066
Ea,291.7075,48.5553,143.9367,963.5491,48.3812,121.6394,291.9963,49.2776,145.0750,935.8652,48.9386,122.7368,224.5654,48.0355,145.3209,771.0233,48.1451,122.8598,16.2373,36.2274,134.0641,71.2458,31.1024,112.1991,10.7664,31.9731,88.3203,39.3530,25.9232,70.7386,8.6214,29.7576,64.5263,28.7063,23.3456,50.7079,7.4042,28.3224,52.8135,23.4424,21.7833,40.5229,6.6844,27.4990,46.1591,20.2972,20.7877,34.3264,6.1307,26.7115,41.8218,18.2692,19.9695,30.1965,5.7371,26.2015,38.9909,16.7236,19.2895,27.5136,5.4823,25.8541,36.9354,15.4849,18.7492,25.6324,5.2299,25.4444,35.4751,14.6076,18.2998,24.3064,5.0592,25.1822,34.4944,13.9553,18.0931,23.4243,4.9161,24.9958,33.8284,13.4580,17.8658,22.7683,4.8040,24.7652,33.1869,12.9851,17.7051,22.2168,4.7032,24.5629,32.6474,12.5247,17.5097,21.7797,4.6094,24.5435,32.2303,12.2404,17.4826,21.4561,4.6178,24.8901,30.9503,12.1034,17.6595,20.9687,4.8398,27.5808,34.8997,12.5456,20.2874,24.2248,5.4358,29.3523,40.2945,13.4139,22.2946,28.3842,6.0635,31.1024,45.4980,14.6155,24.1832,32.5513,6.8445,32.8660,50.9724,16.0750,26.1595,36.9863,7.7375,34.2864,56.5895,17.6881,27.8279,41.5838,8.7401,35.8610,62.4268,19.6057,29.5460,46.4601,9.8781,37.2913,67.9262,21.5894,31.2237,51.3807,11.1551,38.6958,73.8943,23.8149,32.7734,56.4449,12.3750,40.0162,79.3373,26.1502,34.3550,61.4149,13.8683,41.1478,84.7627,28.8045,35.8194,66.1137,15.3904,42.0129,90.2080,31.4734,37.1601,71.1949,16.9803,43.0236,95.6268,34.4289,38.4663,75.9322,18.8383,43.9449,100.3977,37.4387,39.5851,80.0958,20.6623,44.6825,104.7187,40.8108,40.5642,84.3299,22.6803,45.4235,108.6513,42.8412,41.4249,88.4632
Ea,109.0027,53.1553,160.1581,321.7500,45.3947,138.3197,109.9659,53.4103,160.8418,323.8418,45.7277,138.6218,74.3277,52.0125,162.5238,258.1972,44.4860,139.6114,4.8462,30.5386,136.9003,22.7448,22.7895,112.7826,3.0514,24.5110,71.7844,12.8066,18.2526,55.2017,2.2705,21.6645,46.0911,9.2959,15.8798,33.7736,1.8495,19.9902,34.0855,7.5802,14.4456,23.3036,1.5124,18.7831,27.7230,6.5642,13.5147,17.9110,1.3370,17.9536,24.0003,5.9074,12.8321,15.0250,1.1847,17.2317,21.5227,5.4116,12.3294,13.2637,1.0686,16.7058,19.9331,5.0528,11.9003,12.1239,1.0063,16.2415,18.6243,4.8314,11.5238,11.3301,0.8967,15.9581,17.7436,4.5991,11.3252,10.7538,0.9028,15.6145,17.0518,4.4854,11.0534,10.3622,0.8537,15.4252,16.6402,4.3667,10.8820,10.0609,0.8844,15.2301,16.2630,4.3300,10.7067,9.8721,0.8767,14.9787,15.9521,4.2712,10.5130,9.7180,0.7561,15.3892,14.9808,4.1343,10.8045,9.3506,0.9661,17.5822,17.4129,4.3871,12.6661,11.1551,1.0889,18.9977,20.7372,4.5866,13.7768,13.3734,1.2812,20.7016,24.0998,5.0678,15.1630,15.7630,1.6444,22.4114,27.8319,5.6629,16.5126,18.3933,2.0225,23.9801,31.8790,6.3317,17.9397,21.3016,2.3676,25.7304,36.0031,7.0509,19.4195,24.3693,2.8669,27.5287,40.6493,7.8573,20.8255,27.9634,3.3588,29.1922,45.4046,8.8318,22.3179,31.6417,3.8902,30.9302,50.5841,9.7860,23.7790,35.5236,4.5225,32.5526,56.0320,10.9119,25.2894,39.8875,5.2364,34.1398,61.4353,12.1683,26.7474,44.3682,6.0082,35.5200,66.9411,13.5430,27.9941,49.0269,6.7861,37.1057,72.5122,14.9327,29.3363,53.4425,7.6909,38.4435,78.1174,16.6052,30.6317,58.5195,8.6022,39.7999,83.3770,18.6097,31.7859,62.9315
Ea,230.9674,55.8681,169.1435,591.3094,52.7404,145.0750,231.5316,56.3802,169.7885,601.4004,53.0285,145.2388,179.0613,55.6342,170.1127,419.7098,52.4901,145.9803,14.5566,42.4158,159.0940,39.9437,34.3845,134.8537,9.8751,37.0948,109.5079,25.7324,28.9934,85.5710,7.9912,34.1690,80.0347,20.3918,26.3561,61.1302,6.9572,32.3701,65.0787,17.3901,24.5954,48.6150,6.3035,31.1803,56.8075,15.6214,23.5179,41.2184,5.8072,30.2198,51.5548,14.3772,22.8014,36.4404,5.4867,29.5866,48.0205,13.5023,22.2017,33.2674,5.2234,29.0648,45.4446,12.8457,21.7549,30.9915,5.0356,28.5310,43.6022,12.3093,21.2736,29.4406,4.9055,28.0852,42.1943,11.8899,20.8579,28.3544,4.7514,27.8580,41.1950,11.6126,20.6587,27.3917,4.6490,27.6554,40.2831,11.3594,20.4350,26.7561,4.5887,27.5064,39.6971,11.1422,20.3137,26.2183,4.4690,27.4249,39.2868,10.9660,20.2244,25.7792,4.4978,27.8882,37.1808,10.9278,20.5892,24.9632,4.7997,30.7166,40.9732,11.4052,23.6418,28.2876,5.3172,32.7088,47.0004,12.2473,25.6415,32.8849,5.9165,34.4436,52.7315,13.4765,27.5362,37.5321,6.7182,36.4496,59.0169,14.9568,29.4409,42.4004,7.6651,38.2047,65.1009,16.5485,31.2672,47.8341,8.5939,39.9078,71.2969,18.3026,33.0522,52.7807,9.6885,41.3365,77.7076,20.2867,34.5721,58.3866,10.9437,42.7182,83.7364,22.5927,36.0279,63.8293,12.2060,43.9449,89.8766,24.8729,37.6109,69.2741,13.6620,45.3084,96.1157,27.5568,39.0319,74.9576,15.1257,46.5833,102.4072,30.2766,40.5151,79.9737,16.7104,47.7089,106.8738,33.3931,41.6154,84.7961,18.4700,48.5236,112.1463,36.8134,42.6522,89.7666,20.3445,49.5218,117.2405,40.5229,43.5351,94.7408,22.3548,50.2652,121.8819,44.3812,44.6122,99.2229
Ea,122.4915,55.6536,165.1570,357.3103,48.4128,143.6144,124.3519,55.9073,167.2342,361.5771,48.8103,144.5852,88.3917,54.8650,168.1840,289.1314,47.9574,144.8297,7.0708,34.9211,148.7561,29.2782,26.6471,124.1637,4.6198,28.2533,82.8585,17.1549,21.3512,64.0242,3.5163,25.0955,53.7946,12.5842,18.7880,40.3971,2.9561,23.2905,40.6493,10.3253,17.1828,28.9945,2.5943,22.0287,33.4742,8.9662,16.1661,22.7507,2.3207,21.0975,29.1091,8.0626,15.4452,19.1935,2.1570,20.3558,26.3071,7.5392,14.8390,17.0741,1.9449,19.8973,24.4704,6.9892,14.4872,15.6297,1.8812,19.4446,23.0581,6.6651,14.0800,14.6312,1.7680,19.1901,21.9660,6.4499,13.9149,13.9288,1.7664,18.8658,21.2686,6.2659,13.5968,13.4359,1.6937,18.6334,20.6837,6.0959,13.4154,13.0895,1.6674,18.4135,20.2605,5.9669,13.2956,12.8315,1.6904,18.2526,19.9486,5.9256,13.0967,12.6510,1.5856,18.7734,18.9069,5.7687,13.4863,12.2198,1.7647,21.1909,21.7292,6.0197,15.5780,14.3772,1.9904,23.1565,25.6590,6.4333,17.1740,17.2089,2.3589,24.9694,29.8473,7.0906,18.7395,20.3077,2.7982,26.8625,34.2428,7.9070,20.2979,23.5882,3.2667,28.6789,39.0127,8.7873,21.9656,27.1567,3.9000,30.5302,44.0981,9.8513,23.5426,31.0739,4.4710,32.3974,49.5485,10.9310,25.2357,35.3591,5.1735,34.1495,55.1319,12.1581,26.9637,40.0451,5.9646,35.7883,61.2316,13.5356,28.4072,44.7058,6.7545,37.5113,66.8252,14.9608,30.0041,49.6537,7.7271,38.9504,73.0655,16.6096,31.3194,54.8018,8.6710,40.4293,79.0370,18.2265,32.6812,60.1291,9.7416,41.7686,84.4627,20.1144,34.0231,65.0120,10.8548,42.9836,90.3558,22.1024,35.2240,70.1373,12.0557,44.1519,95.8707,24.3189,36.3436,75.1787
Ea,104.8601,52.0653,156.5340,294.6202,45.0651,134.2786,105.9070,51.9774,156.3473,295.2093,45.0936,134.4220,95.0213,50.3991,157.5682,297.5876,43.5351,134.6376,6.0797,31.2759,135.3604,33.3033,23.7665,111.9356,3.5948,25.2894,76.0449,15.5138,19.0321,60.0896,2.6762,22.3997,49.8197,10.6691,16.5169,37.9930,2.1775,20.5945,37.1398,8.5255,15.0530,26.3688,1.8712,19.4547,30.2365,7.3056,14.0432,20.2396,1.6412,18.5040,26.0214,6.4855,13.2675,16.7368,1.4848,17.8014,23.3880,6.0105,12.6762,14.6352,1.3051,17.2095,21.6396,5.5400,12.2505,13.3588,1.2368,16.6842,20.0936,5.2800,11.8332,12.3473,1.1705,16.2415,19.2085,5.0528,11.4957,11.7056,1.1249,16.0285,18.4124,4.9523,11.2852,11.1938,1.0312,15.7650,17.8085,4.7829,11.0837,10.8548,1.0421,15.5579,17.3992,4.6907,10.9479,10.5942,1.0048,15.2936,17.0652,4.5700,10.7510,10.3837,0.9846,15.7119,15.9226,4.4752,10.9810,9.9408,1.0546,17.8060,18.1980,4.5783,12.7845,11.5135,1.2431,19.3344,21.5950,4.9203,13.9368,13.8872,1.5660,20.9447,24.9438,5.5067,15.2777,16.3275,1.9013,22.6054,28.8272,6.1911,16.6498,19.0102,2.2411,24.1960,32.9026,6.8470,18.0698,21.9150,2.7406,25.9093,37.2631,7.7038,19.4849,25.2168,3.2256,27.5882,41.8936,8.6104,20.9502,28.7289,3.7670,29.2241,46.8194,9.6532,22.4406,32.4903,4.3565,30.8445,51.8255,10.8105,23.7477,36.5307,5.0785,32.2793,57.2470,11.9743,25.0888,40.7993,5.7959,33.8491,62.5315,13.2273,26.5972,45.1524,6.5930,35.1226,67.9499,14.6233,27.8128,49.8954,7.4245,36.5775,73.1982,16.1816,29.1125,54.2352,8.3300,37.9118,78.5603,17.7158,30.2782,58.8440,9.3621,39.0552,83.6382,19.4036,31.3893,63.1011
Ea,133.2117,52.7045,159.1902,412.9490,52.5793,136.6785,133.2117,53.0104,160.6460,415.1795,52.6866,136.5309,116.9002,52.8481,160.2555,347.4475,52.5972,137.1970,15.5261,43.8488,156.2541,56.2828,36.8673,130.9148,9.7623,38.8807,118.2715,34.5693,30.5555,89.7666,7.7142,35.7055,87.1899,27.3774,27.2041,64.7684,6.5666,33.7050,70.9915,23.6554,25.1354,52.2434,5.9623,32.2612,61.2926,21.5282,23.6916,44.8365,5.4601,31.0420,54.6809,19.8251,22.5229,39.5079,5.1108,30.2115,50.2917,18.5952,21.7096,35.7086,4.8631,29.4490,47.2949,17.6419,20.9883,33.1334,4.6802,28.8986,44.7058,17.0339,20.5093,30.8764,4.5081,28.3609,42.9276,16.4139,19.9902,29.3013,4.3830,28.0928,41.4419,15.8342,19.7691,28.0587,4.2651,27.7752,40.3400,15.4602,19.4245,27.0013,4.1865,27.5139,39.4304,15.1622,19.2298,26.3482,4.1664,27.3364,38.6546,14.9247,18.9781,25.5659,4.1163,27.6554,36.7020,14.6548,19.2199,24.8922,4.2752,30.3871,39.2648,15.0169,22.0747,27.2917,4.6157,32.0269,44.6276,15.9057,23.8856,31.1898,5.0656,33.6380,49.9106,17.0876,25.6620,35.0902,5.5712,35.2951,55.3593,18.5084,27.4545,39.5635,6.1865,36.8026,60.8877,20.3497,29.1762,43.8428,6.8421,38.1707,66.5025,22.3087,30.8189,48.8056,7.5392,39.5376,72.2770,24.1434,32.4612,53.3758,8.2815,40.9229,78.1468,26.1502,34.0717,58.2353,9.1814,41.8970,83.5728,28.3098,35.3359,62.9738,10.0338,43.0370,88.9665,30.7946,36.8565,67.8788,11.1390,44.0276,94.3029,33.7008,38.0804,72.6171,12.1923,44.8803,100.2222,36.4004,39.3131,77.3011,13.3331,45.6841,104.5776,39.5190,40.4293,81.2707,14.5605,46.5385,108.8519,42.4125,41.4883,85.8773,15.8721,47.1717,113.6404,45.3514,42.2852,89.5473
Ea,156.5340,52.8841,160.0609,445.1233,52.9202,137.7938,157.5682,53.2098,160.2555,445.1233,53.1190,138.0188,155.3271,53.2280,161.9266,443.8470,53.1009,138.9250,37.1603,49.2451,161.0381,148.2446,46.3302,137.2714,21.1100,45.8444,143.9367,79.9127,41.4123,117.8114,16.6315,44.0414,121.8212,60.1687,38.6843,97.4396,14.5331,42.7182,106.7278,50.6614,36.7381,84.1644,13.3404,41.8841,97.4396,46.1591,35.6023,76.1577,12.4375,41.2357,90.8019,42.3518,34.6316,70.2369,11.8227,40.8111,86.0482,40.4542,33.9650,66.1593,11.4642,40.2342,82.7297,38.9800,33.3718,63.5065,11.0587,40.0766,80.0347,37.3353,33.0241,61.3741,10.7822,39.7759,78.8577,36.3504,32.7181,59.7550,10.5351,39.5021,77.1856,35.4171,32.2975,58.1787,10.3929,39.3013,75.9604,34.8902,32.0538,57.1551,10.2063,39.1019,75.0128,33.9659,31.9106,56.2828,10.0549,39.1019,74.0834,33.5284,31.8036,55.4472,9.9887,39.3248,71.7328,33.4562,31.9195,54.3034,10.3376,41.2482,75.0957,34.0579,34.4141,57.5243,11.1970,42.4419,80.7728,35.6208,36.0802,62.3851,12.1205,43.6030,86.8066,38.1305,37.7331,67.1270,13.1438,44.7813,92.3911,41.0897,39.1956,72.0430,14.4005,45.9029,98.0704,43.6780,40.5151,76.8406,15.6796,46.5087,103.2755,47.5918,41.5518,81.1770,17.0965,47.4008,107.7071,51.9536,42.6918,85.8773,18.6679,48.0355,112.6761,56.3908,43.6438,90.1711,20.2710,48.7145,117.1269,61.1505,44.6685,94.3029,21.9773,49.4565,121.2171,65.0342,45.7132,98.2398,23.9817,49.8667,125.3002,70.4119,46.4044,102.0451,25.9404,50.3824,128.7515,75.5680,46.9895,105.0965,28.1544,50.8039,132.9296,79.8519,47.8640,108.0534,30.2766,51.1621,135.4331,85.8431,48.6189,110.6332,32.6212,51.4203,138.0939,90.5784,49.0029,113.3175
Ea,148.0748,53.2280,160.6460,458.9591,53.3555,138.7732,148.8417,53.3920,161.0381,458.9591,53.6671,138.6975,145.4030,53.3008,162.1253,455.5910,53.5752,139.3056,35.1094,49.2613,160.6460,158.5188,46.5087,137.5695,20.1612,45.6841,142.7343,86.4261,41.2357,116.0008,15.6006,43.4132,120.4990,62.4059,38.1707,95.7486,13.4544,42.0905,105.1913,51.7138,36.1642,82.3132,12.1444,41.0851,95.2627,45.2717,34.6018,74.1376,11.2878,40.2220,88.1066,41.3711,33.5902,67.9499,10.6285,39.4547,82.9231,38.7302,32.6168,63.5494,10.0790,39.1136,79.1869,36.8641,31.9374,60.4468,9.7653,38.3978,76.6404,35.3784,31.3194,57.8969,9.5128,38.2500,73.8404,34.1594,30.9560,55.5529,9.2529,37.7554,72.3553,33.1245,30.5049,54.0651,9.1075,37.5334,70.7891,32.3860,30.2198,52.8135,8.9465,37.2804,69.6913,31.6501,30.0372,51.9376,8.8207,37.1711,69.0304,30.9092,29.7903,50.9724,8.7041,37.4562,66.1593,30.6235,29.9794,50.0473,9.0990,39.5376,69.7160,31.5995,32.6904,53.2261,9.7475,41.0226,75.7918,33.1156,34.5325,58.0094,10.5879,42.2592,81.5216,35.3013,36.1327,62.6154,11.5663,43.3322,86.5642,38.0141,37.7665,67.1736,12.6158,44.5841,92.9309,40.8919,39.1721,72.4075,13.9023,45.2797,98.1550,44.0725,40.2585,77.4749,15.0934,46.1970,103.4138,47.9774,41.4756,81.4274,16.4963,47.1565,107.7565,51.3807,42.7446,85.7750,17.9953,47.8485,112.5699,54.9057,43.8214,90.3188,19.6769,48.3654,117.5254,58.8824,44.6966,94.7009,21.3181,48.7624,121.2171,63.1011,45.5246,98.0704,23.0462,49.4565,124.2264,69.3719,46.4193,101.7300,24.9762,49.8667,128.6184,75.4286,46.9139,104.5306,27.0789,50.4159,131.3963,78.8279,47.7244,107.3627,29.1551,50.7192,134.3503,81.9634,48.2708,110.2218
Ea,121.9426,52.9743,156.0679,352.3139,50.9400,135.1429,122.4915,53.0466,156.3473,350.6776,51.0936,135.1429,83.7364,52.0829,157.9472,255.9136,50.3321,136.2367,8.6875,35.9965,143.6144,34.0302,29.2001,120.6778,6.0520,30.5471,87.5758,21.5449,23.9423,69.3474,4.8991,28.0700,61.2723,16.4312,21.3567,47.8055,4.2611,26.4905,48.9087,13.7742,19.7588,36.7627,3.8294,25.4647,41.9295,12.1341,18.7977,30.3167,3.5661,24.5824,37.7093,11.0106,17.9027,26.3003,3.3909,24.0497,34.9377,10.2367,17.3612,23.9136,3.1977,23.7040,32.9645,9.6503,17.0370,22.1653,3.1382,23.3150,31.6164,9.2586,16.6025,21.0284,3.0975,23.0234,30.6885,8.9831,16.3893,20.3340,2.9963,22.7954,29.8316,8.6600,16.1744,19.6311,2.9397,22.6587,29.2628,8.5064,16.0244,19.2384,2.9123,22.5170,28.9868,8.3381,15.8592,18.9118,2.8560,22.3412,28.6536,8.1717,15.7650,18.6921,2.8307,22.9151,27.1213,8.1423,16.0867,18.1129,3.0092,25.6142,30.6722,8.4138,18.7783,20.9687,3.4250,27.4694,35.6014,9.1217,20.4086,24.8149,3.9020,29.3202,40.6263,9.8751,22.3471,28.6762,4.5246,31.1630,45.8877,11.0138,24.1132,32.9468,5.1713,32.8660,51.3491,12.1649,25.9232,37.3663,5.9829,34.5919,56.7893,13.6210,27.7002,42.0015,6.7764,36.1222,62.7626,15.0411,29.3523,46.9167,7.7090,37.6220,68.5710,16.7104,30.9045,51.8735,8.7429,39.1253,74.6827,18.4412,32.6536,57.0633,9.7534,40.5274,80.3102,20.2657,34.1300,62.3016,11.0011,41.7047,86.1167,22.3433,35.5303,67.3372,12.1307,42.8506,91.8564,24.4325,37.0730,72.5646,13.5171,43.8625,97.2308,26.7770,38.1368,77.3300,14.9528,44.9371,102.3164,29.3168,39.4665,81.6474,16.4659,45.9615,106.4853,31.9472,40.6504,86.1853
Ea,134.7816,53.8887,161.0381,379.1765,51.1793,139.7647,135.7973,54.2237,161.5307,378.7051,51.4203,140.1493,95.7486,53.1553,162.4240,283.5556,50.5335,140.5357,8.0944,35.7779,146.7284,30.2285,28.5310,122.1251,5.5067,30.0455,87.5406,18.7310,23.2478,67.2437,4.3952,27.4323,59.7550,14.2766,20.6159,45.1260,3.7806,25.6483,46.7500,11.9337,19.0272,33.8650,3.3249,24.3883,39.5079,10.4422,17.8981,27.5064,3.0551,23.6107,35.0329,9.5274,17.1828,23.6676,2.8325,23.0294,32.1958,8.8040,16.6412,21.2631,2.7137,22.4172,30.0452,8.2842,16.1034,19.6972,2.5571,22.2075,28.7289,7.8913,15.7323,18.6388,2.5059,21.9085,27.7592,7.6651,15.4572,17.8924,2.4585,21.6307,27.0224,7.4753,15.0686,17.4129,2.3624,21.2792,26.1775,7.2679,14.8274,16.8162,2.3589,21.1524,25.7390,7.1328,14.2618,16.4963,2.2480,20.9719,25.2758,7.0163,14.2134,16.2201,2.2947,21.5576,23.9259,7.0065,14.3478,15.7505,2.4515,24.1641,27.2703,7.2277,17.0899,18.4268,2.8090,26.0758,31.6501,7.8077,19.1257,21.7628,3.2761,27.8505,36.4304,8.5747,20.8742,25.3282,3.7845,29.7576,41.4537,9.5507,22.9451,29.1781,4.3748,31.6353,46.6531,10.6285,24.7848,33.4291,5.0957,33.3907,52.2758,11.9101,26.5260,37.9824,5.8413,35.0822,58.1598,13.2236,28.2840,42.7182,6.7037,36.6630,63.9158,14.7061,30.0289,47.7484,7.5750,38.4206,70.0875,16.3491,31.7681,52.6824,8.5857,39.7640,76.0731,18.0988,33.2679,58.0094,9.5682,41.1603,81.5844,19.9641,34.7410,62.9527,10.7948,42.1812,87.8937,21.9037,36.0279,68.3311,11.9574,43.5215,93.3976,24.0437,37.2804,73.4380,13.2783,44.6685,98.4947,26.4237,38.5923,78.2941,14.6548,45.6550,103.8303,28.7818,39.6923,82.6333
Ea,253.8900,50.3656,146.3119,877.7361,48.2393,123.7888,242.7516,50.5167,145.8976,834.7839,48.4444,124.2264,96.9397,49.1157,146.0631,416.8674,47.3702,124.9828,6.4048,27.5808,122.0034,30.1407,22.3063,102.8170,4.3138,23.0898,61.7221,17.2812,17.7509,50.5841,3.3569,20.8959,40.5229,12.4375,15.4974,32.4207,2.8887,19.6823,30.9832,10.0730,14.0432,23.2255,2.5341,18.8901,25.8731,8.6517,13.1836,18.2407,2.2981,18.2762,22.8566,7.7323,12.5486,15.4808,2.1587,17.8520,20.9958,7.1453,12.0971,13.8721,2.1519,17.5369,20.0936,6.8128,11.8045,13.0607,1.9719,17.2006,19.0201,6.4048,11.5269,12.2473,1.8562,17.0282,18.4172,6.1609,11.3684,11.7791,1.8312,16.8097,18.0235,6.0059,11.1567,11.4740,1.8195,16.7015,17.7204,5.8686,11.0383,11.3105,1.7697,16.5853,17.5821,5.7778,10.9479,11.1938,1.8045,16.6670,17.4448,5.7914,10.9840,11.1551,1.8362,17.0019,16.7808,5.7461,11.2024,10.9979,1.9601,19.2397,19.5044,5.9623,13.1210,13.1184,2.2584,20.9719,23.2735,6.4285,14.6583,15.8510,2.5748,22.5759,26.8329,7.0633,16.1201,18.5373,3.0883,24.3819,30.9092,7.9649,17.7509,21.6285,3.6218,26.2155,35.2148,8.9690,19.4547,25.0280,4.2894,27.7452,40.0226,10.0068,20.9284,28.7289,4.9012,29.4006,44.7450,11.1615,22.6469,32.5600,5.5845,31.1284,49.7442,12.3542,24.2471,36.6314,6.3482,32.6077,55.1319,13.7405,25.8128,41.1365,7.2855,34.1983,60.5067,15.2393,27.4249,45.5917,8.2171,35.6229,65.8640,16.7764,28.9460,50.3838,9.3131,36.9105,71.5015,18.5277,30.3871,55.0970,10.4083,38.3750,76.9840,20.4975,31.8927,60.0896,11.6126,39.5258,81.7736,22.7977,33.2585,64.2636,12.8386,40.6751,86.7026,24.8342,34.5127,68.9819
Ea,167.7607,53.9814,162.6237,469.3545,51.9950,140.9240,168.8226,54.1490,162.5238,470.0635,52.2063,141.0799,136.9003,53.6487,164.3388,380.5974,51.9248,142.5753,15.9775,42.1812,156.0679,56.3368,35.4074,133.2117,10.9341,37.5777,110.9435,35.8849,30.4712,86.9457,8.9157,35.0217,82.7619,27.9268,27.8505,63.7646,7.7583,33.5140,68.4509,23.5821,26.2085,51.9536,7.0782,32.2703,60.3871,20.8769,24.9297,44.9152,6.5762,31.4505,54.9578,19.0893,24.1259,40.3514,6.2355,30.7848,51.2546,17.7297,23.4377,37.0988,5.9829,30.3201,48.7763,16.7544,23.0294,34.7860,5.7619,29.8067,46.9028,15.8594,22.5818,33.1245,5.6180,29.5055,45.2849,15.3085,22.2191,31.8619,5.4646,29.1443,44.2136,14.7695,21.9828,30.8355,5.3522,28.9697,43.3507,14.2998,21.7776,30.1168,5.2582,28.6789,42.4856,14.0008,21.5352,29.4950,5.2408,28.6946,41.9175,13.7517,21.4960,29.0555,5.1259,29.0648,39.9662,13.4654,21.8799,28.2579,5.4513,31.8660,44.0853,13.8495,24.8703,31.8960,6.0220,33.9070,50.0169,14.8449,27.0654,36.6314,6.7764,35.5714,55.8894,16.1902,28.8671,41.5957,7.5776,37.3901,62.1975,17.7066,30.8959,46.8333,8.5364,39.1487,68.3311,19.5854,32.7642,51.9696,9.6944,40.4783,74.9576,21.5227,34.2570,57.7847,10.8263,41.7943,80.8658,23.7411,35.9235,63.0798,12.0693,43.2514,87.0502,26.2115,37.5777,68.4269,13.4986,44.3603,93.0084,28.7894,38.8807,73.8943,15.0290,45.6550,98.9220,31.6417,40.4171,79.0969,16.6358,46.4193,104.3899,35.1285,41.2986,83.9335,18.3455,47.2937,109.0530,38.7410,42.2982,88.7862,20.1352,48.2393,113.6404,42.3275,43.5215,93.3196,22.0739,48.9707,118.3292,45.2054,44.4301,97.8173,24.1872,49.6692,123.0447,48.7469,45.3947,101.8649
Ea,113.1566,52.2063,157.3793,310.0351,44.8520,135.5786,114.4000,52.3302,158.2326,316.9662,45.1365,135.6514,96.3617,51.1278,159.4795,303.0715,44.3324,136.5309,6.2098,33.0895,138.7732,34.8618,25.9370,117.1269,3.8981,26.8914,79.9737,17.3492,20.8201,64.7905,2.9963,23.9928,53.3924,12.1752,18.2103,41.8218,2.5077,22.3412,40.7530,9.7771,16.6369,29.9579,2.1655,20.9719,33.7554,8.3624,15.4934,23.2615,1.8779,20.0316,29.1935,7.4118,14.6163,19.3383,1.7498,19.3045,26.4513,6.7618,13.9954,16.9358,1.5937,18.8220,24.3001,6.2988,13.6506,15.3045,1.5286,18.2856,22.8980,5.9806,13.1871,14.2188,1.4268,17.7417,21.7797,5.6966,12.7336,13.4839,1.4010,17.5550,20.8877,5.5178,12.5318,12.9099,1.3178,17.1962,20.1873,5.3456,12.2767,12.3577,1.2511,16.9449,19.7023,5.1973,12.0874,12.0591,1.2099,16.8576,19.3033,5.1238,12.0161,11.8092,1.1563,17.1341,18.0000,4.9757,12.1817,11.2326,1.3578,19.5151,20.5931,5.2626,14.1429,13.0211,1.4978,20.9774,24.3252,5.5266,15.3772,15.5385,1.8178,22.7062,28.1176,6.0658,16.7317,18.2645,2.1741,24.3048,32.1700,6.7303,18.1212,21.2138,2.5996,25.9301,36.5508,7.4728,19.5151,24.4578,3.1179,27.7752,41.3947,8.3867,21.0155,28.0440,3.5987,29.3122,46.0096,9.3362,22.4524,31.6839,4.2207,30.9731,51.2546,10.4175,23.9171,35.7379,4.8631,32.6260,56.4449,11.5762,25.3499,39.9887,5.6024,34.1398,62.1560,12.8599,26.9203,44.4199,6.3647,35.5509,67.3372,14.2457,28.0624,49.0861,7.2704,37.0948,73.0390,15.7379,29.5055,53.6769,8.1157,38.2047,78.3236,17.1819,30.5386,58.1787,9.1075,39.6089,83.2144,18.9364,31.7149,62.8681,10.1607,40.6504,88.4275,20.6677,32.8289,67.1970
Ea,156.4406,54.2050,163.2254,422.0104,52.1181,141.3924,157.7575,54.5429,163.8311,424.9201,52.5615,141.4708,148.2446,53.8702,164.6448,411.2910,52.0477,142.7343,17.9251,44.0552,157.6628,71.8102,37.9904,134.9982,11.8059,39.5021,119.3765,41.4301,32.8197,96.1976,9.7062,36.8673,91.4021,31.7685,30.0372,71.9394,8.4954,35.1429,75.7918,26.7700,28.1157,58.9015,7.7583,33.9940,66.5025,23.7166,26.9348,51.0036,7.2252,33.2679,61.0290,21.5894,26.0550,45.9148,6.8396,32.4886,56.8622,19.9486,25.3028,42.0857,6.4831,32.0000,53.8621,18.7359,24.7914,39.6637,6.2941,31.4068,51.6979,17.7436,24.1641,37.6362,6.1353,30.9817,50.1388,17.0384,23.7227,36.1415,5.9600,30.6741,48.9087,16.3966,23.5426,34.9853,5.8254,30.4039,47.7770,15.9142,23.2539,34.0487,5.7281,30.1366,46.9307,15.4519,23.0053,33.3212,5.6404,30.0537,46.0775,15.1217,22.8791,32.6124,5.6091,30.4712,43.5643,14.8529,23.2905,31.5070,5.9371,33.1645,47.6060,15.2637,26.2857,34.8333,6.5475,34.9512,53.5093,16.3448,28.2456,39.8426,7.3232,36.7703,59.9712,17.6373,30.2115,44.9152,8.1823,38.5235,66.0454,19.3133,32.1258,50.2611,9.2328,40.0162,72.6171,21.1536,33.7241,55.6942,10.2642,41.5010,78.7088,23.2495,35.5200,61.0492,11.5498,42.7182,84.4295,25.4666,37.0079,66.5025,12.8885,44.1104,90.6900,28.1029,38.5923,72.0690,14.3695,45.3371,96.9812,30.7700,40.0042,77.4169,15.9944,46.0937,102.1354,33.7099,41.0351,82.2495,17.5959,47.0501,106.7764,36.8438,42.1552,87.1549,19.3634,47.8640,112.0936,40.2831,43.2648,91.9325,21.2357,48.6189,116.7307,43.8810,44.0690,96.3206,23.4001,49.3588,120.8571,47.8484,45.0081,100.4856,25.5659,49.9659,125.3639,52.5192,45.8152,104.1561
Ea,118.5027,53.3555,161.2348,325.2505,45.6696,139.0770,119.1424,53.2826,161.3333,333.2083,45.6260,138.4706,116.2246,51.5414,162.9241,330.6370,44.0138,140.3810,9.1985,31.6972,136.3837,52.1950,23.8793,114.2910,4.6635,26.2646,77.4459,19.3233,19.4346,61.7426,3.2649,23.2722,51.4755,12.4062,17.0195,39.4636,2.4971,21.2184,38.7735,9.5128,15.3852,27.6433,2.1570,20.0213,31.5490,8.0282,14.4305,21.1591,1.8079,19.0420,27.0718,7.0485,13.6686,17.4493,1.6379,18.3518,24.1747,6.3647,13.0898,15.1865,1.4768,17.7509,22.1024,5.8891,12.6324,13.7105,1.3626,17.1518,20.7158,5.5645,12.2210,12.7569,1.2147,16.7620,19.6412,5.2822,11.9132,11.9405,1.1815,16.4062,18.7651,5.0764,11.5927,11.4609,1.1563,16.0909,18.0658,4.8949,11.3561,11.0554,1.0780,15.8633,17.5271,4.7430,11.2147,10.6942,1.0157,15.6672,17.1774,4.6136,11.0716,10.4299,1.0172,15.9995,15.9987,4.5721,11.2392,9.9318,1.1265,18.2244,18.3026,4.7011,13.1419,11.5366,1.2606,19.7946,21.8980,4.9949,14.3891,13.9439,1.5351,21.3124,25.3085,5.4867,15.6347,16.4746,1.8796,23.1201,29.0708,6.1400,17.0811,19.1786,2.2739,24.7259,33.3661,6.8275,18.5183,22.1710,2.7155,26.5047,37.7721,7.6728,19.9282,25.4468,3.1735,28.2533,42.4856,8.4084,21.5240,28.9945,3.7029,29.8477,47.4926,9.3707,22.9091,32.8320,4.3036,31.7415,52.6824,10.4144,24.4658,36.9150,4.8737,33.2585,58.0845,11.5135,25.9509,41.1950,5.6898,34.8609,63.7215,12.8066,27.3511,45.8742,6.4903,36.2485,69.3719,14.1574,28.5699,50.5995,7.3081,37.8112,75.0404,15.6214,29.9794,55.1668,8.2520,39.0552,80.4332,17.1819,31.1977,60.0698,9.2328,40.3926,85.8090,18.8726,32.3428,64.3728
Ea,176.2558,51.4203,153.7732,472.9202,51.9599,132.7889,177.8828,51.5414,154.2274,476.5380,52.2417,133.2117,146.8119,51.0252,155.6042,404.7835,51.7151,134.2071,16.3318,40.4416,147.7362,60.7268,35.3257,125.3639,11.2035,35.9652,105.7632,37.6362,29.8970,84.2305,9.0904,33.5521,79.1869,28.8045,26.9710,62.1975,7.8861,32.0988,65.3911,24.0873,25.1354,50.3992,7.1553,30.9388,57.5057,21.1482,23.7727,43.2632,6.6146,30.0620,52.3081,19.1389,22.8492,38.6546,6.2098,29.3202,48.8792,17.6466,21.9027,35.3591,5.9462,28.8908,46.1183,16.5878,20.8309,32.9645,5.7056,28.3918,44.2522,15.6796,20.5679,31.1815,5.5645,28.0776,42.7059,15.0169,20.4086,29.8080,5.3632,27.8279,41.5009,14.4161,20.6213,28.8576,5.2931,27.6479,40.7877,14.0503,20.5892,28.1397,5.1735,27.4028,40.0113,13.6210,20.3663,27.5424,5.0807,27.2922,39.5190,13.2601,20.2401,27.0224,5.0078,27.7302,37.3456,13.0967,20.3558,26.1027,5.4160,30.4123,41.5009,13.5727,23.4439,29.5963,5.9325,32.2703,47.2667,14.4200,25.3095,34.0763,6.6627,33.9166,52.9286,15.7881,27.5733,38.9037,7.5417,35.6332,58.9015,17.3719,29.5947,43.7286,8.4491,37.3571,64.9011,19.2085,31.5471,48.9382,9.5595,38.7304,70.9409,21.0719,33.1364,53.9465,10.7381,40.1371,77.0703,23.4243,34.6713,59.2872,11.9811,41.3617,82.4410,25.7725,36.1012,64.3728,13.3771,42.4288,88.4632,28.3024,37.5445,69.4700,14.9407,43.4673,94.2236,31.4148,38.8228,74.9025,16.5703,44.6263,99.5686,33.9842,40.1008,79.5485,18.2692,45.3803,104.5306,36.3704,41.0226,84.1644,20.0365,46.2561,108.7014,39.4858,41.8970,88.2133,22.0682,46.9895,113.2638,42.9524,42.8373,92.6990,24.1122,47.7089,117.2974,46.5152,43.7257,96.5675
Ea,163.7298,52.3302,158.3279,509.9813,52.6329,136.3837,163.9324,52.4723,158.9019,507.5031,52.8302,136.5309,158.2326,52.4901,160.0609,486.1967,52.6508,137.5695,34.8523,48.2236,158.1373,155.2349,45.6550,135.7973,20.8016,44.8945,139.9183,83.7692,40.8235,114.1277,16.3879,42.9037,117.0701,61.3945,37.9342,94.0654,14.2188,41.6536,103.0917,51.2703,35.8194,81.1146,12.9171,40.8359,93.2416,45.6722,34.3747,73.0655,11.9506,40.1371,86.5296,41.7860,33.4001,66.9875,11.2715,39.5258,81.7736,39.2428,32.6536,62.9104,10.8706,38.9155,78.6197,37.3766,31.8749,60.1687,10.4175,38.6843,76.0167,35.9538,31.5384,57.5614,10.1456,38.2160,73.8404,34.7010,31.0420,55.5529,9.8543,38.0241,72.0690,33.6099,30.8189,54.2693,9.7003,37.7220,70.6630,33.0622,30.5302,52.9451,9.5419,37.5556,69.8395,32.4641,30.3033,52.0821,9.3967,37.3242,69.2009,31.7092,29.9876,51.4439,9.2959,37.7777,66.5025,31.1898,30.3117,50.0473,9.7091,39.7879,70.1124,31.9557,32.8567,53.1598,10.3591,41.1980,76.0731,33.7554,34.7211,57.8221,11.3301,42.3504,81.7420,35.9636,36.2696,62.5734,12.2851,43.5758,87.1899,38.9909,37.7554,67.3840,13.4728,44.6263,93.3586,41.9775,39.1136,72.3031,14.6116,45.6405,98.5373,45.6051,40.6134,76.9840,16.0156,46.4789,103.6911,49.5485,41.5772,81.2707,17.4996,47.2326,108.8017,53.4759,42.7182,86.0482,19.1786,48.0199,113.1566,57.8782,43.7257,90.2449,20.8069,48.5077,117.7541,61.5580,44.6544,94.6610,22.5985,49.1965,121.4581,65.4583,45.6550,98.2398,24.4641,49.5708,125.6190,70.4620,46.2413,102.0000,26.5409,50.1485,129.0186,76.8406,47.0501,104.8129,28.6235,50.4999,132.2986,81.3960,47.7399,107.4118,30.8273,50.8719,135.2878,87.1549,48.3812,110.2218
Ea,128.5519,52.2417,157.7575,389.8357,52.7045,136.3101,128.8182,52.2948,157.9472,388.8434,52.7045,136.3101,117.8114,52.3480,159.0940,362.0090,52.7583,136.8263,15.9142,44.1519,155.8821,70.6127,38.9039,132.5784,9.9079,39.0902,120.3205,39.8090,32.0179,94.3425,7.9044,36.2485,90.8019,30.4293,28.4535,69.2741,6.8518,34.3845,74.1647,25.8731,26.3420,56.1931,6.1888,33.0428,64.2200,23.1955,24.7128,48.2513,5.7011,31.9106,57.9344,21.2357,23.6356,42.6323,5.3544,31.2150,53.4258,19.8765,22.8851,38.9037,5.1259,30.4291,50.0930,18.8971,22.0402,35.9144,4.9055,29.9217,47.7627,17.9953,21.5632,33.7919,4.7766,29.4248,45.7528,17.4311,21.0647,32.1356,4.6219,29.1125,44.2779,16.7676,20.7392,30.7374,4.5040,28.8671,43.0267,16.3836,20.4615,29.6823,4.4423,28.5776,42.2306,15.9817,20.2297,28.9259,4.3565,28.3918,41.6432,15.6754,20.0264,28.3544,4.2874,28.8278,39.6079,15.4478,20.3137,27.4346,4.4998,31.4068,42.5833,15.7965,23.1080,30.0452,4.9055,33.2491,47.8914,16.7104,25.0821,34.1040,5.3984,34.8109,53.0605,17.8784,27.0218,38.3433,5.9623,36.3648,58.9207,19.2533,28.6711,42.9153,6.6362,37.8894,64.4824,21.3291,30.4880,47.6060,7.2955,39.2073,70.4370,23.3156,32.0988,52.4867,8.0361,40.5274,76.0731,25.4336,33.7529,57.4316,8.8709,41.5899,81.3960,27.4633,35.0418,62.3016,9.7386,42.6654,87.2599,29.3632,36.7811,67.1037,10.8074,43.6166,92.8535,31.8364,37.9455,72.0171,11.7691,44.6685,98.1127,34.4103,39.2778,76.9553,13.0715,45.7569,103.5061,37.3870,40.7121,81.3960,14.2265,46.4193,107.6085,40.3628,41.6409,85.8090,15.4890,46.9290,111.6731,42.6445,42.4812,89.8399,16.8870,47.4162,115.7221,46.3778,43.3322,93.9470
HQ,116.00080,56.22190,176.83380,410.74110,59.82430,154.22740,117.35430,56.61890,176.02560,411.84220,60.32680,152.96150,37.63620,54.37350,176.60220,157.94720,60.06380,153.32130,8.96900,37.37910,142.57530,26.17060,34.24720,129.48820,6.23550,33.62840,84.86310,18.50840,26.34910,64.37280,5.01420,31.19770,61.45570,15.21890,22.83720,43.51390,4.39520,29.69230,49.89540,13.30020,20.78230,34.11320,4.01460,28.60100,43.22570,12.12050,19.63150,29.10150,3.65840,27.73770,39.27580,11.23590,18.92920,26.10270,3.48580,27.18950,36.50060,10.67220,18.24320,24.25610,3.41360,26.99270,34.69160,10.28860,17.91660,23.18950,3.34370,26.53310,33.17800,9.94380,17.66860,22.23980,3.11970,26.20850,32.26480,9.65320,16.94930,21.50040,3.20510,26.06890,31.44830,9.55360,17.01510,20.99580,3.09200,26.06890,31.14010,9.31600,16.79240,20.97420,3.01470,25.68930,30.73740,9.21850,16.85760,20.51870,3.00730,25.79910,30.36490,9.01690,16.63260,20.64100,3.06250,26.79770,29.93420,9.04800,16.96680,20.47630,3.13270,30.23650,36.87430,9.94080,21.12490,25.56590,3.47440,33.43810,45.08640,11.42150,24.64100,32.34260,4.02060,36.14320,53.52600,13.20550,27.66280,39.23180,4.59080,39.07860,63.42080,15.10550,30.76770,47.49260,5.17560,41.32380,73.73270,17.18640,33.59020,55.74740,5.98980,43.29170,84.09830,19.65650,36.35420,64.48240,7.00650,45.25100,93.98640,22.40680,39.37200,73.11850,8.23590,47.44690,104.34310,25.13200,42.25920,82.69760,9.33330,48.50770,113.74840,28.33950,44.45800,90.42990,10.60660,50.01560,122.36920,31.63320,46.73320,99.22290,12.18200,51.07650,129.82550,35.17640,48.92250,105.57200,13.72550,51.80240,136.97440,39.22080,50.26520,111.62070,15.67960,52.38350,142.81390,43.55170,52.03010,117.12690,17.34920,53.06470,147.56740,47.96310,53.20980,121.63940,19.30330,53.44690,151.80220,52.66610,54.48640,126.32540
HQ,111.83050,57.06050,179.77510,417.43300,58.58520,157.85230,113.21020,57.32400,180.73480,427.86810,58.71160,158.32790,47.32300,56.16270,180.61440,233.62220,58.52220,158.23260,7.74270,35.84020,151.44860,26.09590,34.18860,140.22650,5.33690,31.65300,83.27940,17.52250,26.16650,65.41350,4.36460,29.12040,57.84080,14.20340,22.90910,41.65500,3.77090,27.41750,45.48470,12.25410,20.93390,31.21470,3.45540,26.36320,39.01270,11.18730,19.77420,25.95390,3.16050,25.45120,34.76710,10.31310,18.88520,22.92160,2.98900,24.78480,32.11840,9.72680,18.20090,20.97960,2.79640,24.30480,30.30060,9.29590,17.64130,19.77390,2.73700,23.95490,28.89550,8.92690,17.30300,19.09920,2.67800,23.71650,27.94870,8.65170,17.05910,18.43160,2.63870,23.43150,27.19220,8.56930,16.88370,17.90170,2.53410,23.35780,26.88890,8.37860,16.71440,17.63270,2.55360,23.30270,26.41690,8.18500,16.75340,17.48130,2.54470,23.13220,26.06880,8.16630,16.71880,17.29020,2.52180,24.15140,25.96740,8.16360,17.01070,17.29930,2.70840,27.83540,31.87900,8.89050,20.52000,22.05120,2.92510,30.93880,39.43040,10.16370,23.38240,27.93410,3.38710,33.76250,47.37950,11.70230,26.44090,34.98530,3.95130,36.50280,56.49910,13.37340,29.43280,41.97750,4.51220,39.05520,65.88660,15.34530,32.16180,49.45850,5.33470,41.41230,76.55490,17.58210,34.78090,57.76610,6.00590,43.71200,86.94570,19.59550,37.28040,68.18780,7.04600,45.38030,96.93970,22.28000,39.91990,76.12950,7.98590,47.03500,106.29190,24.91800,41.83270,83.24690,9.09610,48.42860,115.77780,27.97070,43.41320,91.55310,10.44220,50.03220,124.16370,30.25250,45.38030,101.77500,11.74570,50.80390,131.67280,33.74630,46.64320,106.92250,13.44330,51.73260,138.31970,37.59450,48.38120,112.30480,15.04110,52.27710,144.17930,41.46550,49.24510,118.44480,16.74560,52.93820,149.09880,45.47130,50.14850,123.29190
HQ,110.53010,58.22950,180.01420,415.74070,59.93300,158.13730,111.77800,58.50120,180.61440,424.33510,60.10750,157.47370,26.36190,55.47910,179.53660,161.62950,59.34960,158.42330,6.28230,33.31510,99.13680,23.02240,28.81990,93.94700,4.25900,28.71020,56.73470,15.14190,21.71530,41.71450,3.34190,26.25060,41.38290,12.01500,18.74440,27.56400,2.86150,24.65400,33.70080,10.32840,16.91430,21.56160,2.58900,23.56730,29.44840,9.35060,16.00780,18.63390,2.35370,22.89110,26.86790,8.67650,15.28560,16.98030,2.21700,22.35870,25.01500,8.14230,14.70430,15.90990,2.13310,21.95990,23.91360,7.79470,14.32160,15.25550,2.08020,21.70960,23.16560,7.56480,14.13920,14.87680,2.03100,21.52400,22.55190,7.41940,13.97340,14.65090,1.96010,21.34010,22.24550,7.29050,13.83840,14.36950,1.87960,21.19640,22.07390,7.18270,13.67570,14.26500,1.84620,20.98830,21.82470,7.12290,13.54320,14.14970,1.84280,20.92300,21.66760,7.07080,13.57540,14.08080,1.93150,21.94270,22.56350,6.99910,13.94780,14.52920,1.95170,25.37010,28.42890,7.65990,17.21840,18.54700,2.26530,28.65550,35.08070,8.80120,20.34520,23.90120,2.53060,31.63530,42.57110,10.27940,23.30890,29.61970,2.95060,34.88100,51.58650,11.87980,26.49050,36.41040,3.45350,37.65530,60.70680,13.61730,29.59470,43.53910,4.06240,40.27070,70.96620,15.55920,32.58010,51.63420,4.68860,42.50750,81.39600,17.64190,35.37670,60.56660,5.50890,44.76720,91.85640,20.07280,38.12550,69.83950,6.42140,46.79330,102.95420,22.66270,40.73680,79.27710,7.37630,48.52360,111.30730,25.30200,42.75780,87.57580,8.43560,49.85020,120.67780,28.07340,44.71070,95.78930,9.70320,51.19640,128.68490,30.72110,46.49380,103.22950,11.04900,52.22400,136.08990,33.73720,48.05110,110.27310,12.47930,53.06470,141.62760,36.93540,49.50540,116.50530,14.09990,53.64870,146.89550,40.06770,50.77000,121.57890
HQ,141.86350,57.48700,176.14060,480.94990,58.12550,154.22740,143.37340,57.77400,175.68120,487.71600,58.20870,155.41940,39.37510,54.90310,176.48660,199.28490,57.77400,155.41940,8.21170,34.40420,102.13540,23.61870,29.59470,98.92200,5.50440,30.16160,59.44260,15.83000,23.10800,44.18790,4.35440,27.95620,44.00850,12.71800,20.39800,29.68230,3.62180,26.25760,36.02280,10.81050,18.62860,23.32160,3.29670,25.51900,31.63320,9.84830,17.80140,20.02610,3.03670,24.77830,29.20120,9.14160,17.24510,18.46520,2.88140,24.45280,27.60720,8.69860,16.81840,17.47670,2.70300,23.98650,26.49950,8.41380,16.52540,16.84270,2.61030,23.72270,25.71230,8.08910,16.21630,16.49630,2.53240,23.44390,25.17110,7.84940,16.02440,16.14740,2.46370,23.44390,24.80210,7.64700,15.87570,16.04110,2.50590,23.51170,24.46410,7.59810,16.05350,15.96060,2.42170,23.41920,24.71230,7.56730,15.94990,16.00290,2.49360,23.45620,24.48940,7.53920,16.00370,16.17730,2.48480,24.24070,25.94040,7.67020,16.35960,16.69280,2.61030,28.03960,31.83640,8.16100,19.85620,22.17100,2.81620,31.45050,39.04550,9.44600,22.84320,28.60850,3.24620,34.44360,47.33710,10.88970,25.83350,35.19560,3.76500,37.06220,55.87170,12.60870,29.09660,41.12480,4.41770,40.01620,65.63810,14.47060,32.08080,49.32400,5.14970,42.53370,75.70770,16.33180,34.81090,58.99760,6.04050,44.71070,85.74090,18.05170,37.87820,68.09250,6.89590,46.71820,94.90090,20.07800,40.30720,77.09910,8.00970,48.31800,105.09650,22.75650,42.19420,85.13160,9.24140,49.76780,113.15660,25.30200,44.55610,93.20270,10.37140,50.78700,121.21710,28.08080,46.16740,100.57370,12.02850,51.66290,128.35270,31.54900,47.75540,106.19550,13.52820,52.97430,136.67850,34.46630,48.84240,113.69440,15.33710,53.57520,142.10010,38.32200,50.18180,118.04110,17.19990,54.41110,146.81190,41.56010,51.11070,123.91360
HQ,122.92140,55.28610,172.41280,461.68790,58.37560,151.89090,124.28910,55.59540,172.63470,472.92020,58.50120,151.44860,33.67350,53.04660,172.96860,159.96370,58.16710,151.71370,6.84700,31.22370,127.62700,20.92550,27.42490,119.96500,4.57630,26.94200,63.87260,13.98940,20.00570,49.17510,3.62370,24.50460,42.77960,11.25210,17.28070,29.56510,3.12710,23.11410,33.34820,9.82450,15.94160,21.68430,2.82530,22.21910,28.37670,9.01410,15.04120,18.08930,2.62450,21.55200,25.48640,8.39220,14.51750,16.20730,2.51120,21.14690,23.83950,8.03610,14.05790,15.30850,2.37630,20.52530,22.54020,7.74790,13.62550,14.48230,2.34840,20.15120,21.65080,7.42450,13.36240,14.03890,2.21870,19.99540,20.92010,7.13780,13.00690,13.74420,2.15530,19.89220,20.58770,7.07820,12.79130,13.47650,2.10580,19.59600,20.15080,7.03860,12.66270,13.03540,2.15190,19.67720,20.01060,7.05090,12.75740,13.07870,2.17750,19.71290,19.91760,6.89590,12.74040,13.19820,2.13650,20.44560,20.25530,6.96460,13.03790,13.19820,2.24290,23.88560,25.48640,7.56990,15.98710,17.38550,2.45500,26.84810,31.92160,8.77900,18.66230,22.41260,2.80180,29.57030,39.14400,10.17280,21.31790,28.02200,3.22940,32.32470,46.95850,11.77240,24.07510,34.34500,3.71640,34.84090,55.64120,13.63220,26.88420,41.28880,4.37480,37.18200,65.14540,15.66290,29.64340,49.01210,5.17780,39.63270,74.76500,17.79000,32.48860,57.10000,5.99670,41.66640,84.69590,20.08840,34.80090,65.57060,7.04600,43.21110,94.38230,22.79770,37.22570,73.89430,8.15560,45.19370,103.96970,25.42700,39.32480,82.12210,9.35630,46.53850,111.62070,28.25790,41.38700,90.09730,10.64720,47.47760,119.08400,31.54060,42.94360,96.85670,11.98110,48.97070,126.77840,34.59750,44.38820,103.83030,13.51340,49.63640,133.07050,38.51460,45.87360,108.60130,15.20680,50.68540,138.47060,42.01350,47.50830,114.56390
HQ,127.95600,57.91840,178.35250,493.88500,59.78090,156.81490,129.75790,58.14630,178.11740,505.04790,60.04200,157.47370,31.78550,55.49840,177.29870,239.30270,59.30670,156.90870,7.48040,35.40740,102.86270,28.49610,31.45930,100.04720,5.20820,31.40680,61.86620,18.88730,24.47220,46.83330,4.23880,29.20810,46.73610,15.33710,21.67010,32.34260,3.71640,28.00160,39.55230,13.47280,20.17210,26.17750,3.42690,27.25550,35.48480,12.46180,19.40950,23.41220,3.16980,26.52600,33.17800,11.66570,18.80740,21.82470,3.05880,26.28570,31.75160,11.17770,18.47540,20.97960,2.94880,26.18050,31.09050,10.95640,18.21970,20.50810,2.92140,25.81970,30.34880,10.68790,18.04190,20.18210,2.85420,25.75100,29.80010,10.23060,17.84280,20.14560,2.76760,25.32300,29.45620,10.13950,17.57310,19.77390,2.73170,25.32970,28.97160,9.83940,17.41060,19.65140,2.69230,25.28270,28.99450,9.83350,17.29860,19.45390,2.79280,25.35660,28.79700,9.86020,17.60940,19.52970,2.81440,26.68290,30.33270,9.83940,18.00000,20.26050,2.86510,29.84770,37.15000,10.69420,21.58570,25.21680,3.17160,33.22090,45.12600,12.13760,24.87030,31.52380,3.57560,35.96520,53.74410,14.05030,28.09280,38.40740,4.13630,38.78810,63.01620,16.01140,31.17170,46.09110,4.73040,41.38700,73.51820,18.17910,34.08140,54.73270,5.45570,43.69840,83.96640,20.88770,36.82410,63.67840,6.40480,45.58250,94.54140,23.50910,39.64460,72.59080,7.33330,47.83290,104.20280,26.56170,41.92270,81.67890,8.35970,49.18040,113.91070,29.84730,43.78030,90.46700,9.57410,50.31540,122.30810,33.70080,45.91750,98.40960,11.01380,51.57610,130.36820,37.00670,47.70890,106.05110,12.32310,52.43680,137.64420,40.24900,49.01900,111.98820,14.00080,53.26440,142.65480,43.40080,50.36560,118.44480,15.59230,53.66710,147.48310,46.91670,51.16210,122.98300,17.52250,54.78890,151.80220,49.23460,52.29480,128.61840
HQ,121.63940,58.12550,179.17990,480.20910,60.08560,158.80590,122.85980,58.56420,179.89460,502.61540,60.21700,158.42330,27.12840,55.24760,178.70630,212.04260,59.34960,158.32790,6.36230,33.14570,97.35600,24.29380,28.88290,94.74080,4.35040,28.96970,56.01420,15.84680,21.93130,41.48910,3.51630,26.87700,41.52460,12.83500,19.28450,27.63610,3.06250,25.52570,34.65390,11.30080,17.88890,22.22830,2.76760,24.69320,30.72920,10.36830,16.94930,19.54990,2.57660,24.04340,28.43630,9.73860,16.41470,18.20280,2.48310,23.66040,27.06470,9.28730,15.97050,17.34460,2.39020,23.14440,25.72570,8.87090,15.63470,16.77200,2.32410,22.95710,24.87930,8.63520,15.31340,16.28880,2.21700,22.77160,24.64200,8.57200,15.06080,15.94370,2.18270,22.71210,24.22480,8.34890,14.95920,15.89310,2.15360,22.59360,24.05620,8.17700,14.87380,15.77970,2.18270,22.51700,23.91360,8.13430,14.88160,15.80070,2.15360,22.48170,23.78410,8.05460,14.88540,15.72120,2.24110,23.56730,24.81490,8.06260,15.36520,16.18590,2.25670,27.30690,31.23130,8.75670,18.79280,20.88230,2.50420,30.17820,38.32200,10.10320,21.87990,26.07560,2.89780,33.38120,46.00960,11.59270,24.98260,32.39460,3.33240,36.26960,55.39450,13.46170,28.04720,39.69710,3.83530,38.85760,64.81260,15.44780,31.09380,47.05630,4.53900,41.42490,75.20640,17.27670,34.10080,55.88940,5.26040,43.83510,85.43540,19.56510,36.88880,64.98980,6.11910,46.00550,96.52620,22.21110,39.58510,74.35490,7.07320,47.89510,106.34020,24.90510,41.67910,82.89080,8.13170,49.18040,115.72210,27.73020,43.78030,91.62880,9.31890,50.44950,123.91360,30.51000,45.77140,99.48200,10.59730,51.71510,132.01990,33.56460,47.41620,106.92250,12.11360,52.63290,139.07700,36.87430,49.06730,113.47870,13.61730,53.10090,144.58520,40.91510,50.18180,119.25930,15.09750,54.11170,149.35680,45.57830,51.02520,123.85120
HQ,124.72980,55.73150,172.52370,431.45740,60.21700,149.70190,125.81100,56.20210,173.41550,436.33330,60.81360,149.96170,37.68840,53.57520,173.52750,155.88210,60.26090,149.61550,9.53320,36.74880,139.07700,26.51330,34.05220,125.93930,6.65790,33.21150,82.34520,19.08930,26.84090,62.17670,5.52440,31.37180,60.06980,16.05380,23.84790,42.18220,4.84620,30.01240,49.19000,14.24960,22.20750,33.34820,4.46280,29.12840,43.08880,13.13650,21.25150,28.81210,4.18850,28.57760,39.78660,12.35420,20.66940,26.27980,3.99880,28.22270,37.42840,11.87980,20.16170,24.86000,3.88240,27.73770,35.83580,11.48060,19.80490,23.83330,3.68540,27.42490,34.91870,10.93100,19.38440,23.34570,3.61600,27.11640,33.97500,10.61600,19.21490,22.74480,3.55070,27.11640,33.34820,10.50100,19.46980,22.21110,3.50100,27.08730,32.91140,10.26720,19.52020,22.09670,3.47060,26.71150,32.49900,10.19410,19.41950,21.84160,3.49530,26.68290,32.20440,10.02180,19.41450,21.68990,3.49910,27.77520,31.98130,9.90490,19.81000,21.76280,3.63140,31.47690,39.28680,10.93410,23.56120,27.35590,3.94930,34.32560,47.62030,12.52810,26.81930,34.10400,4.47520,37.20380,56.73470,14.38500,29.86410,41.83380,5.17780,39.65650,66.47950,16.73680,33.00550,49.42860,6.04970,41.88410,76.66900,18.90690,36.11170,58.27310,6.94980,44.27680,87.43520,21.48380,38.67280,66.96430,8.12100,45.82980,97.48140,24.42610,41.28600,75.81990,9.23850,47.53910,106.72780,27.56400,43.26480,84.26360,10.63160,49.08340,116.22460,30.81090,45.25100,92.16140,12.18200,50.13190,123.85120,34.53180,47.33960,100.13470,13.60990,51.29960,131.60360,38.24730,48.77840,106.29190,15.46840,51.85480,137.94370,42.76730,50.39910,112.19910,17.19540,52.66870,144.42260,47.33710,51.31680,117.75410,19.34340,53.28260,147.73620,51.98570,52.17100,122.67540,21.39530,53.63030,152.24630,57.45010,53.11900,126.51920
HQ,110.01700,54.77000,170.65540,433.27370,58.98680,149.35680,112.09360,55.03660,171.75000,441.94560,59.22110,150.39640,32.07550,52.54360,170.98250,147.31480,58.64840,150.48360,7.04350,31.81250,128.61840,21.72360,27.98650,117.98360,4.69480,27.64040,66.50250,14.60370,20.47210,49.63870,3.70090,25.44440,45.07320,11.78240,17.66410,30.48580,3.18460,24.00540,35.50420,10.26720,16.26680,22.85070,2.84160,23.05360,30.23650,9.26720,15.23410,19.16870,2.64230,22.51110,27.31310,8.70970,14.66210,17.18640,2.49010,21.97710,25.35450,8.25730,14.20590,16.16880,2.46370,21.65880,24.10600,7.89650,13.99170,15.51380,2.33450,21.31240,23.21350,7.59040,13.67930,14.97680,2.25150,21.14140,22.55190,7.40420,13.45430,14.66270,2.19130,20.93930,22.06250,7.23530,13.26050,14.40440,2.19130,20.86880,21.74600,7.14530,13.18360,14.27660,2.12450,20.80930,21.61170,7.08560,13.12800,14.15350,2.08870,20.78770,21.53930,7.17770,13.08640,14.00840,2.22740,21.77760,21.81910,7.18770,13.55750,14.17650,2.26530,25.24910,27.67950,7.84160,16.44440,18.81880,2.50590,28.06240,34.27990,9.24140,19.38940,23.97550,2.92330,30.81890,41.51280,10.73810,22.35870,29.81580,3.44210,33.82980,49.92580,12.36460,25.53930,36.61120,3.93350,36.56680,58.97840,14.20730,28.36090,44.25220,4.67610,38.88070,68.54700,16.37070,31.43300,52.19500,5.47780,41.03510,78.73860,18.63390,34.19830,60.60660,6.32700,43.02360,88.60660,21.08280,36.75960,69.29850,7.24030,44.64030,99.00780,23.86420,38.90390,77.62020,8.46550,46.25610,107.11780,26.78400,41.47560,85.63890,9.62090,47.66250,116.16860,29.86310,43.05030,93.51490,11.11970,48.79440,123.53990,33.46520,45.17930,100.35380,12.49670,49.98250,131.05210,36.81340,46.50870,106.48530,14.12290,50.53350,136.97440,40.78770,47.83290,112.25200,15.90570,51.40300,142.02120,44.64060,49.31000,117.52540
HQ,104.62460,58.71160,181.46060,382.02840,61.14890,159.57610,105.81110,58.90190,182.43650,387.85580,61.35150,159.09400,26.12310,55.98570,180.85540,141.31420,60.48100,159.57610,6.24020,34.27660,104.53060,21.90930,30.01240,98.79350,4.37890,30.43750,61.45570,15.31670,23.37010,44.82340,3.56990,28.33010,46.07750,12.67210,20.60520,30.80270,3.14930,27.13830,38.80600,11.27480,19.22480,25.15150,2.86330,26.27870,34.66330,10.36520,18.38500,22.37790,2.73170,25.76470,32.30800,9.78600,17.87500,20.85000,2.56770,25.32970,30.83550,9.40830,17.46460,20.06240,2.47780,25.23570,29.97380,9.12450,17.16070,19.54990,2.38150,25.00910,29.34770,8.89890,16.91430,19.25330,2.35710,24.78480,28.90310,8.81790,16.86190,18.97080,2.39900,24.76520,28.52600,8.67650,16.87940,18.90200,2.40070,24.85710,28.36930,8.47910,16.87500,18.92650,2.40070,24.85710,28.31720,8.43830,16.83150,18.99540,2.33980,24.84400,28.18400,8.30030,16.78800,18.90200,2.31030,25.97160,29.34000,8.31920,17.10760,19.46400,2.42170,29.73310,36.50060,9.08480,20.98280,24.61020,2.69940,33.15510,44.73190,10.51020,24.41410,30.97500,3.14380,36.04880,53.35910,12.15810,27.84290,37.87710,3.52200,39.31310,63.44220,13.97810,31.10240,46.09110,4.19050,41.87120,74.02930,15.92680,34.35500,54.83640,4.85890,44.45800,85.57100,18.37410,37.52240,63.93750,5.65160,46.58330,96.32060,20.47630,40.30720,73.70590,6.53800,48.52360,106.77640,23.31560,42.59950,82.56920,7.53400,50.21520,116.44900,25.74570,44.97970,92.27610,8.69310,51.26510,125.30020,28.93350,47.05010,100.57370,9.80970,52.29480,133.77890,31.94720,48.77840,107.21560,11.22620,53.53850,141.23600,35.16680,50.39910,114.78300,12.74980,54.09300,146.64490,38.74100,51.71510,120.14260,14.35780,55.09410,150.92090,42.04960,52.95630,126.32540,16.14740,55.51780,155.23490,46.00960,53.96290,131.05210
HQ,480.94990,56.38020,170.76430,1691.56780,56.79890,149.96170,477.26790,56.75880,171.75000,1683.00000,57.16160,150.92090,59.50100,53.94430,171.53010,367.71430,56.51920,150.30920,8.95500,32.23410,87.15490,24.08730,27.10910,89.69340,5.93250,28.65550,49.56350,15.77140,21.32900,38.71940,4.60740,26.60430,37.20140,12.43750,19.03700,25.55260,3.87060,25.36340,31.19810,10.69420,17.70060,20.13520,3.41930,24.45930,27.91220,9.60920,16.84890,17.52710,3.13270,23.87930,25.84620,8.92970,16.40200,16.28880,2.93600,23.52400,24.52110,8.42470,16.02850,15.43960,2.73340,23.24170,23.77180,8.00180,15.62660,15.04510,2.63340,22.77160,23.22550,7.83120,15.42520,14.67850,2.59960,22.65280,22.76830,7.58020,15.36520,14.50960,2.53940,22.65280,22.54600,7.43460,15.25780,14.54090,2.41640,22.41140,22.53440,7.34340,15.03730,14.39660,2.47950,22.38210,22.38950,7.29550,15.13930,14.43940,2.43220,22.48760,22.39530,7.12540,15.02950,14.59190,2.45670,23.29050,23.44850,7.15530,15.43720,14.94870,2.56420,26.54730,29.34000,7.88080,18.59500,19.75850,2.79460,29.54600,36.21100,9.15290,21.47370,25.13850,3.16790,32.57100,43.55170,10.46690,24.39480,31.22300,3.70870,35.25440,51.61830,12.33350,27.52130,37.85610,4.20660,38.19340,60.82730,13.96290,30.34520,45.24510,4.99490,40.67510,70.61270,16.18160,33.26790,53.32580,5.88450,42.70500,80.06520,18.30730,36.17480,62.07300,6.88120,44.97970,90.24490,20.61970,38.81120,70.83960,7.97800,46.76320,100.39770,23.20150,41.09760,79.36740,9.10180,48.30230,109.05300,25.85290,42.86390,87.29490,10.43910,49.63640,117.24050,28.63100,44.80950,95.46470,11.92700,51.05940,125.04610,31.59950,46.52360,103.00000,13.32210,51.71510,132.43840,34.71990,47.60080,108.65130,15.09340,52.50800,137.71900,38.20480,49.11570,114.78300,16.84270,53.42860,144.01750,41.45370,50.03220,120.02420
HQ,138.39510,56.55910,170.76430,507.50310,57.81520,151.18440,139.76470,56.65880,171.53010,520.99360,57.89770,151.71370,35.67930,54.00000,171.09170,203.38000,57.30360,151.36040,6.83230,32.27030,93.12490,21.81910,28.59320,93.24160,4.38910,27.27750,51.52310,13.74050,20.61060,39.25380,3.33240,24.50460,36.82350,10.67220,17.43760,24.74430,2.77120,22.89110,29.51060,9.04230,15.74460,18.79440,2.42170,21.70400,25.47320,8.07320,14.65830,16.02830,2.17750,20.95020,23.08200,7.45500,13.91120,14.44330,2.01070,20.35050,21.48940,7.02130,13.44020,13.56530,1.87290,19.92820,20.57710,6.75210,13.04830,12.94930,1.81280,19.68740,19.91760,6.59060,12.84920,12.60170,1.79460,19.54540,19.53470,6.45700,12.69640,12.42010,1.72500,19.41450,19.32830,6.28700,12.51850,12.32310,1.71840,19.36940,19.15870,6.23550,12.47180,12.27480,1.74650,19.33440,18.88240,6.16090,12.50850,12.29200,1.66410,19.23970,19.00530,6.10750,12.40870,12.29200,1.75810,20.12000,20.01580,6.14460,12.81510,12.79950,1.80120,23.33950,25.25610,6.69890,15.90040,16.52670,2.01580,26.31390,31.46500,7.82590,18.60460,21.07730,2.27220,29.29620,38.27930,9.09040,21.30130,26.40310,2.74780,32.11680,45.98250,10.63160,24.29840,32.62120,3.26860,34.93110,54.45740,12.18550,27.39540,39.50790,3.83720,37.73310,64.02420,13.94770,30.22820,47.29490,4.46900,40.33160,74.51850,15.96060,32.90310,55.34180,5.27350,42.42880,84.39630,18.22180,35.52000,63.74300,6.20280,44.26290,94.26320,20.51340,38.10300,72.59080,7.23020,46.09370,103.64480,22.95720,40.49060,80.89680,8.27880,47.94190,112.25200,25.39400,42.12930,89.36510,9.46340,49.16420,120.26120,28.20610,43.95870,97.43960,10.72240,50.39910,127.89010,30.99970,45.49570,104.86010,12.16150,51.24800,134.49380,34.13170,46.95930,110.17050,13.72180,51.90730,140.38100,37.51130,48.14510,115.27860
HQ,122.92140,56.36030,171.42030,436.95020,57.04030,151.36040,123.78880,56.36030,172.30200,447.69700,57.06050,151.36040,28.00000,52.52580,171.97040,154.22740,56.28120,151.62530,6.49500,31.39800,92.39110,19.76360,26.71870,87.15490,4.52050,27.77520,53.01100,13.82690,20.91210,37.54250,3.61600,26.04800,39.23180,11.52010,18.50400,25.01500,3.16050,24.75860,33.00000,10.24590,17.35670,20.39180,2.89050,24.04970,29.39410,9.39100,16.55110,18.26450,2.72990,23.85420,27.52080,9.01690,16.34690,17.03390,2.58190,23.27830,26.36880,8.57200,15.96640,16.60520,2.46370,23.15040,25.48640,8.35700,15.74860,16.04950,2.48480,23.22340,24.98910,8.15030,15.62260,16.07500,2.46020,23.11410,24.76360,8.13430,15.72820,15.85520,2.44970,23.22950,24.69950,7.94380,15.63070,16.10060,2.41120,23.27830,24.91800,8.06260,15.74050,16.09200,2.47950,23.28440,24.89860,8.02290,15.87980,16.34910,2.43220,23.22340,25.08640,8.00440,15.74460,16.38360,2.39900,23.77270,26.19790,7.81030,15.75680,16.98480,2.58370,27.74520,31.93860,8.16900,19.56560,23.27350,2.76400,30.48800,39.31990,9.76820,22.32960,27.56400,3.21820,33.42860,46.84720,11.38880,25.26920,33.87420,3.78450,36.52410,55.80060,13.14740,28.37630,40.97320,4.34220,38.84600,65.34630,15.06920,31.13700,48.87920,5.11080,41.52630,76.04490,17.05180,34.08140,57.52430,6.03820,43.52150,85.77500,19.51450,36.92130,66.02270,6.95230,45.78600,96.11570,21.83030,39.32480,75.45640,8.01500,47.18690,105.42900,24.52110,41.53910,83.18200,9.20420,48.69850,114.72810,27.37740,43.33220,91.74250,10.56300,50.33210,122.73680,30.23650,45.33710,99.95990,12.00820,51.26510,130.36820,33.40210,46.86860,106.00300,13.35140,51.90730,137.34580,36.69190,48.14510,111.67310,14.99280,52.70450,142.41660,40.00000,49.31000,117.81140,16.84710,53.44690,147.23080,43.38830,50.36560,122.49150
HQ,135.07050,51.62820,156.25410,443.84700,53.33730,136.38370,136.16330,52.03010,157.19080,452.93040,53.81470,136.01670,25.17110,47.98860,156.53400,87.22490,52.79420,137.04850,5.63150,24.73240,98.49470,14.30360,19.81510,90.02370,3.69710,21.42910,43.76660,9.91390,14.78880,31.02440,2.91050,19.61630,28.24310,8.09180,12.92780,17.41290,2.45850,18.55660,21.69550,7.12540,11.92920,12.79950,2.16900,17.80600,18.47480,6.48550,11.32520,10.86430,2.01240,17.33430,16.65770,6.14460,10.94790,9.91990,1.93150,17.04580,15.65040,5.92560,10.67720,9.45760,1.82950,16.81410,14.99690,5.71010,10.45200,9.25290,1.77960,16.73170,14.75360,5.65840,10.31620,9.16150,1.71510,16.54250,14.51350,5.56890,10.16470,9.01130,1.68380,16.48280,14.36950,5.40280,10.13350,9.09040,1.67730,16.35960,14.36950,5.48450,10.12500,9.00000,1.65920,16.44440,14.38110,5.37640,10.16470,9.23280,1.64440,16.42320,14.50570,5.37860,10.13070,9.25290,1.65760,17.06790,14.99690,5.39400,10.43460,9.41410,1.81780,20.13040,19.56510,6.05660,13.03100,12.97790,2.00230,22.71210,24.56560,7.16030,15.32540,16.81620,2.23420,25.24910,30.42930,8.33540,17.54590,21.09360,2.75500,27.96380,36.96590,9.79780,20.20350,26.25240,3.15680,30.58930,44.64060,11.28780,22.69430,32.06690,3.83330,33.15510,52.63340,13.06790,25.45120,38.83850,4.52870,35.23410,61.61940,15.07330,27.92590,45.51140,5.40940,37.53340,70.68820,17.17740,30.44590,53.20950,6.26830,39.57330,79.85190,19.35840,32.65360,61.10990,7.35100,41.16030,88.96650,22.06820,34.66140,68.28330,8.48730,42.69180,98.32460,24.74430,36.64160,75.98850,9.81860,44.05520,105.61980,27.78830,38.48920,82.82630,11.34310,45.35150,112.99600,31.07390,40.27070,89.76660,12.84570,46.44910,119.49380,34.41960,41.52630,95.78930,14.43550,47.49300,126.26090,38.16230,42.66540,101.59550
HQ,287.43740,46.89880,142.65480,1033.72760,48.44440,121.70000,286.87680,47.56990,144.01750,1043.62500,49.00290,122.24700,39.98870,43.53510,142.49590,151.53690,47.29370,122.12510,7.94380,26.11760,93.08610,20.88230,21.62510,82.09040,5.46460,23.87930,45.65870,14.90080,17.45110,32.25620,4.45260,22.78950,32.03260,12.44440,15.98710,20.32340,3.80790,21.97130,25.85960,11.02660,15.09220,15.63800,3.51440,21.64760,23.00460,10.20320,14.74650,13.80050,3.28740,21.40120,21.37870,9.64150,14.49480,12.88490,3.15860,21.35670,20.57710,9.29010,14.38540,12.48280,3.08830,21.28470,20.10920,8.97470,14.28790,12.36810,3.00000,21.21290,19.87650,8.71520,14.22080,12.29550,2.90690,21.26260,19.85590,8.50360,14.15770,12.35420,2.89960,21.20190,19.81480,8.38130,14.22080,12.37850,2.76760,21.17440,20.00020,8.33000,14.06900,12.44440,2.73520,21.15240,20.13000,8.20370,14.05420,12.57020,2.75680,21.39010,20.18210,8.06520,14.14290,12.83150,2.78200,21.87990,21.20830,7.99910,14.34030,13.30020,2.84700,24.64750,26.86790,8.72070,17.04580,17.72040,3.14010,27.26280,33.42910,10.29470,19.60610,22.50540,3.46680,29.66790,40.41990,11.80590,22.05740,27.78100,4.04250,32.17080,48.30930,13.60610,24.46580,34.06710,4.63440,34.42390,56.95350,15.62140,26.98550,40.76460,5.50000,36.69520,65.01200,17.64660,29.77400,47.94870,6.31990,38.67280,74.24610,19.97960,32.15280,55.18420,7.21270,40.60110,83.86770,22.54600,34.06200,63.07980,8.40300,41.87120,92.46790,25.30200,36.35420,70.13730,9.47210,43.49440,101.19360,28.13230,38.02410,77.88280,10.91510,44.86620,107.75650,31.16500,39.87180,84.82960,12.37150,45.59700,114.89280,34.43830,41.01020,91.25140,14.06180,46.49380,120.73750,38.22610,42.70500,96.56750,15.70040,47.64710,126.71350,41.71450,43.91740,102.54350,17.48590,48.06680,131.74210,45.92830,45.07940,106.05110
HQ,109.81290,58.20870,180.01420,420.28270,60.59150,158.32790,111.25520,58.73270,181.09710,434.49260,60.90270,158.42330,31.95570,56.32070,179.53660,201.02160,59.97650,157.75750,6.48310,34.32560,107.36270,24.98910,30.49640,101.06030,4.25300,29.36840,59.69620,15.70870,22.23650,43.57690,3.34000,26.76890,42.89060,12.40270,18.99280,28.22090,2.80540,25.14210,34.72930,10.70670,17.27180,21.89240,2.52880,24.13230,30.41320,9.65030,16.24570,19.01020,2.35540,23.50550,27.86840,9.00850,15.63880,17.41290,2.17930,23.10190,26.10950,8.54730,15.14330,16.43550,2.07850,22.68240,25.03450,8.27610,14.84280,15.84680,2.02590,22.57590,24.46410,8.03350,14.62780,15.58820,2.01410,22.48760,24.02510,7.90180,14.44940,15.36990,2.02760,22.39380,23.71050,7.82330,14.50610,15.32080,1.94660,22.20750,23.60650,7.73230,14.34780,15.17430,1.98200,22.35870,23.54560,7.72450,14.37410,15.34120,1.94660,22.26560,23.50910,7.72200,14.38910,15.20270,1.95000,23.35780,24.73150,7.76090,14.80040,15.76300,2.06320,27.05090,30.89280,8.26540,18.30450,20.34450,2.29120,30.08690,37.98240,9.61210,21.35670,25.70570,2.59250,33.30560,46.30930,11.07150,24.46580,31.82790,3.03300,36.25900,55.34180,12.73210,27.67030,38.91460,3.52780,39.07860,64.81260,14.65480,30.74210,46.59790,4.12830,41.71750,75.84790,16.66650,33.77210,55.30670,4.91400,44.27680,86.01390,18.67270,36.75960,64.50430,5.62030,46.13790,97.60720,20.97420,39.32480,73.70590,6.54030,47.83290,107.26460,23.73500,41.60260,81.99510,7.68310,49.47280,116.33670,26.33450,44.02760,91.17620,8.68750,50.80390,126.06770,29.45620,45.58250,99.22290,9.91390,51.97740,133.56570,32.45540,47.55450,106.63070,11.40520,52.93820,140.38100,35.40740,49.32630,113.21020,12.80660,53.61190,145.89760,39.02360,50.31540,118.79270,14.32300,54.39230,150.65820,42.14600,51.43750,124.47770
HQ,110.17050,57.30360,180.85540,418.56850,59.73750,158.80590,111.15110,57.34430,181.09710,424.92010,59.80260,159.19020,37.18080,56.02490,180.97620,206.09360,59.71590,158.99790,7.39660,35.63320,144.58520,25.03450,33.10830,137.12270,5.05280,31.30200,79.33730,16.68850,24.82430,63.16480,4.14830,28.76500,55.46480,13.58010,21.74930,40.39710,3.58520,27.46940,44.18790,11.92360,20.16170,30.40510,3.30610,26.52600,38.21540,10.84210,19.21490,25.62570,3.05880,25.72360,34.55060,10.11230,18.37550,22.92750,2.92690,25.24240,32.24750,9.69730,17.85660,21.30160,2.87960,24.84400,30.55050,9.34190,17.66860,20.30770,2.70480,24.68670,29.65880,9.03670,17.33430,19.69210,2.69760,24.49160,28.88790,8.84580,17.37920,19.24830,2.66190,24.27270,28.26530,8.63790,17.32990,18.93640,2.62980,24.03070,28.07340,8.62140,17.24950,18.63880,2.65830,24.08780,27.69400,8.46270,17.20060,18.56630,2.54300,23.91080,27.70850,8.33000,16.94490,18.44120,2.58720,24.89670,27.54240,8.38400,17.42410,18.56140,2.78020,28.82780,33.82840,9.14160,20.85790,23.17150,3.04410,31.68830,41.44190,10.59420,24.07510,28.80450,3.31930,34.46330,49.89540,12.05230,27.04360,35.46550,3.87450,37.34620,59.32600,13.86830,30.16990,42.98950,4.42800,39.93190,69.54360,16.01980,32.99620,51.08190,5.17780,42.23320,79.70000,18.09880,35.96520,60.22810,5.88680,44.24900,90.39290,20.38130,38.19340,69.15210,6.81770,45.90290,100.88290,23.07010,40.51510,77.88280,7.83640,47.53910,109.76200,25.82610,42.62580,85.91140,9.04520,48.95460,118.15620,28.83480,44.64030,94.58120,10.30700,50.39910,127.23410,31.87900,46.40440,102.90840,11.55640,51.35120,134.99820,35.18600,47.43150,108.80170,13.11480,52.06530,141.23600,38.86030,48.97070,114.94780,14.68240,52.88410,146.64490,42.71820,49.83370,120.49900,16.43990,53.59350,151.18440,46.59790,50.78700,125.93930
HQ,157.85230,55.49840,171.86010,607.15130,59.34960,150.48360,159.19020,55.84860,172.74590,617.77490,59.78090,151.09640,57.82210,54.26110,172.08080,308.10650,59.37100,150.92090,7.44480,32.28840,135.43310,23.88270,30.23650,130.64100,4.78500,27.31430,66.73280,14.75760,20.53060,55.11440,3.73780,24.71930,43.99570,11.69900,17.33430,32.08410,3.22380,23.36400,33.76450,10.04890,15.71600,22.97490,2.87600,22.19010,28.48110,9.08190,14.70040,18.72610,2.69940,21.53520,25.38740,8.45730,13.99910,16.57470,2.49010,21.05380,23.57600,8.00700,13.57180,15.43960,2.40940,20.82010,22.48210,7.69610,13.26050,14.87680,2.27390,20.25060,21.63960,7.51360,12.93810,14.23030,2.23770,20.08350,21.09910,7.39150,12.84240,13.95910,2.21020,19.93340,20.72110,7.27790,12.66270,13.79300,2.24460,19.83560,20.37080,7.11300,12.63910,13.71430,2.17410,19.89220,20.29720,6.93020,12.55190,13.80430,2.08020,19.78950,20.33920,6.95970,12.44190,13.60990,2.19980,20.59450,20.46050,7.06330,12.93470,13.73300,2.30680,23.74770,25.55260,7.59300,15.87160,17.96250,2.47250,26.43380,31.81940,8.95500,18.33760,22.65690,2.80540,29.04890,38.42880,10.17890,20.83630,28.19130,3.26300,31.59120,46.20000,11.93710,23.50550,34.17790,3.79620,34.17880,54.52600,13.50230,26.19450,41.38290,4.37890,36.43900,63.61390,15.55090,28.83570,48.76160,5.19300,38.61530,72.88040,17.60050,31.58240,56.49910,5.99440,40.51510,82.12210,20.01060,33.91660,64.13290,6.86160,42.20720,92.04680,22.47050,36.20630,72.04300,7.92540,43.95870,100.88290,24.95030,38.12550,80.67990,9.21850,45.51010,108.25210,27.50640,40.23420,88.60660,10.57550,46.43420,115.72210,31.05740,41.84560,94.18400,11.89660,48.00430,123.23000,34.10400,43.29170,101.90990,13.46170,48.85840,129.96080,37.41800,44.89450,107.46090,15.01290,49.44020,136.01670,40.91510,46.21170,111.77800
HQ,117.98360,53.90720,168.50280,395.89220,56.47940,147.73620,120.26120,54.46750,170.00450,405.31830,56.85910,147.82070,38.73020,52.75830,170.32940,166.50190,56.47940,148.32970,7.88870,34.13980,136.90030,22.41840,31.16300,125.23660,5.37200,30.12000,74.71020,15.53030,23.84160,56.19310,4.35240,27.92590,51.98570,12.74630,20.95020,35.99320,3.72610,26.51890,41.41830,11.17440,19.27950,27.34160,3.33620,25.33640,35.37840,9.99770,18.00460,22.94530,3.06060,24.47220,31.80250,9.27010,17.07230,20.36550,2.87960,23.84790,29.24740,8.67650,16.48280,18.81880,2.67440,23.41310,27.67950,8.31650,15.98290,17.64660,2.62090,23.19300,26.29340,7.96490,15.74860,17.06520,2.59430,22.69430,25.28890,7.81030,15.48940,16.40520,2.41640,22.57590,24.93090,7.62640,15.18270,16.07080,2.49540,22.58770,24.31890,7.52890,15.28960,15.95640,2.40770,22.50520,24.36930,7.53660,15.13150,15.80910,2.43220,22.61730,24.08730,7.40160,15.13930,15.93100,2.50590,23.55500,24.19340,7.42190,15.57400,16.24590,2.62630,26.79770,30.04520,8.21710,18.71540,20.33400,2.92510,29.62720,36.79310,9.39670,21.61380,26.15700,3.29670,32.62600,45.15240,10.98510,24.36260,32.23030,3.74560,34.97130,53.74410,12.66500,27.27750,38.91460,4.43210,37.59980,63.20740,14.48230,30.16990,46.33670,5.25170,39.96800,73.01250,16.70600,33.05220,54.73270,6.08900,41.66640,82.50510,18.90200,35.59200,62.78370,7.04350,43.53510,92.42950,21.16460,38.00160,72.30310,8.23320,45.20800,101.73000,23.76570,40.30720,80.21820,9.51280,46.73320,110.01700,26.54090,41.87120,88.28460,10.70040,47.78640,118.67660,29.54950,43.53510,96.32060,12.38890,48.84240,125.87510,33.19590,45.05080,101.95490,13.96670,50.01560,133.00000,36.24080,46.59830,108.45140,15.71710,50.41590,137.34580,39.79780,48.17650,113.69440,17.25410,50.88890,143.37340,44.16220,49.08340,117.46830
HQ,115.94500,59.28530,182.19160,427.86810,59.99830,161.23480,117.35430,59.65100,183.54550,434.49260,60.04200,161.62950,26.42370,55.80950,183.17450,151.36040,59.02930,161.53070,6.37880,33.10830,95.66740,20.45520,28.46900,92.23790,4.44440,29.24010,55.62350,14.05790,22.08040,40.67230,3.61210,27.44710,41.90550,11.70560,19.89220,27.70850,3.23680,26.39140,35.49450,10.46690,18.79770,22.78000,2.98170,25.57330,32.00700,9.70620,17.96750,20.44990,2.81440,25.20890,29.91840,9.22140,17.60040,19.22340,2.67800,24.98260,28.84240,8.89890,17.41060,18.67270,2.55710,24.60840,28.16180,8.59120,16.97560,18.32160,2.52180,24.78480,27.66500,8.43830,17.11200,18.16020,2.58540,24.67360,27.30600,8.33810,17.08550,18.03290,2.51830,24.54990,27.27030,8.32190,17.00630,17.96720,2.56240,24.49160,27.27750,8.17170,16.94050,18.16020,2.44790,24.25350,27.02240,7.94910,16.69290,17.99530,2.36760,23.92970,26.63090,7.85990,16.44020,17.60050,2.43740,24.87690,27.27030,7.85990,16.83580,17.83640,2.46370,28.69460,33.81930,8.54460,20.55720,22.78000,2.80540,32.13480,41.27700,9.83640,23.99910,28.94880,3.16050,35.12260,49.72910,11.39540,27.35850,35.32060,3.66230,38.28400,59.55940,13.14380,30.71660,42.76730,4.24290,41.09760,70.06260,15.02900,33.71460,50.83210,4.95440,43.50790,80.55640,17.17740,36.79180,59.87270,5.88000,46.10850,91.62880,19.48420,39.78790,69.39640,6.81040,48.06680,102.77130,21.96600,42.16820,78.88760,7.78170,49.71840,112.25200,24.54020,44.43010,87.68160,8.94370,51.35120,121.45810,27.31310,46.47890,97.06420,10.17280,52.24170,129.48820,30.10880,48.36540,104.48370,11.51350,53.44690,137.04850,33.23160,49.57080,111.62070,12.97790,54.29850,144.74820,36.39040,50.88890,117.92610,14.72190,54.97930,149.52920,40.14690,51.95990,123.78880,16.50060,55.65360,153.23120,43.77930,53.10090,128.28650
HQ,124.47770,58.79600,181.58210,448.99450,59.41400,159.19020,125.68300,59.13570,181.70370,458.28170,59.60780,159.86670,29.28590,55.77050,182.92790,158.51880,59.00800,160.74380,6.88610,33.40010,99.56860,21.34010,28.56990,95.70800,4.70110,29.23210,56.93520,14.45500,22.14390,41.61940,3.73200,26.97100,42.01350,11.63910,19.40450,27.74470,3.21440,25.68930,34.49440,10.15770,18.00460,21.91500,2.86150,24.64750,30.47770,9.18430,17.08990,19.11410,2.69580,24.11320,28.22830,8.64070,16.57680,17.65120,2.50060,23.68530,26.49950,8.18500,16.19120,16.72800,2.41640,23.35780,25.67230,8.00180,15.87980,16.25010,2.36240,23.22950,24.86000,7.83380,15.76500,15.88050,2.35540,23.22340,24.39460,7.55200,15.73640,15.80070,2.25840,23.05960,24.34410,7.43720,15.52560,15.77970,2.19640,23.07170,24.25610,7.38390,15.48130,15.72540,2.26010,23.06560,24.10600,7.26290,15.51350,15.79230,2.30510,23.06560,23.98790,7.26290,15.68340,15.74630,2.32930,23.95490,25.06040,7.34600,16.08670,16.28880,2.40770,27.68530,31.66700,8.12100,19.64670,21.26310,2.58540,30.88730,39.28680,9.30160,22.71800,26.97310,2.98720,34.50280,47.07030,10.56610,25.79220,35.09020,3.47630,37.35710,55.42960,11.74230,29.23210,42.21850,4.15430,40.06450,64.70230,13.72930,32.41560,50.27640,4.76820,42.57320,75.98850,15.98170,35.08220,57.78470,5.62920,45.02240,86.42610,18.13180,38.18200,65.54810,6.50930,47.01980,97.77520,20.57710,40.71210,75.26180,7.54680,48.81030,107.02010,23.09990,43.15740,84.56250,8.59940,50.48310,116.78710,25.78590,44.93710,93.51490,9.93480,51.64550,125.87510,28.63100,47.06530,102.27110,11.15510,52.54360,133.49480,31.67540,48.57120,108.25210,12.79240,53.75930,140.30370,34.66330,50.09860,115.00280,14.25350,54.37350,145.89760,38.04580,51.07650,120.32050,16.01140,55.30530,150.22220,41.35930,52.22400,127.43030
HQ,351.08530,46.56840,140.61330,1347.47790,47.81740,119.90600,348.24970,46.94410,141.78480,1342.00000,48.27080,120.73750,56.86220,43.27830,140.14930,239.70380,46.50870,120.20180,8.58840,23.70400,89.32880,22.65100,19.43460,79.73030,5.48670,20.79310,40.26040,14.96480,14.51370,29.11680,4.27730,19.33440,26.32770,11.99120,12.86970,16.75000,3.58520,18.49440,20.35500,10.45150,11.93880,12.18890,3.17720,17.95820,17.43110,9.48950,11.46150,10.23370,2.96710,17.62310,15.88050,8.88490,11.13840,9.39960,2.78020,17.38810,14.98480,8.43280,10.96290,8.90450,2.63340,17.37920,14.51350,8.07320,10.83120,8.77900,2.52880,17.18280,14.33070,7.91750,10.69190,8.58020,2.55710,17.14300,14.09610,7.80770,10.81340,8.55830,2.44440,17.18730,14.20340,7.63930,10.69480,8.68750,2.49540,17.25840,14.16120,7.52380,10.79260,8.77900,2.41470,17.16950,14.32300,7.51610,10.77180,8.72630,2.37110,17.40160,14.49010,7.38140,10.83120,9.00280,2.50240,17.87500,15.45190,7.41430,11.06550,9.44600,2.47250,20.54660,20.46580,8.08120,13.37650,12.92420,2.80900,23.16870,25.42700,9.44020,15.66720,16.77200,3.10860,25.43760,31.39810,11.04260,17.78300,20.82840,3.56410,28.04720,37.95080,12.62280,20.10430,25.92690,4.17840,30.33680,45.35140,14.67850,22.65870,31.30620,4.85670,32.85670,53.19290,16.65340,24.98260,37.75120,5.57780,34.87090,61.88680,18.94130,27.21880,44.26510,6.49500,36.78110,70.61270,21.55040,29.48940,51.17600,7.60070,38.52350,78.70880,24.34410,31.81250,58.12220,8.86250,40.29500,87.12000,27.27030,33.90700,65.05640,10.02180,41.64090,95.99310,30.34880,35.56110,72.22490,11.61920,42.94360,102.95420,33.66440,37.58880,78.94730,13.05350,44.05520,109.71110,37.26310,38.91550,84.79610,14.90480,45.19370,115.66650,41.13650,40.51510,90.98870,16.67530,46.34500,121.63940,44.70580,41.70470,97.02270
HQ,107.75650,54.03720,167.12920,368.60710,56.75880,144.91140,109.20430,54.48640,167.23420,377.29740,57.26300,145.40300,42.85360,52.50800,167.65520,178.11740,56.89930,145.89760,11.77580,38.75350,144.09840,32.88490,36.68440,129.48820,8.29760,35.19350,93.51490,23.97550,29.74130,71.01690,6.88120,33.38120,70.21200,20.32340,26.77610,50.21520,6.11210,32.05380,58.42450,18.16960,25.00910,40.51150,5.59120,31.08520,51.53890,16.66650,23.79780,35.09020,5.24730,30.48800,47.35120,15.67540,23.13830,31.98990,5.02700,30.07860,44.51060,14.99690,22.58770,30.00550,4.79760,29.67600,42.80430,14.40830,22.07470,28.73650,4.74510,29.52170,41.32400,13.90230,21.84580,28.05140,4.63230,29.20010,40.28310,13.50230,21.49600,27.39170,4.51010,28.91440,39.61910,13.31120,21.24600,26.70040,4.41360,28.74150,38.95820,12.96000,21.01010,26.32770,4.38710,28.66330,38.27930,12.71440,20.99370,26.06200,4.31170,28.35320,38.00350,12.61930,20.80390,25.60580,4.31580,29.32820,37.66750,12.54210,21.26260,25.44680,4.46280,33.23970,45.79320,13.72930,25.12880,31.61640,4.89910,36.23790,54.83640,15.67120,28.53100,39.48580,5.54440,38.76500,64.48240,18.05640,31.48560,46.90280,6.38830,41.13520,74.49120,20.41290,34.70120,55.50000,7.27540,42.97030,84.86310,23.26750,37.42310,64.22000,8.27610,45.13650,95.18210,26.19110,39.98000,73.57170,9.65030,46.67320,104.38990,29.51060,42.40270,81.58440,10.94050,48.11370,113.26380,33.27640,44.29070,89.87660,12.60520,49.31000,121.09690,37.03740,46.38960,97.39780,14.31910,50.58410,128.81820,41.37110,47.98860,104.53060,16.14740,51.09360,135.50580,46.06390,49.22890,109.50790,18.25020,51.73260,141.07990,51.05060,50.68540,114.61860,20.46580,52.40120,145.98030,56.17510,51.81980,119.31790,22.83890,52.97430,148.50000,61.88680,52.75830,123.85120,25.07990,53.28260,152.42460,67.76050,53.50180,127.29950
HQ,174.31550,50.92290,153.50180,609.48150,50.95700,133.35310,173.30360,51.14500,153.77320,603.68810,51.29960,132.85920,51.05060,48.30230,153.41150,236.72530,50.28190,133.28230,9.02820,28.94600,99.91630,25.02800,24.44640,89.43790,6.14230,25.73730,51.01930,17.51790,18.73470,36.45050,4.94160,24.11320,36.14150,14.58410,16.63690,23.11780,4.30160,23.23560,29.50280,12.97440,15.61850,17.71580,3.89610,22.64090,25.98760,11.90670,14.99430,15.26780,3.67000,22.39970,24.01890,11.32360,14.73110,14.12670,3.49150,22.33540,22.98090,10.91510,14.63920,13.55420,3.34190,22.09200,22.47630,10.43600,14.40420,13.37710,3.28920,21.91420,21.85290,10.09410,14.33280,13.15460,3.11420,21.82300,21.62850,9.75640,14.10220,13.02820,3.05690,21.85140,21.47830,9.56820,14.07630,13.01390,3.03850,21.76620,21.25760,9.38810,14.05420,13.02470,3.01280,21.74930,21.11540,9.27290,14.08370,13.01030,2.99630,21.95420,21.25220,9.21850,14.12070,13.06070,2.98720,22.65280,22.58100,9.21850,14.28420,13.63590,3.08830,25.32970,28.60850,10.06700,16.97560,17.80390,3.42690,28.00160,34.86180,11.66570,19.65690,22.67440,3.82360,30.87020,42.29110,13.28560,22.24810,28.20610,4.40550,33.40010,50.30700,15.46840,24.94950,34.16870,4.94590,35.86100,59.38420,17.41740,27.46200,41.04310,5.74610,38.42060,68.73980,19.87130,30.12000,48.68820,6.60500,40.49060,78.14680,22.41840,32.62600,56.28280,7.62130,41.90980,87.25990,25.28230,34.80090,63.48510,8.64340,43.63020,96.81530,28.32470,36.78110,71.24580,9.76820,45.16500,105.09650,31.18980,38.67280,78.67910,11.15830,46.43420,112.56990,34.41960,40.45380,85.46930,12.72860,47.61620,119.31790,37.97190,42.00000,92.35280,14.48620,48.69850,125.61900,41.26530,43.64380,98.87910,16.08780,49.66920,131.18960,44.69270,44.71070,104.24950,17.90640,50.34880,137.04850,48.86450,45.77140,108.80170
HQ,122.06420,55.84860,173.86440,423.16970,58.60630,152.42460,123.16820,56.40000,175.33800,432.06130,59.11440,152.42460,42.17010,54.44870,175.22380,186.43520,58.64840,152.78220,8.75400,36.47090,141.00190,25.28230,34.17880,129.96080,5.87770,32.17990,80.86580,17.15490,26.38430,62.07300,4.67610,29.79850,57.37620,13.96670,23.08980,40.60330,4.06240,28.22270,45.83370,12.14440,21.20740,31.09870,3.64300,27.18220,39.45250,10.98830,20.00570,26.08230,3.44020,26.61860,35.56250,10.39290,19.39950,23.41820,3.27420,26.11070,33.28530,9.84240,18.91940,21.86420,3.09200,25.58010,31.67540,9.41120,18.36600,20.84460,2.99820,25.16880,30.51000,9.13590,18.04190,20.11960,2.93240,24.89010,29.46390,8.89890,17.76460,19.45390,2.93050,24.83740,28.81210,8.67650,17.63670,19.20850,2.86870,24.68670,28.56350,8.65720,17.57770,18.91180,2.81620,24.64100,28.32470,8.44370,17.30750,18.95600,2.76940,24.37550,28.09550,8.40570,17.16950,18.58560,2.83790,25.43760,27.79560,8.24660,17.71890,18.67270,2.97990,29.12840,34.35430,9.18710,21.26260,23.90120,3.23680,32.13480,41.72640,10.57550,24.38190,29.92630,3.63140,34.91110,50.63050,12.24380,27.43230,36.71210,4.23480,37.53340,59.59850,14.25730,30.53860,44.23930,4.90340,40.17350,69.66670,16.14740,33.42860,52.38920,5.69210,42.15520,79.66960,18.58560,36.19580,61.08970,6.67720,44.06900,89.65680,21.01750,38.90390,69.61740,7.76350,45.87360,99.69880,23.67980,41.29860,78.20570,8.96060,47.56990,108.90210,26.55470,43.29170,87.01530,10.17590,48.87440,118.04110,29.80800,45.12220,94.90090,11.80250,49.86670,125.74700,33.35710,46.95930,102.09020,13.38810,51.00820,132.85920,36.95570,48.20790,107.80590,14.87680,51.61080,140.14930,41.10140,49.45650,113.91070,16.77640,52.38350,144.91140,45.36470,50.65160,119.08400,18.88240,52.81220,147.99000,50.12350,51.75000,123.66420
HQ,106.58220,56.77890,179.53660,412.39490,57.06050,157.47370,107.90480,57.00000,179.29870,417.43300,56.97980,156.90870,29.05550,54.58060,180.13400,142.73430,56.91940,156.72120,6.24250,31.91950,134.78160,20.06760,28.16150,121.88190,4.22670,27.18220,67.97360,13.31480,20.83630,49.86510,3.35690,24.62140,45.08640,10.70040,17.89350,29.93420,2.86510,23.02340,34.50370,9.22710,16.24990,21.91500,2.54300,21.93130,28.88030,8.27880,15.22620,17.89700,2.33800,21.21290,25.65230,7.76350,14.50990,15.90150,2.25490,20.67480,23.57000,7.37120,14.05050,14.68640,2.14330,20.14600,21.96030,6.98920,13.68650,13.86080,2.05130,19.93340,21.01210,6.73030,13.42250,13.32950,2.05980,19.75370,20.41820,6.65060,13.28500,12.98510,1.92480,19.41950,19.95890,6.55950,12.92780,12.62630,1.88120,19.25960,19.58030,6.44750,12.79130,12.39930,1.91980,19.17030,19.23340,6.28470,12.76410,12.37500,1.85620,19.20500,19.07440,6.16320,12.61220,12.33690,1.89800,19.90760,19.08430,6.29880,12.94160,12.21290,1.99720,23.54260,24.12470,6.80310,15.97880,16.36630,2.12790,26.42680,30.42120,7.95960,18.61420,21.03930,2.49890,29.24810,37.09880,9.24140,21.46810,26.42370,2.89600,32.21600,44.98090,10.75700,24.32400,32.50770,3.39850,34.81090,53.62650,12.43750,27.29220,39.31990,3.93160,37.39010,63.25000,14.25350,30.04550,46.83330,4.52460,39.90780,73.51820,16.31030,32.58930,55.28920,5.33910,42.09050,83.31190,18.41240,35.12260,63.87260,6.27060,43.93120,93.51490,20.67300,37.56660,72.74850,7.17520,45.65500,103.69110,23.44240,39.64460,80.49470,8.27880,47.21740,112.67610,25.87980,41.53910,89.11110,9.41990,48.55530,121.27730,29.01740,43.11720,96.81530,10.78220,49.75130,129.69040,32.38600,44.76720,103.45990,12.19570,50.61780,135.50580,35.53330,46.06430,108.80170,13.81560,51.81980,142.57530,38.94730,47.38550,115.83350
HQ,294.03340,55.45970,170.32940,1118.46820,58.71160,149.09880,293.44870,55.84860,172.08080,1110.89040,59.45700,150.13530,31.46500,52.04770,170.22100,141.00190,58.02180,150.13530,6.21910,28.53880,101.23820,16.79850,23.21120,97.98590,4.28940,25.20890,50.00170,11.60270,17.88890,38.17290,3.44780,23.46230,34.52250,9.66500,15.90860,23.16560,2.99630,22.44650,27.67230,8.65720,14.92810,17.60970,2.74600,21.80030,24.22480,8.03080,14.30290,15.29630,2.63870,21.50160,22.62180,7.73490,14.05420,14.35010,2.51300,21.07560,21.62290,7.45240,13.77310,13.92500,2.45500,20.86340,20.98500,7.23530,13.55040,13.69930,2.38150,20.59990,20.53990,7.04100,13.26750,13.48020,2.33980,20.62660,20.45520,6.98670,13.25350,13.44330,2.27740,20.47750,20.32870,6.94250,13.08980,13.39180,2.26700,20.27160,20.27620,6.89590,13.00690,13.36610,2.20670,20.24540,20.21860,6.76420,12.85940,13.35140,2.32760,20.62660,20.23430,6.82990,13.27800,13.63960,2.31370,21.31790,21.19740,6.97440,13.56470,13.92880,2.42340,24.47220,26.32770,7.42450,16.13260,18.46040,2.76220,27.32900,32.38600,8.75400,18.78310,23.53340,3.08640,29.93810,39.57460,10.02480,21.01550,28.67620,3.69320,32.63520,46.87500,11.61920,23.98650,34.96630,4.11630,34.85090,55.90720,13.28190,26.46920,41.35930,4.87580,37.55560,64.70230,15.14600,29.48940,48.23690,5.51110,39.76400,75.34510,17.16390,32.06280,56.88040,6.48070,41.76860,84.26360,19.32830,34.71110,65.45830,7.33590,43.58940,94.26320,21.38420,36.74880,74.93010,8.65440,45.17930,102.81700,24.07490,39.28950,82.02680,9.65610,46.50870,111.41160,26.58240,40.96030,89.11110,11.11320,47.89510,119.37650,29.72940,42.89040,96.93970,12.61930,49.26130,127.16890,32.54250,44.57010,103.92320,14.07320,50.19850,133.21170,35.76720,46.02020,109.25480,15.55920,50.68540,139.76470,39.39720,47.40080,113.80250
HQ,107.46090,56.30090,177.41520,401.07690,60.61370,155.32710,108.95240,56.79890,179.29870,411.84220,60.88040,156.06790,34.14090,55.15150,179.17990,164.13540,60.68020,156.06790,7.38390,34.83090,141.00190,23.98170,31.52080,130.09630,5.25600,30.95600,76.89790,16.82500,23.92340,58.80570,4.36460,28.96970,54.32050,14.17270,21.19090,38.19420,3.85100,27.85800,44.12370,12.70030,19.84590,29.69800,3.54880,26.98550,38.83850,11.75900,18.91450,25.58580,3.42880,26.58290,35.70860,11.17770,18.38500,23.55170,3.26670,26.01330,33.73720,10.69420,17.96290,22.21680,3.14380,25.88860,32.50770,10.30080,17.61850,21.50040,3.04770,25.32300,31.67540,10.10620,17.29860,20.86070,3.03300,25.35660,30.98320,9.83350,17.03700,20.63570,2.98720,25.16210,30.28460,9.62970,16.91430,20.31820,3.00370,25.01570,30.03720,9.48950,16.77070,20.10920,3.00000,24.85710,29.57290,9.52150,16.75770,19.88160,2.86870,24.80450,29.41740,9.23850,16.46150,19.69210,2.93420,25.70990,29.33220,9.39390,17.09880,19.72270,3.14380,29.47320,36.03270,10.15160,20.68020,24.66760,3.37010,32.53430,44.05970,11.73230,23.79150,30.86820,3.86860,35.28500,52.29190,13.43230,26.97820,37.80360,4.27120,37.72200,62.15600,15.32490,30.01240,45.21860,5.05700,40.50280,71.78440,17.23600,33.08020,54.83640,5.76650,42.22020,81.99510,19.76360,35.63320,62.17670,6.78850,44.20740,91.85640,22.19960,38.55790,71.24580,7.80510,45.88830,102.13540,25.00210,40.77400,79.45790,9.01130,47.60080,110.83990,27.94140,42.99690,87.85820,10.09110,49.34250,120.08330,31.00790,44.88030,96.44390,11.44780,50.01560,127.36490,34.54120,46.68820,103.27550,12.89560,50.97400,134.56570,38.11990,47.91070,109.60940,14.63520,51.97740,140.92400,41.79790,49.65280,115.66650,16.28450,52.72240,146.39510,45.77980,50.85490,120.97690,18.03290,53.42860,150.22220,50.04730,51.88980,126.19640
HQ,115.16810,56.45960,177.06600,410.19260,58.98680,154.59240,116.44900,56.59890,177.64870,415.17950,59.30670,155.05090,37.68840,54.75100,177.64870,159.19020,59.00800,155.14290,9.40250,39.04350,145.15690,28.00730,36.85650,132.08950,6.65310,35.53030,89.83990,20.32340,30.43750,67.94990,5.52890,33.67620,67.38400,17.25410,27.68530,48.26580,4.95870,32.50690,56.37280,15.55090,26.10370,39.36400,4.64690,31.78590,50.30700,14.47450,25.23570,34.76710,4.43210,31.40680,46.97250,13.85320,24.67360,32.36860,4.20260,30.83600,44.34240,13.13290,24.04970,30.67220,4.12230,30.68260,42.82890,12.71090,23.82280,29.72150,4.12030,30.55550,41.78600,12.46880,23.80400,29.13210,3.91970,30.02890,41.00810,12.16830,23.35170,28.50360,3.84510,29.94640,40.37420,11.77910,23.07170,28.27270,3.77670,29.80670,40.01130,11.72900,22.93310,27.73750,3.80790,29.69230,39.30890,11.58940,22.93310,27.37740,3.67960,29.73310,39.17690,11.37570,22.78350,27.39880,3.76500,30.63170,38.77350,11.32030,23.24170,27.22060,3.93350,34.35500,46.62550,12.28170,27.08730,33.78280,4.32190,37.19290,55.65880,14.04270,30.46270,41.10140,4.87370,39.84780,65.43590,16.07080,33.66670,49.32400,5.60020,42.12930,75.76380,18.37410,36.58810,58.02820,6.30110,44.19350,86.59870,20.82310,39.30130,66.82520,7.40670,45.94680,96.93970,23.70430,41.89700,76.12950,8.43280,47.75540,106.43690,26.57550,44.06900,85.06440,9.57990,49.11570,116.28060,29.81580,46.12320,93.78950,10.91510,50.24850,124.60360,33.33020,47.86400,101.73000,12.44100,51.09360,131.74210,37.42840,49.45650,107.51010,13.97810,51.97740,139.30560,41.21840,50.68540,114.45460,15.84260,52.52580,144.82970,46.03670,51.81980,119.90600,17.70660,53.48350,148.92730,50.41450,52.86610,125.30020,19.81480,54.05580,153.77320,55.28920,53.48350,129.96080,22.32600,54.16760,156.90870,61.27230,54.46750,132.43840
HQ,219.84400,53.96290,164.84930,902.11920,54.61840,145.98030,221.91990,54.16760,166.39780,889.76470,54.84600,146.81190,40.39710,51.90730,165.67200,262.16670,54.52400,146.47830,6.57380,28.70240,108.70140,20.90930,24.98920,112.19910,4.53490,25.34320,53.20950,13.92880,19.13070,44.65360,3.71840,23.69160,36.73230,11.38550,17.07230,26.70040,3.22560,22.72400,29.49500,10.07900,16.02020,19.90730,2.98530,22.15540,25.83950,9.35920,15.47330,17.03390,2.83070,21.67010,24.04370,8.82630,15.09220,15.74630,2.69050,21.45140,22.80360,8.55010,14.81190,14.97680,2.60490,21.49040,22.27420,8.28420,14.73110,14.74570,2.58900,21.09750,21.84160,8.27080,14.66210,14.47840,2.62630,21.34010,21.83030,8.03880,14.71960,14.78530,2.53410,21.29020,21.94900,7.95960,14.59730,14.78930,2.59430,21.21290,21.70110,7.92800,14.77730,14.76150,2.57480,21.19090,21.92070,8.02550,14.70810,14.76550,2.46200,21.01010,22.09670,7.93070,14.55920,14.94870,2.49710,22.05740,22.79770,7.88340,14.97870,15.26780,2.74240,25.37690,28.28020,8.67100,17.96750,19.93310,2.99080,27.79780,34.72930,10.14860,20.64270,24.38190,3.30800,30.42910,41.91750,11.69900,23.13220,30.56670,3.87450,33.14570,49.88030,13.29660,25.79910,37.42840,4.52050,35.45850,58.36770,15.25150,28.52330,44.51060,5.24730,37.75540,67.66610,17.50420,31.20630,52.17880,6.00590,39.72810,77.01280,19.86100,33.49500,60.24790,7.00150,41.52630,86.25400,22.52860,35.74690,68.45090,8.03080,43.13060,95.50520,25.13200,37.72200,76.29920,9.32180,44.75300,104.10950,28.16920,39.60890,83.83490,10.62530,46.18220,111.51610,30.96680,41.16030,91.21380,12.13760,47.44690,119.02560,34.43830,42.54690,98.40960,13.71430,48.33380,125.23660,37.91920,43.87620,104.10950,15.23930,48.98680,131.95030,41.66690,44.80950,108.85190,17.13690,49.80070,136.82630,46.00960,46.24130,113.69440
HQ,107.60850,54.46750,169.57300,359.85890,59.17840,148.32970,107.95430,54.77000,170.87330,365.50000,59.34960,148.58530,36.92520,53.20980,170.87330,171.86010,59.15710,148.92730,7.19520,33.68580,139.15310,21.24120,30.81040,127.23410,4.82720,29.16020,74.32770,14.25350,22.34120,56.78930,3.82550,26.56160,50.23050,11.40190,18.98790,35.08070,3.20330,24.90330,38.91460,9.77410,17.06350,25.62570,2.82890,23.59210,32.69130,8.68200,15.83050,20.96330,2.58540,22.78950,28.81970,7.97800,14.92420,18.33120,2.42170,22.26560,26.31400,7.59300,14.37410,16.73240,2.26870,21.87420,24.83420,7.30560,13.93320,15.76720,2.19300,21.46810,23.75340,7.14530,13.71540,15.07330,2.18100,21.27920,23.11780,7.02130,13.51120,14.73780,2.13990,21.12490,22.47630,6.69650,13.26400,14.63120,2.14840,20.74460,21.91500,6.68920,13.05870,14.23420,2.01240,20.67480,21.78530,6.50220,12.80490,14.05410,2.01070,20.70160,21.52820,6.52600,12.81510,13.94390,2.07680,21.82870,21.63960,6.48070,13.32020,14.23800,2.22560,25.12210,26.99430,7.23270,16.37230,18.29300,2.42340,27.96380,33.62810,8.48180,19.20500,23.26750,2.70840,30.81890,41.12480,9.71800,22.04020,28.78940,3.16610,33.54260,49.48850,11.43790,25.10880,35.46550,3.73200,36.12220,58.40560,13.20910,28.07000,42.81660,4.40750,38.68430,67.87880,15.00490,31.24980,50.73890,5.09360,40.98520,78.20570,16.97590,33.88770,59.32600,6.02430,42.70500,88.21330,19.39860,36.46030,67.92620,7.04850,44.44400,97.77520,21.73480,38.79970,77.01280,8.21440,45.99080,106.43690,24.26240,41.07260,84.23050,9.35060,47.43150,115.22330,27.00130,42.94360,92.42950,10.60660,48.60300,122.85980,30.02930,44.72480,99.43870,11.97770,49.55450,130.57270,33.32120,46.47890,105.28630,13.61360,50.39910,135.50580,36.73230,48.19220,110.78820,15.04910,51.17930,142.25820,40.48850,49.29380,116.61790
HQ,109.15380,59.69420,183.54550,408.01260,60.39280,163.12490,110.78820,59.93300,185.16890,418.56850,60.76910,162.82380,31.04920,57.40540,185.54720,171.97040,60.10750,162.82380,7.40160,36.21690,110.37580,24.94380,32.54350,105.66750,5.09790,31.70600,65.70580,16.82060,24.99580,49.24950,4.07830,29.06480,49.20480,13.51340,21.86850,33.70990,3.51440,27.59570,40.60330,11.68230,20.04720,26.90290,3.19390,26.52600,35.64030,10.58790,19.00270,23.39400,2.96890,25.75780,32.69130,9.81270,18.18680,21.27960,2.76580,25.06220,30.50190,9.21570,17.55500,19.93830,2.57300,24.70630,29.00970,8.70410,16.99750,18.99050,2.46720,24.08780,27.89030,8.39490,16.60250,18.11290,2.44970,23.86050,26.98020,8.22250,16.49130,17.51330,2.36930,23.81030,26.37570,7.92540,16.26680,17.38100,2.34840,23.56120,26.06880,7.92020,16.16610,17.01600,2.35890,23.57970,25.63900,7.71420,16.10340,16.99370,2.26530,23.45620,25.63240,7.71940,15.95400,16.76320,2.30330,24.44640,26.45810,7.59300,16.42320,17.35370,2.46900,28.13860,33.00890,8.40300,20.32420,22.03980,2.64760,31.80360,40.81080,9.65320,23.62320,28.02200,3.09750,34.81090,49.29420,11.27800,27.10910,34.45700,3.57370,38.13680,58.50050,12.90630,30.40390,42.40040,4.11630,40.93540,68.93330,14.63910,33.65710,50.75440,4.79760,43.67110,79.88230,16.78970,36.70590,59.75500,5.58680,46.07900,90.98870,19.01020,39.49020,69.15210,6.43330,47.98860,102.54350,21.50040,41.93560,78.64940,7.56730,49.78430,111.41160,24.14340,44.57010,87.57580,8.59120,51.31680,121.39780,26.91690,46.38960,96.81530,9.94080,52.47230,130.36820,29.72940,48.57120,104.76580,11.28450,53.74080,138.16910,32.81430,49.96590,112.94260,12.69680,54.61840,145.32090,36.18120,51.07650,118.67660,14.27660,55.51780,150.30920,39.47470,52.17100,124.79290,16.01980,55.84860,154.13640,43.08880,53.33730,129.08550
HQ,113.47870,55.61480,174.76860,426.09460,58.14630,153.23120,114.94780,55.92690,175.45220,440.05960,58.31290,153.05130,32.05830,53.94430,175.56660,170.32940,58.12550,153.95460,6.84450,32.99620,133.49480,22.19960,29.67600,125.93930,4.76610,28.99340,70.78910,15.27180,22.61140,55.06210,3.90590,26.66860,49.23460,12.47580,19.58590,34.86180,3.41740,25.26250,39.02360,10.94690,18.03250,26.26610,3.03670,24.08780,33.34820,9.83940,16.86190,21.87550,2.83790,23.47470,29.95790,9.23280,16.11170,19.61580,2.67620,22.94510,27.91220,8.75950,15.59420,18.09410,2.62980,22.57000,26.30710,8.33810,15.21430,17.33100,2.52710,22.21330,25.09940,8.06260,14.76570,16.57900,2.40420,21.87990,24.51480,7.88340,14.51750,16.05800,2.44270,21.67580,23.81490,7.76870,14.32530,15.72120,2.41120,21.59130,23.41820,7.69090,14.20220,15.48900,2.35710,21.36790,23.28550,7.68060,14.01740,15.29220,2.33450,21.51840,23.14160,7.54680,13.92580,15.39450,2.32070,22.32370,23.09390,7.60070,14.25810,15.37810,2.45850,25.73730,28.85000,8.34620,17.30750,19.65140,2.71370,28.39180,35.37840,9.58280,20.24540,24.36930,3.12160,31.40680,43.01430,11.10040,23.29660,30.56670,3.59290,34.24720,51.28610,12.58420,26.02710,38.10930,4.13830,36.81340,61.15050,14.42770,28.63990,45.25840,4.90760,39.05520,70.46200,16.62710,31.64410,53.32580,5.69660,41.39960,80.58720,18.67760,34.25700,61.63990,6.43330,42.94360,90.39290,21.21380,36.69520,69.81480,7.46770,45.13650,100.44170,23.69820,39.24250,78.94730,8.46550,46.50870,109.25480,26.57550,41.06010,86.52960,9.74160,47.67800,117.58250,29.61190,43.07710,94.22360,11.03940,49.18040,125.55520,32.78790,44.92290,101.77500,12.48620,50.19850,132.22890,35.88490,46.41930,108.45140,14.00460,50.85490,138.09390,39.30890,47.47760,113.58650,15.55920,51.66290,143.85600,43.23820,48.79440,118.44480
HQ,115.77780,57.42580,180.61440,411.29100,64.05880,157.19080,117.24050,57.81520,181.09710,419.13840,64.10710,157.09660,33.89250,55.18990,180.49410,150.39640,63.57890,157.00260,8.11840,36.65230,142.25820,23.69210,33.84910,130.43630,5.70560,33.08950,81.36470,16.98030,26.36320,61.53750,4.66350,31.02480,58.82480,14.24190,23.43770,41.37110,4.15030,29.82310,48.17900,12.70030,21.90270,32.66500,3.83330,29.13630,42.41250,11.86300,20.95560,28.41400,3.69510,28.82780,39.26480,11.38230,20.50400,26.25930,3.52780,28.33780,37.23220,10.86110,20.08870,24.87930,3.55260,28.28400,35.97350,10.62220,19.97470,24.37560,3.36640,27.94110,35.18600,10.37440,19.67720,23.72270,3.34370,27.91840,34.54120,10.08200,19.53530,23.44850,3.31550,27.66280,33.90160,9.86620,19.36940,23.15960,3.24800,27.63300,33.66440,9.80380,19.39950,23.05810,3.21820,27.47680,33.37510,9.67080,19.31440,22.86840,3.16610,27.35110,33.12450,9.51570,19.12080,22.69200,3.22940,28.53100,33.16910,9.56530,19.58590,22.89800,3.31360,32.15280,40.34000,10.42680,23.26000,28.39910,3.70480,35.01160,48.74690,12.02850,26.74020,35.41710,4.25300,37.82230,57.69150,13.92880,30.08690,42.41250,4.76610,40.34380,67.68960,15.91840,33.37180,50.72340,5.55110,42.50750,78.26460,18.18380,36.44960,59.55940,6.34580,44.83780,88.78620,20.57180,39.49020,68.81230,7.38900,46.74820,99.39550,23.22550,42.15520,77.73680,8.41660,48.27080,108.55130,26.07560,44.62630,86.39160,9.61510,49.68560,118.27150,29.27820,46.67320,95.10160,11.01380,50.71920,126.58390,32.76150,48.69850,102.54350,12.51070,51.66290,135.07050,36.46050,50.39910,108.70140,14.23800,52.65080,141.00190,40.35140,51.85480,115.66650,15.85940,53.37380,146.97920,44.84960,53.08280,121.09690,17.82250,53.98140,151.44860,49.57850,54.29850,125.61900,19.84560,54.44870,155.14290,54.21810,55.47910,130.43630
HQ,111.09910,56.91940,180.01420,425.50660,57.73290,157.09660,112.30480,57.18190,179.65580,432.66670,58.04250,157.47370,29.56510,54.78890,178.82450,138.77320,57.46660,156.72120,6.25650,31.71490,132.36850,19.69720,28.11570,119.02560,4.23880,27.55100,66.02270,13.36980,21.32350,48.26580,3.40420,25.20890,44.34240,10.89600,18.70570,29.51060,2.98530,24.06880,34.84280,9.64150,17.41060,22.00570,2.72270,23.29050,30.03720,8.89890,16.71880,18.67760,2.55710,22.73590,27.20630,8.40840,16.21210,17.06970,2.47080,22.41720,25.56590,8.13430,15.89620,16.19870,2.34500,22.08040,24.57830,7.90180,15.64280,15.58400,2.32930,21.95420,23.88880,7.66770,15.44520,15.41910,2.32240,21.78330,23.45450,7.65480,15.46930,15.06520,2.26870,21.85140,23.29760,7.57500,15.34530,15.09750,2.32760,21.79460,23.05810,7.49320,15.43320,15.13380,2.26010,21.68140,23.12970,7.48810,15.28560,15.02900,2.26870,21.89130,23.23750,7.53920,15.31740,15.19050,2.29640,22.77160,23.46670,7.48550,15.70790,15.22710,2.42520,26.21550,29.34770,8.19840,18.96340,19.93830,2.67620,29.25610,36.32050,9.49530,21.97710,25.42700,3.01830,32.23410,44.11090,11.01700,24.89670,31.59950,3.43260,34.93110,52.66610,12.58070,27.69280,38.68700,4.08430,37.85590,61.94880,14.40830,30.77620,47.67720,4.76610,40.13710,72.61710,16.59210,33.32450,54.03120,5.65840,42.01290,81.77360,18.83340,35.87140,62.82590,6.46410,44.22120,92.96970,21.13180,38.11420,72.06900,7.43720,45.80060,102.77130,23.83330,40.11290,80.34090,8.75950,47.37020,110.99530,26.74210,42.09050,88.53480,9.90490,48.85840,120.20180,29.57290,43.98620,96.44390,11.07470,50.14850,127.49580,32.85840,45.42350,103.78380,12.38540,51.11070,135.28780,35.88490,46.56840,110.58160,14.03510,51.76740,141.23600,39.93240,47.61620,114.89280,15.70870,52.17100,146.22890,43.86830,48.97070,119.90600
HQ,129.42100,53.74080,164.54270,479.47060,54.94120,144.17930,130.91480,54.13030,165.56880,482.43790,55.22830,144.66670,40.70690,51.43750,165.77530,191.12500,54.67520,145.56760,8.23590,31.27590,129.08550,24.01270,27.68530,116.78710,5.28000,26.66140,64.96760,15.58820,20.13040,48.06370,4.11230,24.21520,42.59560,12.21980,17.25840,28.49610,3.44020,22.86120,32.49030,10.45760,15.76500,20.37600,3.01650,21.69830,27.15670,9.31890,14.73110,16.71040,2.81620,21.09750,24.16840,8.61590,14.12810,14.80120,2.55000,20.48280,22.14810,8.07590,13.66140,13.64340,2.51120,20.13040,20.84460,7.74790,13.44370,12.99950,2.29810,19.84590,20.15080,7.50590,13.03790,12.56310,2.34320,19.68740,19.43880,7.31820,13.04480,12.29550,2.23770,19.69760,19.17360,7.12790,12.80830,12.21290,2.19810,19.47480,19.10910,7.16270,12.70320,12.05570,2.22560,19.39950,18.68240,7.04350,12.72350,12.01500,2.16550,19.52520,18.81390,6.94740,12.63910,12.08980,2.17240,20.16690,19.08430,6.97690,13.03450,12.13410,2.32590,23.62320,24.34410,7.69090,16.20790,16.34910,2.53060,26.59010,30.59100,8.89890,18.80740,21.30160,2.90140,29.24010,37.50100,10.50100,21.60260,26.47190,3.42500,32.22500,45.36470,12.11360,24.38830,33.00890,3.95920,34.66140,54.03120,14.12290,27.14560,39.65250,4.71370,37.33520,63.07980,16.13460,30.02890,47.45010,5.44910,39.52580,73.27800,18.45560,32.53430,55.18420,6.49030,41.38700,82.50510,21.05560,35.09230,63.44220,7.53400,43.34560,92.23790,23.53340,37.36810,72.04300,8.65720,45.15070,101.55070,26.43060,39.46650,79.79100,9.91390,46.62820,109.71110,29.48720,41.06010,87.36500,11.36270,47.46220,117.63960,33.07110,42.74460,94.70090,12.98150,48.85840,124.35190,36.40040,44.36030,101.55070,14.65480,49.66920,130.57270,40.48850,45.69860,106.24370,16.42250,50.28190,136.31010,44.57560,46.79330,111.62070
HQ,119.31790,55.61480,171.64000,414.06140,58.43840,149.61550,120.61820,55.96610,173.08010,423.16970,58.66940,150.22220,37.41800,53.39200,173.52750,157.75750,58.25030,150.83320,10.23670,37.95670,141.78480,29.23200,35.54060,127.95600,7.14280,34.14950,87.47030,20.89310,28.61650,65.97730,5.88000,32.01790,64.57020,17.40370,25.45120,45.91480,5.07210,30.53020,52.87920,15.34530,23.69160,36.50060,4.66980,29.68420,46.41890,14.06940,22.69430,31.38970,4.39110,28.96180,42.26690,13.16550,21.92560,28.45130,4.14430,28.35320,39.77540,12.48620,21.30130,26.65170,4.06040,27.99410,37.82460,12.01840,21.12490,25.44020,3.92170,27.70020,36.41040,11.56300,20.82550,24.48310,3.77670,27.58080,35.45580,11.19380,20.35050,23.97550,3.68740,27.18950,34.86180,11.02660,20.00570,23.39400,3.58520,26.81210,33.97500,10.76010,19.72820,22.75070,3.52590,26.72590,33.39310,10.63780,19.57070,22.47050,3.56220,26.71150,32.92030,10.38980,19.56060,22.37790,3.51060,27.75270,32.42070,10.10020,19.83050,22.41840,3.70870,31.24110,39.36400,11.31700,23.57970,27.49920,4.04050,34.40420,48.03490,12.93490,26.89140,34.43830,4.45050,37.05130,57.21020,14.83300,29.73310,41.77410,5.10650,39.57330,66.52540,17.10550,32.88460,49.86510,5.94390,41.85840,77.09910,19.26830,35.58170,58.40560,6.96700,43.91740,87.40010,21.97160,38.45490,67.19700,8.08910,45.46680,97.31420,24.81490,40.83590,75.62380,9.33040,47.40080,106.19550,27.92680,42.90370,84.69590,10.63470,48.57120,115.27860,31.14010,44.76720,92.23790,12.18890,50.01560,123.78880,34.89020,46.53850,100.17840,13.73670,50.88890,130.64100,38.88200,48.20790,106.00300,15.39860,51.26510,136.90030,43.35070,49.24510,111.56840,17.49500,52.08290,142.81390,47.76270,50.65160,116.95680,19.63110,52.66870,146.64490,52.79710,51.57610,121.76050,21.47270,53.15530,151.62530,57.80340,52.27710,125.81100
HQ,116.44900,59.24250,181.94740,426.68420,59.62940,160.25550,118.50270,59.50000,182.06940,439.43440,60.02010,160.25550,29.98960,56.26140,182.68190,161.92660,59.41400,160.84180,7.03120,34.23740,101.95490,22.28000,29.88880,98.02820,4.84190,30.07030,59.50100,15.08940,23.12620,43.91920,3.84510,27.83540,43.98300,12.21630,20.31890,29.51840,3.36640,26.71150,36.95570,10.87380,19.08130,23.75950,3.10310,25.72360,32.75270,9.84530,18.17740,20.94170,2.83250,25.02240,30.28460,9.17860,17.55050,19.40360,2.66550,24.42060,28.53350,8.62420,16.97560,18.38850,2.56240,24.08780,27.30600,8.25730,16.62830,17.79930,2.45850,23.77900,26.48570,8.10770,16.42320,17.11450,2.36060,23.63560,26.07560,7.92020,16.21630,16.85600,2.41640,23.56730,25.38740,7.68830,16.20380,16.65770,2.34840,23.64180,25.28890,7.59810,16.12430,16.73240,2.40250,23.66670,25.18420,7.61870,16.23730,16.68850,2.38680,23.74770,25.36110,7.57760,16.27100,16.93580,2.37110,24.34970,26.42370,7.60840,16.60250,17.24950,2.46370,28.16150,32.89380,8.40570,20.18260,22.29720,2.70840,31.58240,40.45420,9.68850,23.51790,28.28020,3.11970,34.63160,48.68820,11.13900,26.92030,34.80490,3.61210,37.75540,57.71010,12.82080,30.05370,42.27900,4.22670,40.57650,67.40740,14.73380,33.25850,50.77000,4.83980,43.13060,79.21700,16.80730,35.95470,59.17110,5.82540,45.45240,88.82220,19.16870,38.96200,68.95760,6.72550,47.69340,100.04720,21.38420,41.58990,78.59000,7.68060,49.24510,109.71110,23.93210,43.49440,87.78750,8.94370,50.61780,119.25930,26.74210,45.93220,95.78930,10.16070,52.08290,128.02200,29.53390,47.40080,103.92320,11.65570,52.99240,134.70960,32.77910,49.26130,110.06820,13.22000,54.03720,141.86350,35.80640,50.65160,118.09860,14.84490,54.96030,147.48310,38.94730,51.47210,124.28910,16.64460,55.38240,151.97960,42.76730,52.86610,127.89010
HQ,109.96590,54.35480,168.71590,424.92010,57.12120,148.67070,111.93560,54.75100,169.78850,435.10460,57.50740,148.84170,33.78280,52.20630,170.54660,155.78940,56.93960,149.01300,7.52130,32.30650,130.09630,22.93350,28.51550,117.52540,4.96290,27.83540,68.04490,15.23110,21.05920,49.81970,3.86860,25.29610,45.92830,12.10680,18.02320,30.62350,3.28360,23.81030,35.61110,10.39900,16.42740,22.69200,2.88690,22.82530,30.12470,9.33620,15.41720,18.77000,2.68150,22.19590,26.93800,8.72350,14.82740,16.74120,2.53590,21.74360,24.86640,8.26000,14.41550,15.60480,2.47080,21.59690,23.69820,7.90700,14.20970,15.00890,2.39900,21.21290,22.80950,7.70120,13.99170,14.59190,2.33630,20.94470,22.28000,7.65730,13.84200,14.22650,2.24630,21.00460,21.99430,7.41430,13.63980,14.23030,2.25150,20.75540,21.73480,7.47020,13.62910,14.01610,2.21530,20.84710,21.64520,7.25280,13.52540,14.14970,2.28430,20.82010,21.50600,7.28300,13.64700,14.08470,2.28950,21.76620,21.75720,7.20770,13.94050,14.33070,2.36930,25.18220,27.53520,7.96220,17.07670,18.94620,2.65480,28.18440,34.07630,9.30160,20.03160,24.14970,2.94330,30.75920,41.67880,10.95960,22.83720,29.83950,3.42690,33.50450,49.91060,12.71090,25.80590,36.47050,4.11230,36.06980,58.67190,14.54880,28.72580,43.86830,4.68650,38.61530,68.71560,16.67090,31.39800,52.04990,5.61800,40.92290,78.53070,19.02010,34.23740,60.66670,6.51650,42.54690,88.35600,21.72920,36.70590,68.81230,7.41680,44.34640,98.11270,24.11850,38.75350,77.27220,8.65720,45.68410,106.72780,27.45610,40.94780,84.72930,10.00980,46.92900,113.96490,30.45350,42.79760,92.31440,11.30400,48.34960,122.18600,33.81010,44.19350,99.95990,12.91710,49.13190,128.75150,37.77210,45.88830,105.09650,14.51350,50.33210,135.21530,41.43010,47.09570,111.20310,16.26730,50.58410,140.45830,45.83370,48.09810,115.00280
HQ,138.84910,58.48030,179.06130,486.95520,59.28530,158.13730,140.07220,58.77490,180.01420,495.45070,59.37100,158.90190,36.50060,55.77050,178.35250,220.70460,58.75380,158.61440,7.61100,34.14950,96.52620,23.43640,29.80670,95.66740,5.08500,29.88060,56.46300,15.52610,22.75970,42.17010,4.08430,27.62550,41.91750,12.44100,19.94890,28.13970,3.50490,26.22950,34.81440,10.82630,18.47060,22.22830,3.14750,25.37690,31.03270,9.84240,17.64580,19.56000,2.96340,24.89670,28.81970,9.27580,17.18730,18.25500,2.83250,24.59540,27.48480,8.84860,16.85760,17.34460,2.68870,24.17050,26.45130,8.49270,16.58960,16.96700,2.60670,23.97380,25.85290,8.17700,16.30050,16.77640,2.58190,23.64180,25.44680,8.05200,16.24150,16.38360,2.52180,23.76650,25.02150,7.95430,16.13260,16.27160,2.55000,23.94230,25.11900,7.90180,16.23310,16.34050,2.50060,23.94860,25.22990,7.90180,16.26680,16.56590,2.42340,23.77270,25.34800,7.82590,16.12430,16.63150,2.50240,24.51750,26.58930,7.77130,16.46150,17.20890,2.68690,28.60880,32.25620,8.21440,19.98500,23.27350,2.91050,31.30200,39.88750,9.77410,23.15040,27.53520,3.23120,34.70120,48.00620,11.12930,26.02020,35.73790,3.84900,37.47820,56.12140,12.48280,29.31220,42.12190,4.39930,40.46610,65.54810,14.35390,32.40650,50.87880,5.16910,42.62580,75.40070,16.64020,35.20370,58.84400,5.96460,44.68250,86.32270,18.89710,37.87820,66.80210,6.99170,46.82340,96.52620,21.45610,40.46610,75.76380,8.00440,48.73040,106.34020,23.84570,42.79760,84.79610,9.21000,50.34880,115.66650,26.56860,44.79540,93.16380,10.51640,51.47210,124.03850,29.35540,46.47890,101.46130,11.97090,52.54360,132.01990,32.15280,48.14510,108.95240,13.77050,53.44690,138.54610,35.75750,49.62000,113.64040,15.46840,54.31730,144.91140,39.17690,50.73610,119.90600,17.16390,55.11320,149.35680,42.37610,51.71510,125.36390
HQ,106.92250,58.52220,181.46060,404.78350,60.68020,159.19020,108.60130,58.85950,181.58210,413.50450,60.70240,159.09400,27.65060,55.96610,180.49410,167.76070,59.91120,159.67290,6.61460,34.82090,104.76580,23.61260,30.86160,99.87280,4.59280,30.68260,61.90750,15.99870,23.55500,45.61850,3.76310,28.29170,46.02310,13.05350,20.48810,30.92570,3.21630,26.69010,37.94020,11.34640,18.77340,24.47040,2.88870,25.70990,33.53750,10.46070,17.77380,21.43950,2.70120,25.11540,30.85180,9.80970,17.13850,19.80460,2.55710,24.56290,29.04790,9.29300,16.63260,18.65820,2.39720,24.17690,27.89030,8.83740,16.26260,18.03760,2.30510,23.84790,27.11420,8.75400,15.92920,17.45850,2.21700,23.63560,26.50640,8.56930,15.75680,17.09210,2.15530,23.50550,26.08230,8.36240,15.59830,16.97590,2.23420,23.42540,25.83950,8.37860,15.70790,16.80290,2.21360,23.52400,25.59250,8.23590,15.56590,16.90920,2.24110,23.52400,25.71230,8.30030,15.62660,16.85150,2.30680,24.65400,26.84690,8.31920,16.05760,17.54080,2.31550,27.99410,33.32120,9.08190,19.57580,22.21110,2.54650,31.22370,40.83400,10.27330,22.72400,27.96340,2.89600,34.21790,49.01210,11.76240,25.77840,34.38230,3.32490,36.94290,58.29200,13.56900,28.85140,41.65500,3.96710,39.70420,67.68960,15.50960,32.07180,49.65370,4.57630,42.10340,78.56030,17.77600,34.92110,58.44350,5.31060,44.59820,89.11110,20.00540,37.81120,67.57180,6.16790,46.35990,100.17840,22.80360,40.35600,76.84060,7.18770,48.46020,109.55860,25.38740,42.66540,85.40160,8.18230,49.93280,118.85090,27.93410,44.73890,94.10490,9.31890,51.09360,128.22030,30.61530,46.38960,102.00000,10.61910,52.17100,135.94350,33.87420,48.11370,108.95240,11.99460,53.01040,141.86350,37.29400,49.47280,114.94780,13.59870,53.37380,145.81500,40.97320,50.71920,119.02560,15.16620,54.11170,149.01300,44.69270,51.29960,123.23000
HQ,111.88300,56.18240,176.60220,422.58930,60.56940,154.04540,113.04950,56.53910,177.64870,429.05820,60.68020,154.68390,35.31090,54.65620,177.06600,181.94740,60.19510,154.95900,7.30310,33.65710,138.54610,23.47880,30.39550,128.15410,5.04200,29.46510,73.51820,15.93100,22.37630,56.53520,4.00270,26.91310,50.03210,12.81370,19.02230,35.33020,3.45920,25.43760,39.35300,11.20670,17.23170,26.19110,3.18840,24.51750,33.85590,10.20930,16.25830,21.89240,3.04410,23.94860,30.59100,9.65910,15.82230,19.74320,2.81620,23.34560,28.32470,9.05650,15.23800,18.26450,2.65830,22.99320,27.02950,8.68200,14.84670,17.47670,2.61560,22.71210,25.85290,8.37320,14.57060,16.89590,2.55890,22.34120,25.17110,8.32460,14.20590,16.38360,2.53410,22.18440,24.52750,8.11570,14.14290,16.08350,2.45500,22.22490,24.31890,7.95960,13.90760,16.03680,2.45500,21.96560,24.00650,7.97540,13.88940,15.74210,2.39370,21.96560,23.86420,7.91490,13.82390,15.72960,2.41120,23.01130,24.05000,7.84940,14.18740,15.88470,2.60850,26.58290,29.75290,8.60490,17.28520,20.40240,2.78920,29.40060,37.00670,9.95280,19.97470,26.03490,3.28170,32.37920,44.60160,11.56960,23.29050,32.01550,3.64870,35.16310,53.71050,13.27830,26.22950,39.23180,4.25900,37.57770,63.16480,15.36170,29.06480,46.63930,4.97570,40.12500,72.93320,17.40830,32.00000,55.13190,5.70560,42.25920,83.67090,19.77900,34.66140,63.52800,6.78610,44.02760,93.31960,22.50540,37.56660,72.27700,7.84680,45.88830,103.55230,25.02150,39.83580,81.05230,9.10180,47.61620,112.56990,28.02930,42.31130,89.36510,10.31920,48.74640,120.38000,31.20640,44.48600,96.98120,11.60930,50.18180,129.08550,34.48500,46.04960,104.38990,13.10400,50.88890,135.57860,38.24730,47.94190,109.81290,14.94470,51.85480,141.31420,41.80990,49.22890,116.56160,16.68410,52.15340,146.56150,46.00960,50.33210,120.08330
HQ,115.44460,56.73880,173.52750,416.30330,57.52790,152.42460,116.78710,56.89930,173.63970,423.16970,57.63030,152.33540,30.27660,54.24240,173.97700,149.52920,57.10090,153.05130,6.98670,33.43810,99.95990,21.41180,29.08070,93.63240,4.74930,29.32020,57.63570,14.78530,22.45820,41.72640,3.81380,27.16760,42.81660,12.05910,19.76390,28.19870,3.25360,25.62780,35.34950,10.52270,18.24790,22.52860,2.90320,24.60190,31.21470,9.53320,17.17400,19.66670,2.64940,23.91710,28.65360,8.86530,16.56820,18.05640,2.51300,23.44390,27.02950,8.41660,16.10760,17.10100,2.44790,23.29660,25.92020,8.08910,15.85510,16.60960,2.32930,22.98720,25.11900,7.83380,15.57400,16.16880,2.25490,22.74780,24.56560,7.72200,15.35720,15.80490,2.26700,22.65280,24.31260,7.62640,15.30550,15.65040,2.22560,22.52880,24.03750,7.50080,15.24590,15.60890,2.17930,22.51700,23.91360,7.45500,15.16300,15.55510,2.21360,22.44060,23.89500,7.36620,15.16300,15.61310,2.20160,23.36400,24.71230,7.29800,15.43320,16.01140,2.26870,26.93480,30.86820,7.96490,19.00270,20.63570,2.53770,30.16990,38.33260,9.28730,22.13230,25.97410,2.90140,33.09890,46.20000,10.72870,25.06220,32.13560,3.40230,36.00700,54.99250,12.44790,28.27630,39.40820,3.93750,38.67280,64.70230,14.39660,31.39800,47.12630,4.55140,41.21050,75.34510,16.38790,34.12030,55.76510,5.32590,43.45370,85.53710,18.69210,36.83490,64.65820,6.24020,45.43790,95.99310,21.01750,39.43100,73.89430,7.25780,47.29370,105.28630,23.57600,41.70470,82.44100,8.41110,49.11570,114.78300,26.35510,43.78030,91.25140,9.59160,50.19850,122.85980,29.15510,45.42350,99.22290,10.97230,51.29960,130.36820,32.26480,47.14130,105.57200,12.38890,52.20630,137.71900,35.35910,48.52360,111.98820,13.99700,52.97430,143.21320,38.83850,49.78430,117.98360,15.60480,53.42860,147.48310,42.19430,50.58410,122.18600
HQ,130.84630,55.01750,166.91970,450.95420,55.57590,147.31480,131.81150,55.40170,167.44440,458.95910,55.86810,147.48310,44.18790,53.15530,168.39640,229.10460,55.44040,147.82070,8.92970,34.93110,108.15270,26.46500,31.06790,100.44170,6.00130,31.05060,62.63640,18.04700,24.07510,45.65870,4.77870,28.75720,46.59790,14.67850,21.26810,31.04090,4.09630,27.41020,38.73020,12.82790,19.72820,24.78280,3.68740,26.48340,34.23350,11.62260,18.83170,21.68430,3.39280,25.68930,31.62480,10.78530,18.11180,20.02090,3.19950,25.04890,29.61970,10.11530,17.46910,18.88240,2.98530,24.72590,28.34700,9.65320,17.01070,18.04700,2.96890,24.34330,27.34160,9.28440,16.85320,17.53160,2.78020,24.11320,26.79100,9.08760,16.55110,17.13240,2.83970,24.02440,26.31400,8.97180,16.59820,16.94470,2.78920,24.03710,26.12990,8.72070,16.50410,17.03390,2.68150,23.94860,26.12310,8.62140,16.36380,16.92250,2.67620,23.82280,25.92690,8.59670,16.38080,16.84710,2.72270,24.80450,27.32020,8.55560,16.80970,17.63270,2.90870,28.32240,33.52840,9.45760,20.07830,22.70960,3.15680,31.82140,40.93840,10.67850,22.96920,29.53390,3.54880,34.10080,49.47350,12.55260,26.27170,34.41960,4.14030,37.08390,58.78650,14.43940,29.28810,42.47340,4.80610,39.76400,68.18780,16.61830,32.13480,50.63050,5.58230,41.90980,77.73680,18.54210,34.80090,59.44260,6.52840,44.08280,87.82290,21.13180,37.36810,67.50130,7.63160,45.68410,98.32460,23.94450,39.77590,75.70770,8.84860,47.29370,106.77640,26.54780,41.74300,84.89660,10.03380,48.77840,115.83350,29.74510,43.67110,92.50640,11.36590,50.03220,123.60200,32.55130,45.51010,101.06030,12.92060,50.90590,130.09630,35.95380,46.95930,106.24370,14.53700,51.73260,136.90030,39.65250,48.03550,111.62070,16.34480,52.25940,142.02120,43.15090,49.42390,116.84360,18.09410,53.11900,146.64490,46.76390,50.33210,122.06420
HQ,113.74840,59.73750,184.41650,420.28270,60.34880,162.22470,115.44460,60.02010,184.16690,432.06130,60.59150,163.12490,33.04440,57.08070,185.92680,164.54270,60.17320,163.12490,7.55200,35.94430,110.11930,24.65480,32.14380,104.67160,5.00130,31.05060,64.37280,16.13890,24.23430,48.06370,3.93550,28.12330,47.00040,12.68970,20.76620,31.97280,3.35320,26.41260,38.17290,10.85480,18.85600,24.86000,2.96160,25.06880,32.92910,9.67670,17.62310,21.06100,2.67970,24.27910,29.72940,8.93810,16.74470,18.99540,2.53240,23.62940,27.63610,8.37050,16.19540,17.53620,2.42520,23.36400,26.21150,7.97010,15.81410,16.84710,2.24980,22.88510,25.18420,7.71680,15.40920,16.19870,2.34670,22.69430,24.31260,7.53920,15.36120,15.80070,2.13480,22.41140,24.06860,7.41430,15.02950,15.45190,2.23250,22.44650,23.66150,7.25780,15.03730,15.43140,2.19640,22.09770,23.27950,7.22770,14.92420,15.02500,2.08360,22.12080,23.28550,7.15530,14.75800,14.95680,2.19300,23.35780,24.24980,7.10300,15.24200,15.69210,2.32590,26.93480,30.03720,7.79210,19.00760,20.12480,2.47780,30.54710,37.58410,8.96060,22.14390,25.82610,2.89050,33.66670,45.47130,10.57240,25.51220,31.82790,3.32120,37.02960,54.57760,11.97770,28.84350,39.41930,3.82750,39.79990,64.50430,13.97050,32.08980,47.02830,4.46900,42.42880,75.06800,15.65880,35.10240,56.13930,5.21900,44.69660,85.40160,17.99530,38.13680,64.65820,6.20750,47.11090,96.69130,20.24480,40.94780,74.71020,7.08560,49.29380,106.87380,22.58100,43.15740,83.99940,8.07050,50.66850,117.01350,25.32170,45.16500,92.96970,9.41700,51.87230,126.13210,28.07340,47.46220,101.37190,10.65660,53.11900,134.20710,31.25630,49.11570,108.55130,12.01500,53.98140,141.78480,34.38230,50.53350,115.11300,13.57640,54.80790,147.82070,37.69890,51.62820,121.15700,15.27180,55.79000,151.80220,40.83400,52.63290,127.75850
HQ,114.83790,59.58620,183.91790,423.16970,60.37080,162.32430,116.28060,59.91120,185.29480,435.71810,60.54730,161.92660,33.24950,57.02020,184.04230,185.92680,59.86770,162.82380,7.92540,36.77030,109.91490,25.83280,32.96820,106.53370,5.44690,32.44300,66.50250,17.45850,25.57330,50.15400,4.38910,29.90520,50.10830,14.11520,22.51700,34.51310,3.78840,28.46900,41.75020,12.30580,20.88500,27.71570,3.43070,27.52130,37.11930,11.17120,19.86640,24.21220,3.18460,26.90580,34.24280,10.38980,19.13560,22.22830,3.04960,26.40550,32.27340,9.87210,18.71050,21.07190,2.85240,25.97160,31.05740,9.46630,18.16800,20.19770,2.80900,25.58690,29.80010,9.11880,17.98140,19.57520,2.69400,25.32970,29.32450,8.94370,17.71430,19.20350,2.62630,25.18890,28.77430,8.58840,17.43760,18.99540,2.67080,25.03560,28.23570,8.42200,17.31650,18.67760,2.58720,24.85060,27.88300,8.40300,17.18280,18.36940,2.61740,24.96270,27.73020,8.23050,17.18280,18.41720,2.57660,25.70990,28.63100,8.24930,17.55500,18.75530,2.72270,29.88880,35.47510,9.02820,21.47930,24.17470,3.04590,33.06150,43.41340,10.45460,25.04230,30.20450,3.30990,36.16420,52.22730,12.07270,28.14620,37.21170,3.92560,39.43100,61.96950,13.81560,31.72380,45.36470,4.40340,41.94840,72.69590,15.79230,34.63160,53.79460,5.14970,44.30460,83.31190,17.99060,37.80000,62.78370,6.04970,46.59830,94.22360,20.39180,40.78630,72.30310,7.11300,48.89040,104.53060,22.91570,43.17080,82.02680,7.99650,50.44950,114.61860,25.57920,45.16500,91.36440,9.32460,51.78490,123.10640,28.38420,47.30900,100.39770,10.60970,53.08280,132.43840,31.43990,49.22890,107.21560,11.98780,54.03720,139.91830,34.73880,50.55040,114.07340,13.66950,55.26680,146.72840,38.22610,51.83730,121.33750,15.37400,55.67310,150.48360,41.79790,52.93820,126.38990,17.01600,56.49930,156.25410,45.35140,53.79620,131.32730
HQ,239.10260,47.08050,142.17910,892.20910,46.12320,119.67010,235.94250,47.40080,143.13320,847.89800,46.67320,120.14260,50.77000,43.95870,141.23600,190.72610,45.30840,119.84690,9.46920,25.81970,103.04580,23.50310,19.34440,88.03550,6.46890,23.12620,50.27640,17.02050,14.38910,35.33020,5.23420,21.76060,33.63710,14.30750,13.00000,21.67320,4.52460,20.96100,26.52710,12.74630,12.29970,16.09200,4.11030,20.50930,22.96900,11.80250,12.24060,13.66200,3.84900,20.25060,21.05010,11.19700,12.47180,12.55610,3.70670,20.11480,19.96410,10.77900,12.55530,11.95060,3.58140,20.16170,19.39860,10.35600,12.73030,11.80250,3.60250,19.93850,19.00530,10.29780,13.00340,11.57950,3.51250,19.96430,18.82370,10.08810,13.09330,11.53660,3.50100,20.19300,18.90690,9.90490,13.18020,11.73230,3.45730,20.01090,18.79920,9.86620,13.14530,11.64250,3.41360,20.19300,18.89220,9.63270,13.11060,11.83610,3.41360,20.14080,18.88240,9.56240,13.04480,11.85290,3.39090,20.59450,19.84560,9.67670,13.07600,12.16490,3.43260,23.37010,25.62570,10.52580,15.43320,16.14740,3.75140,25.79220,31.41480,12.08640,17.65040,20.56120,4.20460,27.97890,37.96130,13.94390,19.50000,25.25610,4.76610,30.26990,45.25840,16.01980,21.72660,30.76190,5.44910,32.27930,52.91210,18.25500,23.87300,36.50060,6.26120,34.23740,61.04920,20.63570,26.10370,42.77960,7.29050,36.05930,69.32300,23.55170,28.73370,49.59350,8.45730,37.84470,77.50390,26.29340,31.07650,56.42690,9.69440,39.23080,85.16530,29.51840,32.93100,62.80480,11.11320,40.78630,93.20270,33.08000,34.61170,69.61740,12.64740,41.81990,100.70600,36.73230,36.53480,76.04490,14.22650,43.02360,106.82510,40.69530,37.91180,81.74200,16.06650,43.93120,112.99600,44.84960,39.34840,86.59870,17.93910,44.97970,118.21380,49.11570,40.62580,92.31440,20.13520,45.61150,123.04470,53.92960,41.64090,96.52620
HQ,127.62700,53.30080,164.74700,425.50660,56.00530,144.58520,128.75150,53.64870,166.08600,435.71810,56.28120,144.82970,34.71050,51.26510,165.67200,123.23000,55.84860,145.48530,7.48300,31.98210,125.42760,20.33920,27.18220,110.99530,5.11510,28.33780,65.01200,14.45500,21.11950,46.54270,4.16030,26.54020,45.09960,12.10340,18.89010,29.79220,3.64870,25.51220,36.34050,10.86110,17.72800,23.08200,3.32300,24.82430,31.80250,9.95280,17.07670,20.02090,3.05880,24.03710,29.23200,9.26150,16.39770,18.45080,2.93420,23.78520,27.47770,8.89610,16.03680,17.39010,2.83430,23.76650,26.41000,8.62140,15.86330,16.98480,2.82710,23.47470,25.69230,8.51450,15.79770,16.56590,2.71910,23.51790,25.55260,8.38400,15.65500,16.51370,2.74780,23.62940,25.29540,8.25460,15.75680,16.62710,2.76040,23.63560,25.27580,8.28420,15.76090,16.71040,2.71730,23.63560,25.59250,8.31110,15.66720,16.79410,2.70300,23.66670,25.81270,8.20370,15.58610,17.04280,2.72810,24.38830,25.98090,8.03350,15.92100,17.48130,2.84520,27.85050,32.35130,9.06210,18.94390,22.44730,3.21440,30.64020,39.14400,10.36520,21.90270,28.11020,3.71060,33.40960,47.22450,12.00820,24.66060,33.60990,4.30360,35.72620,56.21100,13.75920,27.72270,40.91510,4.95650,38.17070,65.23460,15.67540,30.60630,49.60860,5.74610,40.22200,75.62380,17.90170,33.51400,56.73470,6.62180,42.28520,84.89660,20.12480,35.97560,66.15930,7.64960,43.78030,94.82080,22.85070,38.27270,73.25140,8.80400,45.61150,104.01630,25.49970,40.44160,82.05860,10.07000,46.80840,111.83050,28.30240,42.12930,90.54130,11.64910,47.86400,118.96730,31.53220,44.15190,97.06420,13.02820,48.73040,126.64860,35.37840,45.51010,102.63450,14.68240,49.57080,132.78890,38.88200,46.73320,107.80590,16.45720,50.38240,138.39510,42.59560,48.05110,113.37120,18.20280,50.77000,142.97340,47.00040,49.13190,117.69680
HQ,109.86390,59.50000,185.29480,410.74110,60.21700,162.92410,111.83050,59.88940,185.54720,418.56850,60.63590,163.42690,28.05870,57.16160,184.29160,158.80590,60.12940,162.82380,6.37880,33.83950,102.68010,21.53380,29.84770,102.72570,4.33200,29.36040,58.27310,14.23800,22.62320,44.62760,3.45920,27.02180,42.80430,11.39540,19.70270,29.44060,2.95790,25.43090,35.12850,9.79780,18.06050,23.03430,2.64590,24.38190,30.83550,8.87650,17.01510,19.84050,2.48310,23.78520,28.28020,8.30840,16.41890,18.16960,2.30330,23.31500,26.57550,7.87820,15.98290,17.05620,2.25840,22.90910,25.25610,7.52640,15.62660,16.44850,2.17240,22.57000,24.59740,7.42190,15.27770,15.86360,2.12110,22.36460,24.03130,7.25280,15.11570,15.57580,2.07000,22.27720,23.63090,7.10800,14.99430,15.31670,2.05640,22.24810,23.47880,7.00890,14.80420,15.29630,2.07850,22.10930,23.10580,6.97440,14.86990,15.12170,2.05980,22.05170,23.02240,6.89100,14.86990,15.11770,2.11090,23.08380,23.94450,6.89830,15.38520,15.54680,2.20160,26.69720,30.08490,7.63410,19.02230,20.02090,2.32760,29.93810,37.38700,8.80950,22.11500,25.40720,2.69230,33.36230,45.63190,10.16370,25.21560,31.56580,3.12710,36.57750,54.50890,11.70230,28.56990,38.75180,3.64490,39.39560,64.30730,13.53560,31.75920,46.54270,4.36460,42.00000,74.84750,15.41910,35.00150,55.34180,5.03350,44.73890,85.63890,17.34920,37.97910,64.76840,5.81860,46.56840,96.98120,19.72790,40.53970,74.57320,6.85430,49.00290,106.48530,22.02270,43.07710,83.86770,7.85470,50.43270,117.01350,24.68670,45.12220,92.93090,8.98870,51.48940,126.19640,27.53520,47.05010,100.66190,10.20930,52.66870,133.99270,30.24450,48.57120,107.46090,11.68900,53.61190,141.23600,33.21370,50.31540,115.05790,13.09670,54.71310,146.81190,36.38040,51.24800,121.63940,14.73380,55.05580,150.92090,40.03380,52.34800,126.00350
HQ,115.22330,56.18240,177.29870,405.85450,63.08110,154.95900,116.39290,56.59890,177.18220,414.61970,63.27000,154.59240,38.98000,54.65620,176.94980,174.20250,62.93990,154.77550,9.10180,38.30680,146.14600,27.20630,36.67370,133.70780,6.19110,34.01340,87.75220,18.73100,27.97890,67.59540,4.99070,31.81250,63.50650,15.26780,24.38830,45.68560,4.37480,30.23650,51.31760,13.39180,22.54640,35.50420,4.01660,29.55410,44.87590,12.38540,21.67580,30.40510,3.71060,28.60880,40.85710,11.53660,20.78230,27.67950,3.50100,27.98650,38.13050,10.90550,19.99540,25.65230,3.44590,27.74520,36.19110,10.43910,19.57580,24.55930,3.32120,27.48420,34.68220,10.06090,19.25460,23.61260,3.27610,27.28490,34.01180,9.88700,19.13560,23.17750,3.19210,27.19680,33.24950,9.72090,19.03210,22.72130,3.14560,26.99270,33.08000,9.54780,18.76370,22.51120,3.03120,26.71870,32.63870,9.44020,18.50880,22.23980,2.96890,26.47630,32.32530,9.32180,18.30920,21.94330,3.03300,27.67030,32.19580,9.24430,18.78800,22.16530,3.20140,31.40680,38.68700,10.03980,22.63500,27.34880,3.58330,34.17880,46.86110,11.67240,25.97160,34.05790,3.99480,37.04040,55.88940,13.38450,29.02510,41.37110,4.54320,39.74010,65.59310,15.37400,32.36100,49.39870,5.24080,41.90980,76.35590,17.50420,35.54060,58.14100,6.18410,44.12420,86.18530,19.93830,39.32480,67.01070,7.01880,45.72770,97.39780,22.54020,41.83270,75.98850,8.15300,47.37020,106.58220,25.55260,44.06900,84.59580,9.33620,48.73040,115.66650,28.78180,46.12320,92.93090,10.78850,50.08200,123.29190,31.76010,47.81740,101.50600,12.18550,51.00820,131.95030,35.46550,49.47280,107.06890,13.87590,51.52400,138.01880,39.61910,51.04230,113.10300,15.50140,52.40120,143.53400,43.69060,51.90730,118.67660,17.43560,53.06470,148.07480,48.35280,52.63290,124.22640,19.46910,53.11900,151.53690,53.24270,53.75930,127.49580
HQ,116.84360,54.27980,168.18400,456.26090,55.88770,148.07480,118.67660,54.71310,169.35800,467.23960,56.30090,147.73620,28.70630,51.36850,169.25070,138.16910,55.75100,148.15970,6.27530,28.42260,117.24050,18.60970,24.22150,107.02010,4.18040,24.76520,55.94290,12.57370,18.02790,40.53440,3.31550,22.90310,37.19110,10.19710,15.83460,23.98790,2.82710,21.75490,28.94880,8.96620,14.69660,17.74360,2.55710,21.02640,24.84710,8.17170,14.06900,15.16620,2.38150,20.53590,22.60430,7.70380,13.64700,13.89100,2.22560,20.09910,21.12090,7.37380,13.32720,13.13650,2.21190,19.88700,20.26050,7.17770,13.20110,12.72860,2.18610,19.78440,19.71760,6.95720,13.07940,12.49320,2.09720,19.81000,19.67690,6.91300,12.93130,12.53510,2.08360,19.58080,19.25830,6.84700,12.91760,12.33350,2.01240,19.64170,19.37850,6.79340,12.82530,12.41660,2.07510,19.65180,19.22840,6.73030,12.96560,12.50370,2.00230,19.69760,19.48420,6.71820,12.84240,12.59470,2.10920,20.50400,19.84560,6.71340,13.32720,12.86350,2.17930,24.03710,25.39400,7.38900,16.29630,17.29020,2.45850,26.89140,31.47340,8.65440,19.09120,22.20530,2.72990,29.46510,38.57910,10.15460,21.69270,27.34880,3.25180,32.66280,46.39150,11.73570,24.57590,34.17790,3.82750,35.13270,55.00990,13.54300,27.55100,40.93840,4.43000,37.66640,64.68020,15.57580,30.31170,48.87920,5.16910,39.68040,74.65530,17.90640,33.06150,56.73470,6.14920,41.87120,84.03230,20.22390,35.48930,65.36870,7.03860,43.56220,94.38230,22.86840,37.57770,73.62540,8.27340,45.26530,103.50610,25.75240,39.94390,81.55300,9.41990,46.74820,111.77800,28.63100,41.50100,89.69340,10.78220,48.03550,119.31790,31.88750,43.19760,97.06420,12.28170,49.16420,126.45450,35.29170,44.80950,103.50610,13.94770,49.99900,132.71870,39.06730,46.16740,108.75150,15.73790,50.60090,138.24440,42.90290,47.43150,113.74840
AQ,123.78880,78.47300,234.77710,546.33330,73.47540,183.17450,126.32540,78.37310,233.62220,561.90410,73.86700,183.91790,97.85940,76.51220,235.35850,554.98820,73.95780,188.10470,10.04890,38.74190,162.32430,131.32730,38.85760,129.15250,7.16770,30.37030,65.61560,58.08450,26.61860,67.50130,6.01740,27.22610,42.75500,38.16230,20.79310,43.03910,5.32370,25.45120,33.08890,28.85760,17.66860,29.86310,4.82500,24.12590,27.97800,23.61260,15.62660,22.32020,4.55350,23.30890,24.69950,20.48690,14.31410,18.01410,4.26510,22.57590,22.74480,18.35980,13.37650,15.49310,4.09230,21.70960,21.74600,16.69280,12.64590,14.14970,3.92560,21.46250,20.23430,15.72120,11.91640,12.94930,3.75920,21.49040,19.51450,14.85690,11.73150,12.14100,3.56990,21.39010,18.88730,14.28430,11.54570,11.49380,3.33060,21.09750,18.40280,13.49130,11.44590,10.90870,3.66030,21.05380,18.60490,13.30750,11.41180,11.17120,3.62180,20.36630,18.23600,12.77460,10.92390,10.98510,3.96310,21.63070,18.57110,13.49500,11.34370,11.20670,3.44020,24.81110,21.95460,12.57370,13.27450,12.71090,4.10430,26.61140,25.60580,13.74420,13.95510,15.56330,4.18850,29.31220,29.64320,14.65880,15.96640,17.57750,4.55350,31.91950,35.10940,15.70040,17.87960,20.76930,5.15620,34.13980,41.18320,17.01160,19.70780,24.74430,6.00590,37.00790,46.57030,19.24830,21.74930,28.63100,6.22850,40.47830,53.86210,20.85000,24.73240,32.70000,7.22520,41.92270,61.25200,22.76240,26.58290,37.82460,7.87300,45.09360,68.83640,25.38090,28.94600,42.90290,8.97180,48.34960,77.67850,28.19130,31.98210,48.77630,9.94380,50.46630,86.15100,30.52620,34.38450,55.09700,10.69730,51.42030,93.78950,32.54250,36.38600,61.13020,11.71230,53.48350,102.58900,35.02340,38.55790,66.75590,12.62280,55.42110,109.86390,38.04580,40.81110,72.51220,13.90610,57.28330,117.98360,41.25360,42.67860,78.64940
AQ,141.78480,60.34880,183.42170,655.93240,60.50310,156.53400,143.21320,60.74680,183.29800,650.58380,60.88040,156.81490,84.39630,58.92310,183.79360,603.68810,60.23890,156.90870,9.29590,34.85090,130.30010,111.83050,39.89580,125.93930,6.60980,30.02070,62.86810,52.08210,28.69460,70.94090,5.46240,27.91840,45.47130,34.91870,23.35170,46.24090,4.77870,26.54020,37.30430,26.78400,20.34000,33.58270,4.30560,25.39040,32.67370,22.15950,18.56620,26.18430,3.92960,24.62800,29.53390,19.30330,17.31650,21.60610,3.68740,24.12590,27.52080,17.28120,16.56390,18.94130,3.30610,23.99280,25.78590,15.72120,16.09510,16.88260,3.35690,22.87910,24.90510,14.55270,15.30950,16.00290,3.24620,22.75970,23.64320,14.00460,14.70810,15.12570,3.10680,21.99430,23.46670,12.90280,14.17250,14.52140,2.80000,22.57000,22.10240,12.58770,14.19480,13.42860,3.02940,21.43460,22.07390,12.18200,13.56820,13.68070,2.77300,21.57450,21.76280,11.54650,13.68290,13.03900,2.85790,22.30630,20.96870,11.59610,13.74060,12.48970,3.22380,24.73900,25.17760,11.87310,15.41320,15.67120,3.13270,27.92590,29.00970,12.62280,17.77380,18.03760,3.59100,30.02070,34.93770,13.29660,19.75880,21.73480,4.13630,31.94630,40.81080,14.54090,21.64190,25.72570,4.69690,33.99400,46.93070,15.97330,24.11320,29.80010,5.18650,36.55610,52.86280,17.38100,26.56160,33.77360,6.06350,38.55790,58.42450,19.28830,28.63990,38.65460,6.93260,40.01620,66.13650,21.71790,30.16990,44.05970,7.65990,42.52060,72.35530,23.57000,33.12700,49.10090,8.86250,43.35910,80.83470,26.01460,34.13980,55.85390,9.72090,45.94680,86.35720,29.16280,36.60950,60.20830,10.60660,47.24790,94.62110,30.91740,38.82280,66.27340,12.09320,48.34960,101.77500,34.63510,40.02830,72.01710,12.95280,50.11520,107.70710,36.97610,42.65220,77.73680,14.97280,50.78700,113.21020,41.25360,43.05030,83.99940
AQ,251.01840,79.82610,236.13780,600.26280,80.17030,182.43650,250.80000,80.23940,236.52920,609.48150,80.72610,182.55910,184.04230,77.18940,236.92180,602.54210,78.74060,183.29800,16.83380,34.03280,137.27140,156.90870,31.59120,106.19550,11.58940,25.75100,49.01210,66.82520,19.85100,51.23880,9.43440,22.72400,29.54950,44.67970,14.77730,30.87640,8.16100,20.79850,21.65080,34.85230,11.86510,20.11440,7.30310,19.52020,17.54540,29.23970,10.11930,14.34230,6.71100,18.56140,15.18650,25.67900,9.06900,11.28780,6.39060,17.81970,13.82310,23.32160,8.33810,9.73570,6.07510,16.90990,12.93490,21.58940,7.60570,8.90450,5.82540,16.68850,11.91010,20.26050,7.25340,7.99120,5.41380,16.24570,11.48060,19.23340,7.06740,7.43460,5.24730,15.75270,11.32360,18.19330,6.83530,7.17520,5.16700,15.30550,11.13250,17.43110,6.49730,7.12290,5.10870,15.03730,10.76330,17.11000,6.16630,6.95230,4.98640,15.01380,10.32840,16.79850,6.13080,6.68200,4.49780,15.11180,10.19710,15.51380,6.03720,6.30350,4.62610,18.52790,13.69930,16.10060,7.48410,8.19570,5.25380,21.09750,16.51370,17.02490,8.89930,9.97070,5.84130,23.13220,20.09360,18.01410,10.26750,12.11710,6.37880,25.75100,23.79030,19.19850,11.86510,14.35010,6.91300,28.03200,28.21350,20.69440,13.48980,16.72360,7.55960,30.48800,33.05330,22.53440,15.06080,19.47910,8.51180,32.90310,38.11990,24.77000,16.64550,22.58680,9.60040,35.43800,43.26320,27.52080,18.39450,25.92020,10.79160,38.02410,49.69890,30.36490,20.19300,29.65880,12.02170,40.52740,56.30080,33.70990,22.02300,33.72810,13.18370,43.25140,62.82590,37.07830,24.31120,37.38700,14.34620,45.87360,70.58760,39.92120,26.54730,41.95350,16.24590,47.83290,78.35310,43.66530,28.36860,47.02830,17.74360,50.48310,86.01390,47.69140,30.44590,51.44390,19.45390,52.74040,93.59320,52.16270,32.69040,56.39080
AQ,117.69680,52.56150,159.57610,471.48770,58.33380,136.90030,118.21380,52.70450,158.99790,470.77460,58.79600,137.56950,73.78650,51.31680,159.96370,448.34480,58.25030,137.34580,7.53400,32.09880,132.71870,72.90680,31.84810,115.50000,5.56890,27.51390,67.85510,34.24280,22.51110,65.43590,4.72830,25.60740,46.91670,23.75340,18.61900,42.85360,4.23680,24.24070,37.68840,18.87260,16.36380,31.62480,3.91580,23.35780,32.41200,16.14740,14.81190,25.14500,3.58330,22.73590,29.17810,14.26890,13.94410,21.28510,3.40790,22.19010,26.98020,13.04620,13.36240,18.95600,3.22190,21.50160,25.75910,12.02850,12.79810,17.49500,3.27050,21.41790,24.03750,11.78580,12.10680,16.19440,3.08090,20.91760,23.69210,11.06830,11.75370,15.69210,3.05880,20.86880,22.59270,11.08750,11.38080,14.77740,2.83970,20.42980,22.38950,10.15460,11.38080,14.33460,3.06250,20.07830,21.75720,10.29780,10.87300,14.28430,2.75860,20.09390,21.53930,9.68850,11.02320,13.80050,2.81440,20.70700,20.63030,9.90490,11.08370,13.42860,3.28740,23.05960,23.29760,10.22760,12.72690,15.36990,3.27240,24.55640,28.06610,10.58480,14.32160,17.94380,3.43450,27.05090,31.71770,11.33990,16.18280,20.60370,4.08430,28.86710,35.88490,12.64740,17.69140,23.70430,4.77240,30.05370,40.62630,13.98940,19.21490,27.40600,4.98210,31.61760,46.54270,14.79720,21.31240,31.17320,5.77100,33.60930,50.73890,16.87370,23.10800,34.79550,6.23320,34.94120,57.35770,17.86440,25.15550,39.73060,6.83720,36.80260,62.51050,19.96410,27.12370,43.80470,7.79210,37.54450,69.37190,21.85850,28.49230,49.56350,8.20370,39.77590,74.54590,23.85800,30.98170,53.11010,9.41700,40.42930,81.08340,25.70570,32.59850,59.09390,10.11530,41.92270,86.11670,27.67950,34.64150,63.12230,11.41500,42.37650,92.39110,29.95790,35.72620,69.29850,11.88310,44.30460,98.15500,32.19580,38.34090,73.25140
AQ,126.58390,51.02520,150.65820,331.73440,49.52180,129.69040,128.22030,51.36850,151.80220,336.94740,49.85020,130.36820,85.13160,50.13190,153.05130,258.42760,48.77840,131.67280,8.20100,31.45050,135.72430,33.23160,25.47150,112.67610,5.56000,26.50470,74.90250,20.28670,20.65340,59.71580,4.36050,24.17050,50.19990,15.04510,18.18680,39.49680,3.68160,22.73590,39.29790,12.23010,16.67560,29.27050,3.24990,21.72660,33.17800,10.61600,15.65090,23.53340,2.91780,20.95560,29.37090,9.48950,14.89710,20.15080,2.71190,20.31890,27.01540,8.72350,14.25810,18.03760,2.53060,19.94890,25.30850,8.12100,13.89670,16.65340,2.38680,19.58590,24.03130,7.68830,13.55040,15.64630,2.27560,19.32940,23.21350,7.37380,13.34480,14.98480,2.22220,19.07150,22.58100,7.16520,13.10370,14.53310,2.18780,18.86580,22.05680,6.99660,12.92440,14.19570,2.11940,18.62860,21.50040,6.81770,12.71670,13.83820,2.05300,18.50400,21.20830,6.62660,12.60550,13.61360,2.08700,19.00760,19.92280,6.66030,12.83900,13.22000,2.22050,21.42350,22.86840,6.90810,15.12750,15.59650,2.54470,23.22340,27.04360,7.40920,16.75770,18.64850,2.96890,25.00250,31.18150,8.11840,18.45630,21.76280,3.50100,26.89140,35.64030,9.03100,20.14600,25.22990,4.11430,28.54650,40.61480,10.07300,21.84010,28.98680,4.78920,30.37870,45.65870,11.24880,23.61690,33.12450,5.54670,32.15280,50.77000,12.53860,25.34320,37.38700,6.38590,33.74330,56.35480,14.16500,27.12370,41.83380,7.30560,35.32570,62.05230,15.65460,28.83570,46.69460,8.27340,36.78110,67.68960,17.21790,30.41230,51.47550,9.37650,38.31810,73.30460,19.09420,32.12580,56.37280,10.56610,39.54950,78.97720,20.85000,33.53310,61.31300,11.80250,40.81110,84.29680,22.96900,34.87090,66.00000,13.09310,41.74300,89.69340,25.08640,36.28020,70.86490,14.49400,42.85060,94.82080,27.57120,37.52240,75.59590
AQ,120.02420,58.14630,171.53010,335.06810,55.96610,146.81190,121.63940,58.37560,172.63470,337.32560,56.47940,147.31480,84.49590,57.12120,173.86440,268.95560,55.38240,147.90530,9.27290,35.68480,154.68390,39.98870,29.31220,130.43630,6.38590,29.44900,85.60490,24.30640,23.06560,69.69130,5.02920,26.55450,56.13930,17.88770,19.79980,45.32480,4.22070,24.60840,42.81660,14.40050,17.78300,33.08890,3.72030,23.44390,35.66950,12.40970,16.52120,26.08230,3.39090,22.53470,31.32290,11.09390,15.56590,21.94900,3.16230,21.82300,28.50360,10.16980,14.81190,19.36340,2.91050,21.28470,26.47190,9.44600,14.31790,17.60970,2.83790,20.71240,24.97620,8.98310,13.84930,16.48760,2.65300,20.31370,23.88270,8.50640,13.50050,15.57990,2.61740,19.99020,23.01060,8.21980,13.16970,14.93670,2.52360,19.77930,22.34330,8.02290,12.95530,14.45500,2.45500,19.48490,21.79090,7.81290,12.67280,14.06180,2.37110,19.35440,21.29060,7.65730,12.56860,13.75920,2.39020,19.76910,19.95370,7.54430,12.71000,13.23820,2.55360,22.62910,22.94530,7.78690,15.24990,15.57990,2.86690,24.47220,27.24900,8.22250,16.83150,18.65820,3.27990,26.46220,31.68390,9.05080,18.65750,21.93200,3.77480,28.46900,36.45050,10.00380,20.52000,25.44680,4.43620,30.62320,41.48910,11.19060,22.50520,29.38640,5.07640,32.61680,47.14030,12.37850,24.40770,33.64620,5.83670,34.33540,52.64970,13.69560,26.33500,38.06690,6.71340,36.42840,59.03610,15.19460,28.33010,43.00190,7.69610,38.30680,64.85690,16.80730,30.24490,48.09250,8.67100,39.95600,71.47590,18.47480,32.08080,53.15980,9.79490,41.58990,77.35900,20.34450,33.92630,58.44350,10.97230,43.17080,83.57280,22.35480,35.64350,63.69990,12.22660,44.52800,89.58380,24.43880,37.29130,68.98190,13.64710,45.93220,95.74860,26.69340,38.81120,74.24610,15.11360,47.15650,101.59550,28.90310,40.33160,79.39760
AQ,302.14450,63.81820,195.75220,1556.70370,68.32430,171.97040,300.61120,64.08300,195.47450,1601.80950,68.53850,172.30200,155.14290,59.24250,194.09630,1549.42860,67.71430,170.87330,8.46000,36.40720,99.48200,199.57240,51.21360,117.92610,6.07970,32.42470,55.72970,51.33330,35.11250,76.21430,5.05060,30.33680,43.12610,30.96680,28.02440,50.27640,4.55970,28.88290,37.11930,23.38800,24.33050,36.85400,4.21670,27.75270,33.45620,19.32830,22.16700,29.22430,3.92170,26.94200,30.99150,16.80730,20.64270,24.62290,3.75330,26.30680,29.15510,15.22710,19.61630,21.92070,3.80210,25.58690,27.82470,14.29980,18.55180,20.45520,3.60440,25.39040,26.83290,13.35140,18.03720,19.17360,3.36820,25.10880,26.05520,12.52120,17.47360,18.08930,3.15860,24.84400,25.63240,11.89330,16.43590,17.38550,2.96520,24.61490,25.15150,11.36270,16.15350,16.86480,3.04770,24.38190,24.92450,11.06510,15.92920,16.76760,3.08460,24.13230,24.88570,10.95960,15.82230,16.67530,3.06060,24.04340,25.59250,10.82000,15.85510,16.57030,3.23500,27.08730,30.32470,10.99470,17.49170,18.59040,3.46870,29.16820,35.02340,11.62920,19.11590,21.41740,3.79820,31.45050,39.67480,12.57720,20.92300,24.71230,4.13430,33.78170,44.48470,13.75920,23.22340,28.23570,4.53900,36.32240,50.09300,14.78140,25.78530,32.17000,4.92670,38.28400,56.15720,15.77560,28.11570,36.39040,5.66960,39.93190,62.72050,17.34920,29.92990,41.35930,6.34110,41.61540,69.34740,18.90690,31.94630,46.83330,7.04850,43.23790,76.44110,20.69440,34.00370,52.16270,7.85470,44.54200,83.86770,22.69790,35.68480,58.34870,8.64620,46.28570,90.87650,24.70590,37.88940,63.89420,9.41990,47.98860,97.35600,26.49260,39.70420,69.81480,10.42370,49.63640,103.64480,29.27050,41.21050,75.17870,11.53990,50.77000,109.40660,31.58270,42.69180,80.80370,12.62630,51.59340,116.33670,34.12240,44.40210,87.12000
AQ,306.20020,53.92580,159.38300,1772.73680,55.15150,134.13550,299.69810,54.41110,160.35290,1744.83940,55.63420,134.70960,143.21320,52.59720,160.84180,1486.84960,55.03660,135.28780,8.90170,27.09460,108.85190,140.45830,28.34550,99.95990,6.00130,22.80740,44.90210,51.69790,19.17030,49.74420,4.92250,20.99920,29.51840,31.85340,15.27370,29.95000,4.18040,19.92310,22.87430,23.33370,13.16620,19.85590,3.72230,19.13070,19.39350,18.83340,11.97100,14.52140,3.39470,18.53750,17.23150,16.07930,11.08980,11.69900,3.24620,18.01390,15.97330,14.41220,10.47520,10.19110,3.09570,17.35230,15.42320,13.01750,9.87770,9.54190,2.96710,17.27180,14.61160,12.25070,9.57730,8.85410,2.80000,17.30300,13.89100,11.59940,9.55560,8.12100,2.60670,16.97990,13.83060,10.96920,9.48500,7.86770,2.42170,16.94930,13.59500,10.41750,9.31810,7.63670,2.43390,16.79240,13.32950,10.38980,9.01130,7.52890,2.41120,16.71010,13.65830,9.94380,9.00090,7.68830,2.83250,16.86190,13.32950,10.14560,9.01920,7.86250,2.44440,19.96430,15.31260,10.22760,10.72440,8.71240,2.80540,21.30680,18.56140,10.55370,12.07440,10.74440,3.34000,23.08380,21.72920,11.60600,13.39420,12.94930,3.80990,24.81770,25.31510,12.79950,14.64300,15.32080,4.38910,26.23660,29.61190,13.99320,16.25410,17.97660,4.95010,28.08520,34.03940,15.53850,18.06510,20.85000,5.70330,29.92170,38.53610,17.49040,19.60110,24.03130,6.37410,32.08080,43.38830,19.47910,21.46810,27.39880,7.30310,33.82980,48.35280,21.53930,23.33950,30.86000,8.37050,35.16310,54.18410,23.59430,24.78480,35.28200,9.27010,36.87800,59.93180,25.93370,26.71150,39.51900,10.24590,38.88070,65.54810,28.44380,28.72580,43.25070,11.03620,40.10080,72.40750,30.38100,30.82740,47.73420,12.21980,41.03510,79.18690,33.09780,32.34280,52.50290,13.66950,42.02580,85.23270,36.86410,33.69540,57.97190
AQ,594.63650,54.88400,159.67290,1821.24320,53.83320,121.21710,590.20830,55.30530,160.25550,1851.62640,54.26110,121.33750,234.39100,51.55870,160.25550,1050.32700,50.39910,121.21710,12.47930,21.86850,70.46200,78.41220,14.03950,51.76160,7.98330,17.74630,25.94040,42.18220,10.07410,21.96030,6.16090,15.96640,16.32320,29.01740,8.06750,12.10680,5.06350,14.86610,12.42360,22.32600,6.90630,7.92280,4.38500,14.15770,10.50410,18.35030,6.17890,6.05890,3.95520,13.71180,9.55650,15.89310,5.75480,5.16050,3.68160,13.37650,9.04800,14.18810,5.45520,4.69480,3.56220,13.11060,8.49540,13.26370,5.15160,4.34220,3.17720,13.00690,8.55560,11.87310,5.14010,4.24290,3.26110,12.66950,8.41930,11.53660,4.93840,4.21260,3.14750,12.54190,8.29500,11.15190,4.76990,4.17040,3.09750,12.41870,8.24660,10.81050,4.66080,4.18040,2.97440,12.37890,8.22250,10.46380,4.65160,4.08430,2.77840,12.32610,8.36510,10.04590,4.67190,4.10430,2.77480,12.56530,8.76780,9.80670,4.81650,4.35040,2.88320,14.41920,11.35940,9.88700,5.79730,5.96000,3.33060,16.02440,14.10760,10.66280,6.67720,7.61610,3.88630,18.11650,16.69720,11.73230,7.88610,9.05360,4.33410,19.93340,20.16120,12.74630,9.18500,10.89600,5.27350,21.72660,23.49090,14.35010,10.49850,13.14740,5.90510,24.06240,27.15670,16.13890,12.05820,15.06120,6.98430,25.67560,32.01550,17.63730,13.63620,17.92510,7.91750,27.92590,36.27070,19.72270,15.56590,20.45520,9.26150,29.86410,41.41830,21.78530,17.04580,23.76570,10.72240,31.82140,46.50140,24.37560,18.64780,26.93100,11.78240,34.15930,52.06600,26.80490,20.60520,29.96590,13.52450,35.54060,58.19760,29.76080,22.04590,34.03020,15.12570,37.42310,64.52630,32.52510,24.03070,37.83510,16.75880,39.49020,70.11240,36.01290,25.72360,41.31230,18.66300,40.77400,77.07030,38.75180,27.63300,45.56490
AQ,172.96860,59.11440,177.29870,776.59480,63.12820,149.18470,174.88220,59.41400,177.64870,784.14660,63.43610,149.27070,107.31360,57.91840,178.94280,668.28340,62.40350,150.13530,13.08230,35.03170,126.51920,122.79830,33.40960,106.72780,8.99440,29.92990,60.90790,61.37410,24.53700,56.39080,7.18520,27.76770,43.48880,41.50090,20.42980,37.78260,6.23780,26.39850,35.47510,32.35130,18.06980,27.98530,5.72580,25.50540,31.04920,27.04360,16.51260,22.37790,5.33250,24.83740,28.43630,23.57000,15.44120,19.14380,4.98210,24.37550,26.50640,21.17000,14.63920,17.06070,4.93520,23.59830,25.53940,19.50440,13.87110,16.16880,4.64690,23.53640,24.36930,18.14600,13.54680,15.19860,4.48540,23.51790,23.51520,17.18640,13.51830,14.20730,4.31780,22.92110,23.63700,16.19870,13.21850,14.05030,4.56800,22.74780,22.54020,16.05380,12.73700,13.83060,4.02660,23.01130,22.20530,15.27180,12.90730,13.10400,4.14430,22.61140,22.29720,14.74570,12.91760,13.39550,4.26310,22.79540,22.29720,14.59980,12.88330,13.60990,4.52660,25.87480,26.32770,15.23930,14.84280,16.57030,4.55970,28.60880,30.87640,15.83420,16.94490,19.35340,5.27560,30.51330,36.73230,16.63150,18.98790,23.51520,5.73490,33.22090,41.96550,18.27400,21.43460,27.01540,6.96950,35.02170,47.99180,20.16640,23.20510,31.81940,7.29300,37.53340,54.76720,21.30710,26.02710,36.02280,8.65170,39.27780,61.00880,23.95070,27.47680,41.23010,9.39100,41.29860,67.76050,26.54090,30.05370,45.72590,10.88970,42.91700,75.54000,29.00970,31.96420,52.00170,12.04890,45.03660,81.14580,32.25620,34.06200,56.46300,13.00310,46.85360,88.93040,34.44760,36.77030,62.21830,14.74960,47.41620,96.73260,38.36470,37.99040,68.35510,16.12610,49.40760,102.86270,41.26530,40.76160,73.35790,18.02350,49.99900,109.45720,44.54960,41.79430,79.76070,19.57520,51.62820,113.85660,49.26440,43.91740,83.50740
AQ,402.65750,64.66670,197.43370,1542.22020,67.03510,172.19130,398.98770,64.71570,197.43370,1514.03600,67.21690,171.97040,197.01090,59.69420,196.73000,1528.00000,66.54550,171.97040,10.11230,37.71090,103.09170,194.92110,46.46400,116.16860,7.10800,33.73370,58.00940,51.19170,33.35280,74.73760,5.95770,31.66180,45.27170,31.48180,27.10910,51.27030,5.28220,30.25320,38.82770,23.96310,23.83540,38.27930,4.88430,29.16020,34.94720,20.02090,21.67580,30.75370,4.51220,28.43810,32.45540,17.56380,20.36630,26.33450,4.30970,27.79780,30.83550,15.88050,19.35940,23.64930,4.33810,27.13100,29.40960,14.83300,18.38970,22.06250,3.76310,26.91310,28.54100,13.65450,18.09780,20.36550,3.92960,26.33500,28.04400,12.99230,17.60490,19.93830,3.58520,26.30680,27.12130,12.54910,17.11200,18.88730,3.66610,25.46470,27.52800,11.92360,16.66700,18.85300,3.34940,25.98550,26.49950,11.47730,16.69720,17.98120,3.57560,25.58010,26.08230,11.46750,16.34270,17.94850,3.45920,25.53930,27.56400,11.02660,16.30050,18.16960,3.73580,28.94600,31.66700,11.78240,18.29500,19.98990,3.67580,31.67950,37.17060,11.84950,20.57850,23.20150,4.33200,33.27730,42.58330,12.90280,22.38210,27.12130,4.62190,35.69520,47.87700,14.13440,24.29200,31.12350,5.08070,37.68860,54.32050,15.06920,26.88420,35.41710,5.98520,40.00420,60.06980,17.00260,28.59320,40.41990,6.22380,42.20720,67.57180,17.83180,31.43300,45.56490,7.17770,44.09660,74.57320,20.02090,33.23970,51.52310,7.75310,45.68410,82.15390,21.43950,35.64350,56.82570,8.84580,47.72440,88.32030,24.07490,37.41210,62.61540,9.64440,49.01900,98.23980,25.60580,39.76400,69.64200,10.37750,51.00820,104.29630,27.89760,42.00000,74.93010,11.78910,51.80240,110.63320,30.30060,43.33220,81.64740,12.45140,54.00000,117.58250,32.13560,46.13790,87.25990,13.78170,54.26110,125.93930,34.41960,47.53910,94.74080
AQ,243.36960,59.05050,172.08080,614.19400,58.04250,145.73240,244.19830,59.47850,172.63470,622.61250,58.58520,146.31190,79.48810,56.06420,172.30200,400.55270,57.24270,145.98030,7.90440,26.25760,130.84630,34.18720,23.82280,121.70000,5.36760,22.14970,55.09700,19.38350,17.33880,53.45920,4.17640,20.00050,34.98530,13.92880,14.50610,31.34790,3.43640,18.80250,26.14340,11.15510,12.95870,20.85530,3.01100,17.94900,21.46160,9.51860,11.96130,15.62970,2.69050,17.23170,18.85790,8.47640,11.23300,12.99950,2.53590,16.67130,17.12350,7.83120,10.65650,11.45760,2.57300,16.22050,15.80910,7.51610,10.08250,10.57860,2.04290,16.09510,15.23520,6.77880,10.02330,9.71800,2.24800,15.55790,14.76550,6.90080,9.60460,9.53900,1.98200,15.32940,14.49010,6.25890,9.71160,9.14160,2.22220,15.24200,13.73670,6.67230,9.28610,8.91570,1.91140,15.15110,13.99320,6.03120,9.53380,8.87370,2.00390,15.11180,13.76670,6.20980,9.12420,8.92130,1.87620,15.64690,13.24550,6.06120,9.73640,8.45730,2.19130,17.55050,15.99020,6.36230,11.11410,10.60040,2.55710,19.55050,18.69210,7.27290,12.49180,12.57720,2.69760,21.50160,21.98300,7.98330,14.33280,14.56050,3.00730,23.15040,25.93370,8.73730,15.97050,17.25860,3.53160,24.94950,30.37290,9.64730,17.74170,20.44990,4.41360,26.75460,34.89970,10.99150,19.20500,24.19340,4.89700,29.23210,38.99090,12.55610,21.40120,27.04360,5.82760,30.79330,44.66670,13.65830,23.15040,31.58270,6.42140,33.28680,50.07780,15.16620,25.58010,35.15720,7.82860,34.67130,55.32430,17.39010,26.79050,40.20360,8.58570,36.29070,62.42680,18.61460,28.96970,45.02040,9.54780,38.61530,67.68960,20.53990,30.93880,49.36880,11.02340,40.55190,73.46470,23.07010,32.69040,54.04820,12.11710,41.85840,79.48810,24.86640,34.75100,59.22920,14.08850,42.90370,84.99720,28.27270,35.67450,64.00250
AQ,187.84620,61.12650,179.77510,582.60990,65.08520,149.87500,189.53850,61.39670,180.25390,592.41440,65.25870,150.30920,106.05110,59.26390,180.73480,520.99360,63.69840,151.09640,13.16910,33.99400,121.57890,109.05300,33.21150,102.90840,9.16150,29.16820,57.82210,56.10350,24.18320,54.26930,7.41430,27.15290,41.10140,38.92550,19.73330,35.76720,6.36470,25.39040,33.42910,30.23650,16.88810,25.96740,5.78460,24.40120,28.65360,25.26260,15.06470,20.28670,5.25380,23.77270,25.94040,21.97730,13.97710,17.05620,4.95440,23.26610,24.23730,19.68190,13.17320,15.22710,4.85460,22.60540,22.78000,18.35500,12.34260,14.06560,4.54110,22.52290,22.10810,16.72360,12.07440,13.22360,4.28130,21.41790,21.37870,15.66290,11.41490,12.57720,4.08230,21.61940,20.27100,14.78530,11.26370,11.92020,4.25500,20.82550,19.93830,14.22650,10.73330,11.91680,3.90200,20.89590,19.44890,13.35510,10.93890,11.34310,3.86270,20.57850,19.01520,13.14740,10.53930,11.03620,3.88630,20.92300,18.78950,12.94210,10.63300,11.02660,3.85880,23.87300,22.98680,12.84210,12.42860,13.68070,4.53700,25.96470,26.81890,13.81930,13.84570,16.60520,4.83770,28.57760,31.22300,14.76550,15.69160,19.40860,5.44030,30.81890,36.24080,16.07500,17.71430,22.80950,6.41900,32.94960,41.50090,17.55920,19.83560,26.60320,6.99170,35.06200,47.64870,18.95110,22.45820,30.22850,7.99120,37.41210,52.99450,21.45610,24.43350,34.38230,9.15580,39.46650,59.93180,23.49090,26.61860,39.60790,10.42370,41.12270,66.22770,26.10950,28.78070,44.03410,11.60270,42.53370,74.21900,28.21350,31.10240,49.78950,13.11840,44.57010,80.15700,31.38130,33.13640,54.95780,14.43550,46.35990,87.22490,34.04870,35.24430,60.06980,15.99020,47.75540,94.18400,36.72220,37.34620,65.16770,17.73900,48.61890,101.59550,39.22080,39.13700,71.37350,19.24830,50.60090,106.53370,43.30070,41.52630,75.81990
AQ,151.44860,59.52150,181.33930,725.80700,61.21640,153.23120,152.42460,59.65100,180.61440,740.86350,61.46450,154.59240,110.37580,57.08070,180.01420,722.54150,60.94740,152.78220,9.13300,34.92110,129.01860,167.54970,46.91390,127.10360,6.33170,29.72490,64.30730,62.19750,31.50320,79.36740,5.14540,27.51390,45.49800,38.98000,24.52400,50.70790,4.55970,26.06890,36.80320,29.03260,20.73390,35.88490,4.16840,25.21560,31.91300,23.60040,18.76370,27.33450,3.74170,24.21520,28.78940,20.22910,17.29410,22.27420,3.54880,23.38240,26.39630,17.95780,16.10760,19.14380,3.45920,22.74780,25.25610,16.25440,15.26580,17.42650,3.24430,22.38800,23.83950,15.02500,14.57820,15.80910,3.11970,21.89130,22.62180,14.22260,14.02110,14.52140,3.04040,21.50720,21.27960,13.50970,13.44720,13.59500,2.85240,21.23500,20.31290,12.90280,13.05520,12.70740,2.62630,20.90130,19.91250,12.11360,12.77430,12.22320,2.60140,20.53590,19.64120,11.62590,12.56190,11.87980,2.66370,21.04280,19.49930,11.26180,12.91070,11.63250,2.71190,24.01170,23.91360,11.35620,14.73500,13.87210,2.94700,26.74020,27.49920,11.89330,16.65840,16.75880,3.39470,28.80420,31.54060,12.99590,18.32340,19.60570,3.95330,30.68260,37.66750,14.28050,20.09910,22.95120,4.42800,32.87530,43.06390,15.41910,22.40550,26.81890,5.11300,34.33540,49.29420,16.89140,24.23430,31.16500,6.14230,37.02960,53.99730,19.37850,26.23660,35.71830,6.50930,39.21900,62.28080,20.56650,28.79640,40.93840,7.32830,41.12270,67.99740,23.20150,30.58930,45.56490,8.26810,42.09050,77.82440,24.92450,32.71810,51.79360,9.54190,44.44400,81.61590,28.44380,34.49290,56.60770,10.27640,46.12320,90.13420,30.18860,37.17110,62.61540,11.82940,47.15650,97.39780,33.77360,38.75350,68.64330,13.04620,48.90650,102.86270,37.19110,40.60110,74.13760,13.95910,50.51670,109.96590,40.34000,42.22020,78.82790
AQ,121.57890,62.84610,190.19660,486.19670,61.91980,165.56880,121.03690,62.86960,190.46110,489.24440,61.80550,166.29380,104.29630,60.56940,192.19600,492.32880,61.48720,168.29020,10.93100,42.57320,131.39630,216.46150,49.01900,131.95030,7.33840,38.17070,79.94320,70.13730,39.51390,92.31440,6.05430,35.88180,62.76260,42.95240,33.65710,66.47950,5.49780,34.20810,53.98040,32.37730,30.21980,51.92150,5.02490,33.07080,48.49820,26.67950,28.06240,43.02670,4.71990,32.05380,44.96780,23.22550,26.33500,37.41800,4.54940,31.44180,42.35180,20.79080,25.22230,33.65530,4.24090,30.83600,39.78660,19.30830,24.05610,30.44540,4.03450,30.09520,38.55760,17.82250,23.30890,28.57850,4.02060,29.48130,37.17060,16.69280,22.77160,27.17800,3.72610,29.39260,35.93410,15.87630,22.15540,25.87980,3.89410,28.73370,34.82390,15.54680,21.41230,25.06040,3.88430,28.39950,34.18720,14.90480,21.13040,24.31890,3.72230,28.28400,33.78280,14.34230,20.99920,23.70430,3.52400,28.63210,34.21500,13.84950,20.86880,23.45450,3.84700,31.96420,39.57460,14.36170,22.93310,25.85960,4.24090,34.09110,45.51140,14.97280,24.91650,29.63540,4.50600,36.49220,51.25460,15.56330,27.05090,33.63710,4.86940,38.99690,57.56140,16.53980,29.42480,37.94020,5.26690,40.44160,64.48240,17.65120,31.74150,42.75500,6.13300,42.16820,71.52720,19.25830,33.23030,48.80560,6.74730,44.48600,77.62020,21.10450,35.40740,53.47590,7.12540,46.37470,85.19900,22.65100,37.88940,58.99760,8.06520,47.63160,93.00840,24.54650,39.54950,65.50320,8.89890,49.45650,98.70800,27.21350,41.32380,70.73860,9.42280,51.36850,106.09920,28.89550,43.63020,76.98400,10.55060,51.99500,113.47870,31.06570,45.30840,83.31190,11.60930,52.95630,119.72900,33.78280,46.56840,89.62030,12.67560,53.77770,126.77840,36.57090,47.56990,96.15660,13.88340,54.52400,133.14100,39.20980,48.98680,102.13540
AQ,116.16860,59.00800,181.21810,429.05820,58.48030,156.62760,116.44900,59.22110,181.09710,429.05820,58.43840,155.78940,80.03470,57.56880,181.46060,424.92010,58.12550,156.16090,8.23320,39.05520,151.36040,124.35190,41.42490,134.13550,6.05890,33.85870,84.39630,51.05060,31.99100,83.73640,5.18860,31.35430,61.31300,33.44720,27.26280,57.59850,4.55760,29.65970,50.33770,25.62570,24.40770,43.71590,4.23480,28.53100,43.91920,21.30710,22.68240,35.64030,3.93550,27.62550,39.63020,18.58070,21.26260,30.30860,3.68350,26.80490,36.65150,16.72360,20.18260,26.79790,3.65650,25.99940,34.91870,15.36170,19.26960,24.77000,3.55260,25.91630,32.42070,14.52140,18.85600,22.55190,3.21260,25.28940,31.41480,13.67690,18.58540,21.19740,3.30800,24.64100,30.66410,12.93140,17.65040,20.64630,3.22750,24.61490,28.87270,12.83150,17.38360,19.32330,2.94880,24.58240,28.61600,11.90340,17.28520,18.60970,3.10680,23.91710,28.11760,11.53990,16.93610,18.47480,3.16050,24.33050,27.41310,11.66900,16.82710,17.86910,2.94700,28.16910,30.57480,11.34310,19.82540,19.37350,3.65070,29.38450,35.47510,12.42360,20.85790,22.95120,3.67580,31.80360,40.11290,13.28920,23.17470,25.59250,4.24290,33.71460,46.07750,14.03510,24.95610,29.86310,4.89060,35.20370,50.75440,15.46840,26.61860,33.94750,5.16910,37.62200,56.60770,16.99820,28.78850,37.81410,5.66960,39.34840,63.22870,17.99060,30.94740,42.52220,6.53080,40.25850,69.76530,19.74320,32.33380,47.94870,7.06080,42.42880,75.84790,21.34010,34.18860,52.51920,7.85210,42.86390,83.80200,23.14760,35.65380,58.61470,8.38400,45.39470,88.71430,25.21030,37.91180,62.88920,9.53610,45.56800,95.95230,27.70120,38.74190,69.27410,10.26720,47.12610,101.81990,29.66670,40.98520,74.00230,11.65910,47.61620,107.16670,32.33400,41.48830,80.12640,12.13070,49.58720,111.98820,34.20570,43.27830,83.70370
AQ,155.97490,50.11520,143.21320,525.35150,48.77840,117.75410,158.32790,50.55040,144.01750,526.23150,49.18040,118.09860,39.60790,44.72480,143.93670,500.20520,49.05120,118.85090,6.50220,21.34010,89.32880,39.71950,24.43990,101.77500,4.54940,18.93410,39.98870,19.37350,15.81820,47.11230,3.56030,17.62760,26.34140,13.79680,12.99310,26.32080,3.06620,16.86630,20.55050,11.18090,11.57700,16.97140,2.73170,16.44020,17.49500,9.71800,10.79550,12.65800,2.52530,16.06590,15.83840,8.80680,10.29900,10.65350,2.36930,15.76910,14.83700,8.18230,9.93350,9.59750,2.27050,15.66310,14.24570,7.81290,9.77220,8.98590,2.20840,15.42920,13.87960,7.52130,9.57190,8.64070,2.21020,15.31340,13.58380,7.33840,9.41210,8.44370,2.12450,15.17480,13.44330,7.12290,9.31540,8.31380,2.10920,15.13150,13.33310,7.05340,9.25670,8.25200,2.06660,15.10000,13.30390,6.97200,9.21420,8.21710,2.10410,15.04120,13.30020,6.95970,9.14270,8.24120,2.07000,15.52560,13.19820,6.91790,9.42280,8.07590,2.14160,17.84280,16.10910,7.24780,10.95090,9.33620,2.41640,19.45970,19.32830,7.84940,12.14910,11.27150,2.84160,21.07020,22.37220,8.70690,13.50410,13.32950,3.31180,22.69430,25.83280,9.67080,14.99430,15.80910,3.80010,24.38190,29.63540,10.78220,16.55110,18.34550,4.48340,26.13860,33.82840,12.03870,18.15390,21.20280,5.19520,27.76770,38.08810,13.49500,19.74350,24.24980,5.99670,29.43280,42.86590,15.04910,21.44020,27.75920,6.84700,31.13700,47.70560,16.80730,23.13220,31.30620,7.87560,32.57100,52.63340,18.51810,24.71280,35.25320,8.95500,34.06200,57.91560,20.33920,26.29980,39.22080,10.09710,35.57140,62.86810,22.36640,28.00920,43.12610,11.39210,36.88880,67.90250,24.49580,29.66790,47.69140,12.68270,38.25000,73.41130,26.59630,31.28460,51.72970,14.17270,39.44290,78.23520,28.91070,32.79190,56.01420
AQ,137.86870,60.26090,182.43650,452.26980,62.63580,157.56820,138.84910,60.52520,183.29800,463.06400,62.91650,158.51880,93.67160,58.02180,182.43650,465.83980,62.56600,158.99790,9.67380,40.69980,124.28910,152.24630,46.70320,124.35190,7.10550,36.21690,72.22490,55.76510,35.52000,82.63330,6.08660,33.90700,56.12140,36.63140,29.69230,58.53850,5.43140,32.38830,48.57120,28.42140,26.41970,45.32480,4.96290,31.28460,43.55170,23.80260,24.25350,37.56330,4.65520,30.35360,40.48850,20.85530,22.86710,32.71760,4.47520,29.55410,38.20480,18.94620,21.62510,29.48720,4.40750,28.68670,36.52070,17.47670,20.49340,27.65780,3.93160,28.73370,34.89970,16.00290,20.22970,25.35450,3.97300,28.07000,33.78280,15.70040,19.36940,24.30640,3.81960,27.43230,33.34820,14.63910,18.92430,23.47270,3.67000,27.59570,31.67540,14.40440,18.49920,22.23980,3.70670,26.92030,31.84490,13.58010,18.29500,22.10810,3.66420,26.93480,31.04920,13.29660,17.84280,21.67870,3.50870,27.42490,31.43990,12.82790,17.91200,21.46160,3.57950,30.99030,36.95570,13.12570,20.22970,23.83330,3.98690,32.66280,43.25070,13.58760,22.33540,27.99270,4.40340,35.13270,48.36730,14.93670,24.34970,31.65010,4.93950,37.05130,54.88840,15.86360,26.45510,36.80320,5.62480,39.04350,61.06940,17.48130,28.25330,41.53640,6.14230,41.24820,67.31380,19.14380,30.52170,46.63930,6.63140,43.21110,75.31740,20.64100,33.02410,52.19500,7.39660,44.90870,82.53710,22.10810,35.05190,58.55750,8.37590,46.18220,89.91340,24.06860,37.16010,65.12310,9.19570,48.27080,96.11570,26.65870,39.39560,70.46200,10.01580,49.05120,104.38990,28.24310,41.51370,77.50390,11.04260,50.97400,110.11930,31.12350,43.45370,82.72970,12.33690,51.33400,117.07010,33.44720,44.82370,89.80330,13.17280,53.26440,122.92140,35.93410,46.89880,94.74080,14.28820,54.09300,128.81820,38.46100,48.82630,99.95990
AQ,369.95400,55.20910,167.54970,1904.55370,56.00530,146.81190,368.60710,55.47910,168.07800,1861.97790,56.20210,147.06300,102.90840,50.80390,167.65520,1851.62640,55.28610,147.23080,8.34350,30.85310,87.08510,123.47780,32.87530,95.83000,6.08900,27.17490,44.39410,42.43690,23.60450,52.82990,5.20170,25.43090,33.63710,27.54240,19.72820,34.15020,4.58870,24.33690,28.63100,21.30160,17.64580,24.69310,4.24490,23.65420,25.78590,18.07520,16.39350,19.84560,4.00670,23.15040,24.22480,16.05380,15.58610,17.24050,3.78450,22.72990,23.19550,14.58410,15.04900,15.77970,3.46870,22.68240,22.39530,13.52450,14.77340,14.66270,3.61790,21.94850,22.08530,12.75690,14.41920,14.41220,3.48580,21.95420,21.48940,12.57020,13.91120,13.96290,3.34560,21.42350,21.79660,11.89660,13.83480,13.78170,3.26110,21.82870,20.97960,11.94720,13.82390,13.24180,3.45540,21.22950,21.60610,11.59940,13.60760,13.72550,3.44590,21.65320,21.05010,11.52010,13.75870,13.35140,3.31550,21.55760,22.14240,11.12290,13.82030,13.66570,3.63910,24.13860,26.38940,11.55970,15.42520,16.43990,3.91190,26.18750,30.07700,12.34730,17.07230,19.10410,4.15830,28.23030,34.67280,13.06790,18.99280,22.25120,4.45870,30.35360,39.77540,14.14590,20.79310,25.66560,4.92880,32.09880,44.54960,15.53850,22.63500,29.02500,5.40500,34.04250,50.13880,17.08310,24.53050,33.05330,6.04740,35.89220,56.71650,18.34070,26.82650,37.82460,6.90570,37.02960,62.78370,20.42350,28.11570,42.46120,7.51360,38.99690,68.64330,22.45310,29.95460,47.30890,8.30030,40.74920,74.62790,24.44510,31.90160,52.01780,9.32460,41.81990,80.80370,26.86090,33.55210,57.39460,10.33450,43.18420,87.61110,28.60100,35.12260,63.20740,11.21640,44.62630,93.98640,30.90920,37.20380,68.14010,12.29200,45.12220,101.32730,33.13340,38.15940,74.30050,13.77800,46.37470,104.81290,36.64140,39.51390,78.88760
AQ,106.05110,52.43680,159.86670,409.64560,54.63730,138.01880,105.85900,52.56150,160.35290,415.74070,55.20910,137.86870,82.98770,51.17930,161.23480,408.55560,54.97930,138.77320,6.98670,33.27730,137.79380,113.47870,33.08950,116.84360,5.18000,28.36090,75.54000,43.27570,23.44390,71.47590,4.39730,26.06190,51.87350,27.94870,19.65180,47.86270,3.89610,24.59540,40.90350,21.24120,17.52780,35.09020,3.57180,23.67290,34.79550,17.68810,16.39770,27.73020,3.36070,22.79540,30.87640,15.40270,15.16300,22.99870,3.15860,22.30630,28.31720,13.93260,14.78500,20.06240,2.88510,22.11500,26.10950,12.90280,13.95880,17.84580,3.03850,20.97190,25.26920,12.01840,13.20810,16.94920,2.72810,20.89040,24.23100,11.18730,13.17320,15.77560,2.67620,21.05380,22.95720,10.92140,13.00690,14.86890,3.04040,20.15120,22.45890,10.72240,12.64250,14.92470,2.57300,20.46150,21.92070,10.03980,13.18020,13.90990,2.72270,19.87160,21.62850,10.13950,12.86620,13.90610,2.50770,20.44560,20.93630,9.60920,13.67220,13.21270,2.97070,23.19300,23.02240,10.20320,15.55790,14.71010,2.80180,25.31630,27.32740,10.25810,17.59130,16.95360,3.40040,26.61140,31.71770,11.42150,18.66710,20.22390,3.70670,28.72580,35.68910,12.31960,20.86340,23.03430,4.25700,30.02070,41.38290,13.43960,22.12660,26.95910,4.85040,32.14380,45.13920,15.21080,23.92340,29.86310,5.21900,33.38120,51.44390,15.94370,25.85410,34.31710,5.63600,35.27480,56.82570,17.63730,27.76020,38.22610,6.34820,36.72730,62.15600,19.52460,29.17620,42.70590,7.15780,37.61090,69.42090,20.76930,30.62320,48.23690,7.62640,39.83580,74.35490,22.90390,32.64440,51.80950,8.67650,40.38040,80.52560,24.86640,33.69540,57.72880,9.32180,41.69190,87.01530,26.91690,35.44830,62.34330,10.69100,42.58630,91.59090,30.02930,36.47090,67.36060,11.05540,44.23510,96.73260,31.93860,38.12550,71.24580
AQ,134.56570,62.14940,188.75400,492.32880,61.69150,162.92410,135.72430,62.40350,189.80120,505.04790,61.98850,162.92410,94.38230,58.60630,189.27630,507.50310,61.12650,163.32610,8.92130,37.44520,116.61790,150.92090,39.33660,119.55250,6.42850,32.48860,61.55800,54.03120,29.79850,71.04230,5.59790,30.10340,46.05030,34.64450,24.79140,48.03490,4.95440,28.51550,38.57910,26.31400,22.04020,35.61110,4.56180,27.50640,34.26130,21.87550,20.25060,28.57100,4.29550,26.63290,31.42320,19.09420,18.93900,24.14340,4.04840,26.06190,29.51840,17.17740,18.15860,21.45610,3.76500,25.69620,28.29500,15.50550,17.75550,19.64630,3.82160,24.68010,27.25610,14.90480,16.71880,18.56140,3.70290,24.56940,26.25240,14.22260,16.25830,17.53160,3.41930,24.75210,25.30850,13.52820,16.14930,16.68850,3.27420,24.34330,25.00850,12.68620,16.15350,16.21580,3.52780,23.61070,25.05400,12.59470,15.45720,16.24160,3.44400,23.83540,24.18090,12.37850,15.15510,15.83420,3.38150,24.44640,24.71870,12.05910,15.50550,15.66290,3.31550,28.02440,29.82370,12.07610,17.96750,17.79460,3.63330,29.94640,35.09020,12.62630,19.85620,20.93090,4.20660,31.88380,40.58030,13.89470,21.40680,24.78280,4.58250,34.88100,45.86070,15.00090,23.67910,28.57850,4.92250,36.73810,52.63340,16.24590,26.20150,32.97340,5.54890,38.52350,60.28760,17.62350,28.20740,38.14110,6.24720,40.77400,66.96430,19.65140,30.12830,43.36320,6.85430,42.75780,73.89430,21.32910,32.32470,48.57120,7.50340,45.29400,80.37170,23.40610,34.71110,53.67690,8.26540,45.88830,89.51080,25.14500,36.57750,60.40700,9.52150,48.11370,95.22240,28.09550,38.31810,66.13650,10.00380,49.78430,103.32160,29.88680,40.67510,71.93940,11.08430,50.83790,111.04720,32.25620,42.19420,78.47140,12.16830,51.95990,118.04110,34.69160,44.20740,84.42950,13.21640,53.26440,124.79290,37.13980,46.02020,90.61560
AQ,155.32710,57.20220,174.76860,700.45760,56.71880,147.99000,155.88210,57.44620,175.10980,700.45760,56.93960,147.65170,91.13870,56.14300,174.20250,626.28900,56.40000,147.31480,11.66900,33.74330,133.49480,124.16370,34.55230,118.27150,8.07320,29.00130,65.25690,58.95920,25.62100,63.42080,6.41190,26.81930,45.53810,39.00180,21.18540,41.11310,5.57780,25.59380,36.69190,30.15660,18.89990,29.83950,5.06130,24.55640,31.47340,24.78280,17.05470,23.20150,4.68650,23.78520,28.35440,21.47830,16.02850,19.32830,4.40140,23.26000,26.06880,19.26330,15.20640,16.87810,3.91190,23.10190,24.38820,17.34920,14.76960,15.16620,4.06440,22.12080,23.63700,16.50060,13.87110,14.54490,3.73200,22.18440,22.32020,15.43140,13.92580,13.39910,3.92170,21.45690,21.74600,14.79330,13.17670,13.26730,3.41930,21.85710,21.16460,13.87590,13.47920,12.40270,3.58330,21.19640,21.10450,13.50970,13.08980,12.39580,3.57950,21.17990,20.68900,13.36240,12.77770,12.10000,3.62750,21.63630,20.74250,13.03900,12.81170,12.35080,3.64870,24.79800,24.18090,13.27100,15.11180,14.57620,3.89810,27.48420,27.97800,14.06940,16.91860,17.23150,4.42590,29.30420,33.72810,15.27590,18.56140,20.85530,5.03560,31.29330,39.48580,16.40960,20.37160,24.75720,6.06580,33.46650,44.30370,18.45080,22.32370,28.63860,6.37650,36.03830,50.70790,20.08840,24.76520,32.62120,7.39150,37.50030,57.19180,21.66200,27.16760,37.50100,8.49540,39.31310,64.65820,24.40720,28.64770,42.68130,9.49820,41.36170,70.68820,26.82590,30.76770,47.45010,10.51950,43.25140,76.86920,29.72150,33.02410,52.11430,11.54320,45.03660,84.26360,31.84490,35.28500,57.76610,13.22000,45.46680,92.35280,35.43640,36.34360,64.35100,14.56440,47.69340,97.85940,38.39670,38.96200,68.83640,15.96480,47.89510,104.86010,41.28880,39.99210,75.17870,17.93440,49.06730,109.91490,46.40520,41.32380,80.49470
AQ,224.03170,61.60060,185.67360,955.07740,61.94270,147.06300,226.54230,61.91980,185.16890,960.70890,62.14940,147.39890,169.57300,60.68020,186.56270,665.50000,60.96970,148.15970,30.56670,43.34560,143.45370,120.20180,34.67130,110.42720,19.44890,36.08020,74.71020,77.35900,25.93010,56.12140,15.12170,32.98680,53.45920,58.61470,22.19590,38.77350,12.73210,30.53860,43.31320,47.64870,19.64170,29.47170,11.22620,29.04100,37.28370,40.50000,18.09310,23.71050,10.17280,27.85800,33.42010,35.62080,16.78800,20.11440,9.54780,27.03630,30.64780,32.31670,15.94990,17.82250,9.15860,26.15950,29.17810,29.61970,15.23800,16.68410,8.52000,25.71670,27.64330,27.57840,14.86610,15.28810,8.25730,25.23570,26.36880,25.66560,14.25430,14.55270,7.99120,24.49810,25.19720,24.38190,13.53970,13.95150,7.68310,24.24710,24.03750,23.38800,13.08980,13.11840,7.08070,24.24710,23.62480,21.89800,13.13840,12.54910,7.20520,23.75400,23.05220,21.59500,12.58540,12.44440,7.06080,23.74150,23.41820,20.62500,12.61560,12.61930,6.95720,27.45450,27.32020,20.74250,14.93590,14.99280,7.92540,28.75720,33.13340,22.03410,16.22890,18.86280,8.45190,31.90160,38.32200,23.70430,18.66710,21.52820,9.59750,33.75290,43.55170,25.57250,20.51460,25.22990,10.75070,35.93390,48.98250,28.42140,22.42890,28.73650,11.74570,38.45490,55.44720,30.88460,24.65400,32.57750,13.01750,40.41710,62.67840,33.51940,27.00000,37.09880,14.69820,41.97420,69.32300,36.77280,28.96970,41.96550,16.43120,43.67110,76.55490,40.22630,30.74210,46.75000,18.06110,45.39470,83.70370,43.80470,33.19270,51.33330,19.83540,47.64710,90.02370,47.21050,35.24430,55.99630,22.17100,48.77840,97.02270,51.05060,36.88880,61.37410,24.11220,50.26520,103.18360,55.46480,38.66130,65.90930,26.38940,51.54140,108.90210,61.21130,40.41710,70.83960,28.81210,52.97430,115.38920,68.47490,42.14230,75.84790
AQ,223.50040,61.21640,182.43650,957.88510,60.90270,143.37340,224.74380,61.66880,183.17450,952.28570,61.50980,143.85600,182.43650,60.15130,183.17450,805.66990,59.93300,143.77540,31.65850,43.03700,141.62760,184.16690,35.01160,106.58220,19.65140,35.44830,76.27090,105.28630,26.25060,59.50100,14.92870,31.69720,53.35910,73.49150,21.74360,41.20670,12.49320,29.17620,41.97750,57.08160,18.89010,30.71290,10.94050,27.42490,35.22440,46.97250,16.86190,23.98170,9.75640,26.19450,30.86820,39.95490,15.57000,19.70740,8.99150,25.02240,27.89030,34.72930,14.38540,16.89140,8.37320,24.46580,25.47320,31.27290,13.67570,14.83300,7.83120,23.89820,24.32520,27.84650,13.26750,13.79300,7.70900,22.94510,22.92750,26.11630,12.44520,12.87780,7.01880,22.98120,21.68990,23.98790,12.28660,11.81260,7.26790,21.93130,21.09360,22.95720,11.49260,11.82600,6.67230,21.71530,20.73720,21.24120,11.69030,11.18730,6.42380,21.74930,20.27100,20.63030,11.46770,10.79480,6.53080,21.74360,20.00020,20.41820,11.10190,10.70980,6.57380,24.31760,24.47040,20.03130,12.87990,13.26730,6.93750,27.79030,27.90490,20.96330,15.17870,15.21490,8.16630,29.53790,33.05330,22.85070,16.66270,18.50840,9.31030,31.55600,38.73020,24.60380,18.54220,22.02270,10.29170,33.70500,44.73190,26.86790,20.40860,26.00790,11.23910,36.02790,50.63050,28.81210,23.15650,29.01740,12.60170,38.38640,56.33680,32.07550,24.83740,32.84080,14.36950,40.19770,63.48510,35.28200,26.60430,37.68840,16.09200,41.88410,70.81440,38.30060,28.71020,42.62000,17.39920,44.55610,77.91210,41.46550,31.52960,46.63930,20.01060,45.61150,84.19740,46.29560,32.89380,52.04990,21.58940,47.29370,92.16140,50.10830,35.29510,57.08160,23.64320,49.34250,98.45210,55.16680,37.44520,61.39450,26.17750,50.55040,104.20280,58.92070,38.81120,65.97730,28.75920,50.95700,112.30480,64.35100,40.29500,72.19890
AQ,132.85920,57.69180,170.65540,419.70980,55.22830,146.22890,134.92590,58.00110,171.42030,415.74070,55.73150,147.23080,69.79000,56.32070,171.97040,316.96620,54.94120,146.64490,7.37120,32.22500,150.04840,39.04550,30.00410,131.46530,4.93100,26.34200,78.05870,21.45060,22.48760,69.59280,3.83720,23.74150,49.78950,15.06920,18.88040,43.45110,3.23120,22.06890,37.55290,11.91350,16.69290,30.36490,2.80720,20.84170,30.90920,9.97970,15.32140,23.24350,2.56240,20.00050,26.94500,8.77900,14.31410,19.15870,2.29640,19.37440,24.27490,7.95700,13.66140,16.66210,2.18950,18.79280,22.44150,7.42450,13.00690,15.02900,2.02930,18.35650,21.07730,6.99660,12.58200,13.91360,1.93490,18.04190,20.09360,6.66030,12.29320,13.12570,2.02420,17.85200,19.54480,6.56660,12.10680,12.70030,1.91810,17.48720,18.86280,6.37880,11.77590,12.17520,1.85620,17.21840,18.30730,6.18180,11.52070,11.79580,1.78630,16.89680,17.88300,6.02200,11.31900,11.50360,1.71350,17.60040,16.66210,5.93480,11.62100,10.88330,1.85450,20.30310,19.51950,6.23080,13.83480,12.79950,2.11770,22.26560,23.31560,6.71100,15.47730,15.52610,2.49360,24.20240,27.28460,7.48300,17.14300,18.46520,3.00180,26.19450,31.59950,8.34350,18.96340,21.72360,3.53350,28.32240,36.38040,9.35340,20.85790,25.24300,4.16030,30.29500,41.40650,10.41440,22.85520,29.15510,4.80820,32.11680,46.52890,11.58940,24.56940,33.23160,5.58010,33.91660,52.01780,12.95280,26.42680,37.61540,6.37410,35.86100,57.97190,14.37720,28.40720,42.33960,7.34090,37.74430,63.72150,16.02410,30.36190,47.37950,8.35970,39.40740,70.08750,17.75750,32.14380,52.63340,9.53320,41.09760,76.58340,19.80460,33.85870,57.85950,10.66600,42.40270,82.21760,21.67320,35.55090,63.03740,11.93370,43.95870,88.32030,24.00650,37.17110,68.52300,13.28920,45.36590,94.34250,26.21830,38.73040,73.81340
AQ,172.52370,59.56460,179.89460,756.53880,61.30640,151.62530,172.41280,59.93300,180.85540,786.05690,61.91980,152.51380,105.09650,58.37560,181.94740,714.50110,61.03680,153.05130,11.34640,34.77090,131.18960,143.05320,36.05930,111.46380,7.90700,29.57840,63.39940,64.74640,26.73300,62.46870,6.44040,27.26280,44.86270,42.31540,21.94270,41.77410,5.46680,25.57330,35.94390,31.87050,18.97810,30.31670,4.89060,24.20880,30.64780,25.70570,16.91430,23.51520,4.39110,23.12620,27.09300,21.82470,15.50950,19.32830,4.02060,22.39970,24.44510,19.06450,14.49100,16.48320,3.98690,21.67010,22.34330,17.48130,13.53970,14.63910,3.66030,21.29580,21.12090,15.96900,13.11410,13.30750,3.43260,20.84710,20.39710,14.69820,12.73030,12.43050,3.32300,20.57850,19.97440,13.66200,12.37890,11.85960,3.15680,20.63730,19.38350,12.96720,12.26030,11.40520,3.12160,20.40330,18.89710,12.51070,11.96780,11.14540,3.13820,20.20350,18.92160,12.09660,11.75050,11.11000,3.22000,20.44560,18.95600,11.98450,11.77590,11.20030,3.59100,23.48080,22.32020,12.60870,13.44370,13.69190,3.73390,26.07580,26.21830,13.30020,15.34930,15.97330,4.04640,28.45350,31.33960,13.89100,17.38810,19.26330,4.87790,30.47120,36.19110,15.10550,19.36940,23.04620,5.41820,32.82890,41.23010,16.96250,21.15790,26.11630,5.91420,35.24430,47.36530,17.95310,23.82910,30.17260,7.04100,36.70590,54.06510,20.19770,25.53250,35.15720,7.95430,39.38380,59.95150,22.37790,27.79780,39.65250,8.87650,40.67510,67.68960,24.30640,29.78220,44.91520,9.99170,42.86390,73.19820,27.62170,32.08980,49.51850,10.91190,44.88030,81.20820,29.41740,34.66140,55.00990,12.45140,45.94680,88.07100,32.47280,36.49220,61.41490,13.97430,47.23260,94.78080,35.78680,38.14810,66.59440,15.54680,48.52360,101.19360,39.58570,39.81190,72.25100,17.09210,49.86670,106.58220,43.02670,41.42490,77.70760
AQ,136.90030,50.18180,148.50000,362.00900,48.47610,128.48540,139.15310,50.48310,149.44290,365.06020,48.85840,128.68490,73.01250,49.21270,150.92090,234.19830,47.69340,129.89310,6.76180,27.62550,128.28650,27.13540,21.81160,106.82510,4.44230,23.09590,62.61540,16.49630,17.42410,49.65370,3.40980,21.00460,40.68380,12.15120,15.29360,31.06570,2.81990,19.66710,30.98320,9.78890,13.93680,22.05680,2.42690,18.84630,25.84620,8.44640,13.12450,17.50420,2.19130,18.14930,22.80950,7.53920,12.45520,14.90080,2.02760,17.63670,20.87690,7.02130,11.95170,13.46540,1.86620,17.32990,19.46910,6.58340,11.63990,12.35420,1.77960,16.94050,18.66790,6.27060,11.36840,11.71560,1.70520,16.75770,17.88300,6.09590,11.18100,11.25530,1.63620,16.51690,17.44930,5.86400,10.97200,11.01700,1.56110,16.40200,17.18190,5.70780,10.89400,10.80110,1.55140,16.29630,17.03840,5.61580,10.80450,10.69420,1.53670,16.22470,16.94470,5.50890,10.77480,10.62530,1.52210,16.67560,16.11330,5.51110,10.99910,10.41750,1.63950,18.88040,18.89220,5.69660,12.96560,12.62280,1.92140,20.47210,22.37220,6.14000,14.38160,15.17030,2.25320,22.34120,25.96060,6.83480,15.98290,17.85510,2.73880,23.91710,29.82370,7.62640,17.43310,20.78010,3.32120,25.77160,34.21500,8.64340,19.18510,24.08730,3.83330,27.43970,38.60070,9.61510,20.65870,27.47770,4.48340,29.08070,43.40080,10.71300,22.42310,31.23130,5.18210,30.86160,48.51280,11.87310,24.12590,35.23400,6.00590,32.47950,53.69370,13.22000,25.79910,39.66370,6.91300,33.88770,59.38420,14.73780,27.38060,44.17500,7.83640,35.40740,64.48240,16.43120,29.03300,48.82040,8.86810,36.72730,70.26190,17.96720,30.48800,53.37580,9.93780,38.05790,75.70770,19.77900,32.00000,58.06570,11.14220,39.33660,80.46390,21.53930,33.45700,62.65740,12.40620,40.49060,85.77500,23.53950,34.64150,67.17360
AQ,137.64420,57.98040,176.71790,488.47900,57.67130,152.15730,138.84910,58.29200,177.29870,497.02590,58.02180,153.14120,80.92790,55.63420,176.71790,478.73420,57.44620,153.77320,9.57120,37.18200,119.61130,111.72550,37.59980,116.05670,7.10300,32.61680,64.15460,48.39640,29.13630,68.66740,6.06820,30.32010,48.62970,32.93800,24.65400,47.25260,5.35880,28.78070,40.96160,25.63240,22.19590,35.69880,4.95230,27.60310,36.31050,21.60060,20.31370,29.00210,4.58450,26.86970,33.28530,18.98070,19.25960,24.82140,4.31990,26.16650,31.00790,17.12350,18.28090,22.10240,4.14030,25.22900,29.86310,15.66290,17.59130,20.63570,3.90200,25.15550,28.25790,14.54880,17.10760,19.09420,3.82550,24.51750,27.59280,13.90230,16.44020,18.15070,3.85290,24.06880,27.04360,13.27830,16.13680,17.62350,3.78250,23.57350,26.29340,12.76040,15.69570,17.20440,3.70290,23.50550,25.65230,12.43050,15.38120,16.71480,3.59290,23.48700,25.11250,12.22660,15.21820,16.16450,3.63720,23.77900,25.19720,11.78910,15.31340,16.15170,3.65840,27.05090,30.51810,11.93030,17.70510,18.79440,3.73390,29.59470,35.05200,12.53160,19.85100,21.76850,4.13230,31.58240,40.29450,13.63590,21.46250,25.19720,4.63850,33.37180,46.07750,14.73780,23.45000,29.38640,5.23640,35.16310,52.24340,16.07080,25.43760,34.00260,5.66290,37.48930,58.55750,17.30840,27.74520,38.33260,6.38590,39.47840,64.37280,19.40860,29.53790,43.10120,7.13280,41.16030,72.06900,20.99580,31.45930,48.92350,8.04670,42.61260,78.88760,22.99870,33.37180,54.62920,8.60490,44.40210,85.50320,24.71230,35.77790,59.67660,9.49530,46.21170,92.19960,27.22060,37.51130,65.19000,10.49170,47.12610,99.22290,29.69020,38.91550,70.91550,11.62260,48.19220,105.47660,32.23030,40.72450,76.89790,12.81010,49.27760,112.56990,34.67280,42.32430,82.66540,14.10380,49.96590,119.02560,37.52170,43.37260,88.64240
AQ,131.46530,55.51780,162.02590,377.29740,53.74080,138.39510,133.35310,55.92690,163.32610,383.95240,54.24240,139.22930,61.96950,53.92580,164.03380,251.45630,53.35550,139.76470,8.37050,31.54710,140.38100,35.30130,28.53100,122.18600,5.77780,26.58290,74.60060,21.37870,22.02300,65.41350,4.47100,23.83540,49.51850,15.54270,18.58540,42.26690,3.68350,22.01720,37.83510,12.27820,16.43170,30.22850,3.19950,20.73920,31.18150,10.38980,14.95540,23.33970,2.81990,19.74860,26.95910,9.07910,13.86390,19.17360,2.57130,19.08130,24.14970,8.19570,13.12100,16.56590,2.43740,18.40870,22.17670,7.62640,12.43190,14.87680,2.25490,17.96290,20.67830,7.12790,12.01610,13.67320,2.13820,17.48260,19.74320,6.69890,11.60840,12.85990,2.05130,17.21390,18.85300,6.45220,11.31290,12.18200,1.97530,16.97120,18.13180,6.26120,11.07160,11.69900,1.91470,16.73170,17.64190,6.07510,10.81930,11.35620,1.85120,16.58960,17.21340,5.97370,10.65060,11.07150,1.83780,17.08990,16.07080,5.90280,10.69480,10.55370,1.95500,19.55550,18.91180,6.12140,12.98280,12.48970,2.24630,21.46810,22.62770,6.66510,14.71190,15.16620,2.58900,23.47470,26.35510,7.44990,16.54680,17.92040,3.08280,25.38360,30.63160,8.29500,18.35650,21.00130,3.63910,27.25550,35.15720,9.30740,20.09910,24.43880,4.21460,29.18420,40.06770,10.39290,22.03440,28.26530,4.93950,31.15430,45.16560,11.68230,23.96750,32.29070,5.74840,33.06150,50.55320,13.06430,25.81970,36.64140,6.58340,34.77090,56.37280,14.49400,27.73770,41.31230,7.56220,36.58810,62.32250,16.16450,29.54600,46.30930,8.55010,38.40920,68.18780,17.88770,31.46810,51.16030,9.67080,40.04040,74.40940,19.84050,33.23970,56.31880,10.94050,41.50100,79.94320,21.98300,34.75100,61.57840,12.21290,42.90370,85.87730,24.23100,36.32240,66.43360,13.62100,44.23510,91.81840,26.64480,37.86700,71.68130
AQ,146.97920,58.83830,178.23490,640.13590,61.50980,150.39640,148.15970,59.15710,178.23490,644.01560,61.98850,150.74570,92.69900,58.31290,180.01420,585.84310,61.64600,151.97960,11.23590,36.57750,134.20710,130.23210,40.46610,122.00340,7.67800,31.04200,67.29040,61.68100,28.80420,70.46200,6.31520,28.40720,48.28030,41.25360,23.01730,46.90280,5.46900,26.85530,39.22080,31.33120,19.74350,34.34500,4.89060,25.62100,34.03940,25.78590,17.69140,26.79100,4.52660,24.72590,30.52620,22.29150,16.41050,22.14810,4.21060,24.20240,28.06610,19.85590,15.40120,19.09920,3.72810,24.06880,26.32770,17.84580,14.92420,17.02490,3.79620,23.14440,25.10600,16.59210,14.17620,16.04110,3.85680,22.60540,24.05620,15.84680,13.49340,15.07730,3.56030,22.70620,23.07600,15.34120,13.13140,14.12290,3.31360,22.34710,23.05810,14.05790,13.20460,13.75550,3.48010,21.64190,22.81540,13.97430,12.36240,13.74050,3.48010,22.07470,21.78530,13.68440,12.40210,13.12210,3.27800,22.23650,22.08530,13.16550,12.68970,12.93490,3.35130,24.87690,26.38250,13.24910,14.48720,15.68370,3.83720,27.16760,31.16500,14.17650,16.28360,18.92160,4.31580,29.59470,35.96360,15.39450,17.93510,22.49950,4.71370,32.32470,40.60330,16.47890,20.17210,25.84620,5.17350,34.46330,46.88890,17.89240,22.77160,29.65880,5.92340,36.08020,53.37580,19.54990,24.89010,34.37300,6.87380,37.72200,60.28760,21.77410,26.72590,39.44140,7.73230,39.75200,66.43360,24.30010,28.54650,44.02130,8.54190,42.14230,73.70590,26.72820,31.00760,49.54850,9.31890,43.76670,80.27950,28.60100,33.70500,54.40600,10.80420,44.40210,88.42750,31.77700,34.69120,61.37410,12.06590,46.56840,93.51490,34.92820,37.01870,65.97730,12.98510,47.46220,101.14920,37.74070,39.13700,71.19490,14.71400,48.55530,107.46090,41.27700,40.33160,78.47140,16.16880,49.57080,113.58650,44.95460,41.97420,83.02000
AQ,128.88500,49.93280,150.04840,509.98130,51.80240,124.60360,129.69040,50.23180,150.13530,506.68220,52.06530,124.91940,77.62020,49.24510,151.53690,488.47900,51.73260,125.74700,8.33000,26.10370,118.09860,84.89660,24.92970,104.67160,5.70780,21.56320,51.72970,41.45370,16.70150,51.27030,4.55350,19.56060,32.33400,27.50640,13.19060,30.24450,3.88630,18.27150,23.92590,20.98500,11.26060,19.77390,3.52200,17.48720,19.58540,17.44480,10.02610,14.23420,3.20330,16.75770,16.86480,15.12980,9.13480,11.20030,3.11970,16.45300,15.35350,13.80050,8.60440,9.66790,2.94150,16.15770,14.22650,12.72860,8.18730,8.62140,2.74060,15.57800,13.33310,11.76570,7.75460,7.86770,2.63160,15.25390,12.87060,11.16150,7.49110,7.45240,2.52710,15.10000,12.35770,10.69730,7.28320,7.08320,2.48130,14.86990,12.01500,10.29780,7.13740,6.82260,2.43740,14.73500,11.87640,10.06390,7.03140,6.69160,2.35890,14.62780,11.60600,9.84240,6.99330,6.49980,2.37800,14.86220,11.30730,9.71800,6.91740,6.41900,2.42870,17.31200,13.08230,9.89900,8.32570,7.43460,2.78560,18.94870,15.85100,10.50100,9.36900,9.08190,3.15490,20.68020,18.94620,11.41500,10.57440,10.97870,3.58330,22.28300,22.34330,12.51770,11.66190,13.06430,4.10430,24.03070,25.71900,13.87960,12.97930,15.37400,4.65520,25.73730,29.67450,15.28000,14.57440,17.85040,5.24730,27.48420,34.14090,16.91360,16.20790,20.71580,5.97370,29.18420,39.01270,18.78950,17.90730,23.93830,6.66270,30.67410,43.62740,20.74790,19.62140,27.14250,7.44730,32.27930,48.77630,22.92750,21.51280,30.56670,8.39760,33.77210,54.04820,25.36770,23.47470,34.41960,9.27010,35.00150,59.77460,27.67950,25.28270,38.29000,10.31610,36.38600,64.87900,29.97380,26.68290,42.15800,11.37570,37.82230,70.66300,32.77030,28.24560,46.37780,12.53160,38.90390,76.21430,35.52360,29.92990,50.55320
AQ,142.41660,61.60060,187.97540,638.85270,61.32900,158.99790,143.21320,61.71430,187.71710,647.94110,61.66880,160.15810,142.97340,60.76910,183.42170,649.25980,60.79130,155.32710,11.53990,44.00000,179.41760,383.95240,51.47210,152.60320,5.12160,27.73770,78.17630,67.73680,31.24110,89.43790,3.80010,23.61690,43.18830,34.43830,22.00570,50.66140,3.10680,21.42910,30.71290,22.69200,17.33880,31.76010,2.56060,19.87160,24.24980,16.94470,14.67740,21.40630,2.29290,18.77830,20.40240,13.76300,12.90730,15.85940,2.03610,18.02790,17.94380,11.68230,11.83320,12.65100,1.66080,17.55950,16.09200,10.16070,11.11100,10.47310,1.70690,16.65410,15.06120,9.12730,10.37380,9.60330,1.71350,16.42740,13.93260,8.76230,9.67860,8.62140,1.76470,15.80180,13.65830,8.11300,9.20360,8.41930,1.28600,16.00780,13.09310,7.47020,9.43090,7.49830,1.63130,15.13930,12.84570,7.53920,8.56130,7.64960,1.50270,15.22620,12.20260,7.26290,8.53860,7.16030,1.32580,15.64690,12.11020,6.96460,8.71390,6.80550,1.38340,18.10720,15.28000,6.95720,10.27890,8.47090,1.97690,20.08870,18.06580,7.84680,11.20850,10.71920,1.86620,22.56410,21.94330,7.99910,13.14880,12.75340,2.37110,24.29840,25.55930,9.23570,14.40420,15.30850,2.54830,26.61140,29.83950,9.71210,16.68420,17.92970,3.28360,28.28400,35.08070,10.96920,17.95360,21.72920,3.85290,30.99890,39.40820,12.44790,19.96950,24.69950,4.16230,33.10830,45.17890,13.71800,22.40550,28.19870,4.66980,35.06200,51.63420,14.94870,24.37550,32.63870,5.46680,36.81340,58.69100,16.57900,26.28570,37.66750,6.35290,38.98530,65.27920,18.53250,28.11570,42.70590,7.11050,41.23570,70.89020,20.48690,30.37030,47.05630,7.63410,42.78430,78.82790,22.30300,32.72730,51.96960,9.01130,44.34640,84.82960,25.10600,34.12030,57.78470,9.48660,46.04960,93.47580,26.56860,36.94290,62.97380
AQ,132.57840,57.81520,178.11740,477.26790,59.97650,153.05130,132.43840,58.12550,177.53190,477.26790,60.26090,152.78220,95.78930,56.45960,178.11740,470.77460,59.73750,153.23120,9.35340,38.44350,153.14120,114.94780,39.25430,133.49480,6.79090,32.85670,86.18530,47.37950,29.35230,82.40910,5.66960,30.61470,60.46670,30.89280,24.83080,56.06780,5.00780,28.90650,48.86450,23.87650,22.01150,42.20640,4.71790,27.86550,42.14600,20.07800,20.21920,34.23350,4.33200,26.89140,37.89810,17.52710,18.93410,28.92590,4.08030,26.27170,34.82390,15.78390,18.06980,25.42700,3.68930,25.90240,32.57750,14.42770,17.50520,22.95120,3.81380,24.79140,31.06570,13.53190,16.74040,21.53380,3.58910,24.54350,29.59630,13.00670,16.27940,20.18730,3.47060,24.33050,28.38420,12.37850,15.93750,19.10410,3.25180,24.08780,27.47050,11.67570,15.72010,18.16490,3.29490,23.53640,26.98020,11.21000,15.35720,17.83180,3.41360,23.12620,26.25930,11.16150,14.83130,17.35370,3.38520,23.61070,25.17110,11.03940,14.90090,16.75880,3.24430,27.20410,28.14710,11.15190,17.46910,18.33590,3.60640,28.78070,33.21370,11.49710,19.31940,21.63960,4.16440,30.66560,38.15170,12.62980,20.68020,25.36110,4.58040,32.99620,42.80430,13.55050,22.91510,28.83480,5.00780,34.55230,48.79090,14.68640,24.94290,33.09780,5.73710,36.03830,55.13190,16.11760,26.69010,37.76170,6.32930,37.87820,61.23160,17.78530,28.61650,42.44910,7.05090,39.70420,66.91790,19.71760,30.69960,47.19640,7.89390,41.19800,73.43800,21.39530,32.58010,52.61710,8.79010,42.44190,80.03470,23.57000,34.14950,58.44350,9.66200,43.93120,86.59870,25.68560,35.99650,63.63540,10.40210,45.48120,92.81480,27.71570,38.30680,68.83640,11.47070,46.40440,100.57370,29.50280,39.79990,75.40070,12.45140,47.75540,105.00190,32.55130,41.18540,79.36740,13.35880,48.90650,111.51610,34.27990,43.03700,84.76270
AQ,141.54920,68.56530,209.97280,611.82900,72.96840,176.71790,143.29330,68.99720,210.28880,625.05880,73.77630,177.29870,97.69110,64.61770,211.88200,613.00930,72.90910,179.17990,10.35600,39.59700,131.12080,148.75610,40.99770,127.29950,7.34340,33.41910,64.28540,59.89240,28.74930,72.93320,6.20510,30.46270,45.69900,38.91460,22.78950,47.81980,5.54670,28.39950,36.95570,29.37090,19.24970,34.24280,5.02920,27.13100,31.99840,24.03750,17.00630,26.30710,4.73670,25.93700,28.62350,20.79080,15.38120,21.54490,4.48130,24.89670,26.17750,18.53730,14.10220,18.52770,4.08230,24.51100,24.52110,16.60960,13.52900,16.44420,3.91580,23.84160,23.36380,15.49730,12.62900,15.16620,3.87650,23.18690,22.52860,14.54090,11.99350,14.35010,3.82750,22.62320,21.77970,13.85700,11.69030,13.69190,3.59100,22.57000,20.80690,13.10040,11.53320,12.83150,3.55260,22.32370,20.25530,12.88130,11.02920,12.39930,3.58720,21.70960,19.80970,12.60170,10.65360,12.08640,3.48390,22.13810,20.05720,12.24040,10.61830,12.05570,3.86080,25.47150,24.33780,12.70030,12.33600,14.35390,4.12430,27.93350,29.37860,13.26730,14.07630,17.41740,4.25500,30.40390,34.45700,14.15740,16.24150,20.42880,4.80610,33.07080,39.55230,15.31260,18.68160,23.91970,5.19520,35.15300,46.00960,16.69720,21.03740,27.86110,5.54890,38.22730,51.90550,18.16490,23.79150,31.78550,6.55470,40.17350,58.93990,20.41290,25.83350,36.85400,7.16270,42.66540,66.02270,22.11380,28.53100,41.88160,7.84940,44.88030,73.97520,24.11220,30.93020,47.37950,9.01970,46.79330,82.05860,26.92400,32.90310,53.25930,9.57120,49.16420,90.76460,28.87270,35.76760,58.93990,10.80740,50.90590,97.85940,32.22170,37.80000,64.79050,11.87310,52.79420,105.95500,34.73880,39.96800,71.65560,13.20180,53.79620,112.78260,38.10930,41.60260,77.67850,14.61940,55.09410,121.82120,41.28880,43.50790,84.69590
AQ,145.15690,56.85910,168.07800,408.01260,54.05580,143.13320,146.72840,57.16160,168.39640,412.94900,54.41110,143.93670,62.53150,55.38240,169.78850,252.55720,53.63030,144.58520,6.52840,28.68670,140.84620,27.54950,25.51900,123.41580,4.30560,23.69160,66.06820,16.19440,19.20000,58.48150,3.26490,21.22400,41.50090,11.51020,16.19960,35.21480,2.68150,19.68230,30.72110,9.15290,14.31040,23.83950,2.31550,18.64300,25.10600,7.79210,13.18020,18.02350,2.03270,17.81970,21.71230,6.88120,12.32940,14.82510,1.85620,17.21390,19.61580,6.29880,11.76950,12.94930,1.74980,16.79240,18.07520,5.88680,11.42110,11.80590,1.63790,16.36810,17.03840,5.56220,10.95990,11.00430,1.70200,16.13260,16.43120,5.46900,10.71850,10.59100,1.57090,15.86330,15.83420,5.22550,10.47810,10.10320,1.47510,15.61850,15.32490,5.04630,10.27610,9.78600,1.43800,15.39720,15.01290,4.94590,10.07970,9.55360,1.38340,15.31740,14.70220,4.88430,10.03170,9.36790,1.38660,15.83050,13.83440,4.85250,10.23890,8.98030,1.45900,18.27150,16.49190,5.05700,12.19480,10.71920,1.74160,19.95920,19.77390,5.60910,13.60400,13.11480,2.04800,21.82870,23.15360,6.23780,15.20240,15.56750,2.45150,23.67910,26.84690,6.99660,16.79240,18.23120,2.92140,25.60740,31.05740,7.83640,18.51350,21.33460,3.49530,27.55100,35.52360,8.85970,20.30310,24.72510,4.10230,29.41670,40.27170,9.94080,22.13810,28.37670,4.76610,31.39800,45.39130,11.14540,24.05610,32.39460,5.61130,33.25850,50.89440,12.48620,25.81970,36.76270,6.44750,34.98140,56.68020,13.97050,27.67030,41.20670,7.34600,36.75960,62.30160,15.51380,29.43280,46.03670,8.33270,38.45490,68.37900,17.15490,31.24980,50.98800,9.43440,40.02830,74.27330,19.09420,32.98680,56.04990,10.64090,41.38700,79.97370,21.11000,34.56220,61.25200,11.93710,42.69180,85.94560,23.42430,36.02790,66.11370
AQ,515.00790,71.94200,209.81510,1609.57890,71.45170,161.62950,514.16350,72.46690,210.60570,1601.80950,72.11630,160.74380,250.80000,68.45800,210.92350,1255.15360,69.65320,160.35290,18.51810,29.06480,105.85900,126.77840,24.22150,84.72930,12.61580,22.91510,37.67800,61.55800,15.92920,38.62220,10.07600,20.46680,23.23750,41.98950,12.40210,23.28550,8.73730,19.05670,17.14590,32.82320,10.36810,15.30040,7.84940,17.99540,14.19190,27.60720,9.11630,11.25860,7.19520,17.36120,12.54910,24.19340,8.39300,9.22420,6.65790,16.73170,11.66570,21.80220,7.82620,8.13170,6.37650,16.05760,11.24230,20.08840,7.23970,7.67540,6.04050,15.98290,10.34680,19.06950,7.10800,6.80800,5.88910,15.45320,10.27330,17.70660,6.80220,6.84450,5.47780,15.61040,9.93480,16.94470,6.73620,6.37410,5.44470,14.85060,10.26110,16.22870,6.45010,6.52360,5.48230,14.85450,9.82160,15.88890,6.25450,6.44510,5.30620,14.85830,9.69730,15.38630,6.29260,6.20980,4.87160,14.83900,9.80380,14.72990,6.31580,6.10050,5.41820,17.16070,12.34040,15.30450,7.04040,7.93330,5.37640,19.78440,15.10960,15.73380,8.62470,9.10750,6.09820,21.35670,18.41720,16.97590,9.60460,11.09070,6.64580,23.76650,21.44500,18.55180,10.90890,12.96720,7.23270,26.19450,25.10600,19.91760,12.55190,14.94470,8.15560,27.97890,29.58070,21.90930,13.77680,17.59130,9.10180,30.38710,34.01180,24.25610,15.26180,20.18730,10.14250,32.82890,38.56840,26.81190,17.08110,22.88020,11.18730,35.32570,43.70330,29.43290,19.06660,25.96740,12.10000,38.27270,49.69890,31.83640,21.52960,29.13980,13.63590,39.96800,56.48100,34.82390,23.31500,33.27640,15.11770,42.23320,62.80480,38.79520,25.10880,37.08850,16.71920,44.64030,69.64200,42.53440,27.21150,41.13650,18.44600,47.17170,76.41270,46.58410,29.21610,45.35140,19.91250,49.89970,83.50740,50.44530,31.58240,49.63870
AQ,137.49490,63.48360,194.92110,472.20290,63.05750,168.82260,138.24440,63.72230,194.37060,472.92020,63.17540,168.82260,96.11570,59.11440,193.68630,481.69280,62.82270,168.82260,8.61870,39.18380,115.22330,145.48530,47.50830,123.60200,6.28470,34.86090,67.71320,50.59950,36.66300,82.50510,5.21250,32.45210,52.42160,32.59490,30.62320,57.87820,4.52660,30.46270,44.32950,24.62290,26.72590,43.72860,4.06640,28.91440,39.07830,20.03650,23.84790,34.86180,3.75330,27.67030,35.15720,17.14140,22.04020,29.07850,3.47440,26.64000,32.47280,15.20680,20.71240,25.38740,3.26860,25.60060,30.57480,13.74420,19.78950,22.88020,3.31360,25.34990,28.40650,13.04990,18.83170,20.89850,3.11050,24.47870,27.67230,12.01840,18.23850,19.97440,2.84700,24.12590,26.58240,11.28130,17.99070,18.47960,2.61030,24.34970,25.43360,10.83580,17.36570,17.43110,3.03670,23.51170,24.66760,10.82950,16.57680,17.19540,2.66550,23.22340,24.64200,10.04280,16.42740,16.68850,2.95430,23.21730,24.45140,10.27640,16.13680,16.48760,2.62810,27.09460,28.75160,10.25810,18.38970,17.71580,3.10680,28.37630,34.15020,10.63160,19.81510,21.06100,3.25740,31.36310,38.40740,11.55310,22.16700,23.81490,3.94140,33.22090,43.65270,12.59120,23.72900,27.81740,4.03250,35.41760,49.42860,13.16190,26.44800,31.48180,4.81030,37.42310,54.45740,14.94470,27.87310,35.73790,5.10440,39.23080,62.03150,15.59650,30.23650,40.88030,5.73940,41.60260,67.50130,17.39920,32.33380,45.29820,6.42380,42.87720,75.48430,18.70670,34.14950,51.63420,6.70850,45.78600,81.58440,20.21340,36.71660,56.01420,7.97540,46.64320,88.39170,22.69200,37.99040,62.42680,8.66270,47.92630,96.93970,24.33780,39.76400,68.86060,9.43730,49.44020,104.34310,25.94710,41.94840,75.15100,10.06090,51.62820,109.66020,27.91220,44.19350,79.66960,11.55310,51.59340,117.12690,30.47770,44.62630,87.64630
AQ,249.28080,57.77400,176.60220,925.22220,63.08110,152.87180,249.06520,58.14630,176.60220,917.39390,63.50740,152.60320,191.92720,54.96030,176.71790,922.59830,62.82270,152.78220,12.94930,36.08020,113.04950,277.12280,42.70500,112.83590,8.64620,32.81970,63.12230,71.24580,30.70810,73.94820,7.31060,31.01620,48.70290,42.33960,24.72590,51.95360,6.48070,29.97940,41.66690,31.92160,21.74930,39.53010,5.99900,29.02510,37.61540,26.42370,19.66200,32.03260,5.62480,28.46130,34.86180,23.18950,18.40870,27.46330,5.35000,27.91840,33.24950,21.07730,17.44660,24.62930,5.22550,27.19680,32.17000,19.62600,16.59390,23.22550,5.05060,27.18220,30.63970,18.40760,16.35540,21.51150,4.79760,27.01450,29.93420,17.40830,16.38930,20.48160,4.59910,26.68290,29.36320,16.56590,16.12010,19.67180,4.46900,26.31390,29.06320,15.87630,15.46930,19.28830,4.45260,26.27870,28.59350,15.52610,14.95540,18.92160,4.44640,25.96470,28.36930,15.36170,14.63160,18.59040,4.37690,26.13160,28.68370,14.92470,14.88930,18.45560,4.38300,29.27210,33.63710,15.14600,16.98870,20.94710,4.71160,31.40680,39.12210,15.93100,19.16040,24.64840,5.34780,33.06150,44.52360,17.48130,20.73920,28.74400,5.82540,35.66420,49.97130,18.87750,23.40080,32.78790,6.56660,36.89960,56.58950,20.32870,25.14880,38.02460,6.91790,39.49020,62.13520,22.42420,27.32900,41.66690,7.70380,40.94780,69.61740,24.07490,29.53790,47.47840,8.72630,42.11640,76.58340,27.00130,31.22370,52.86280,9.46630,44.13810,82.79410,29.23200,33.17390,58.19760,10.36220,45.96150,90.35580,31.19810,36.05930,63.54940,11.75900,46.38960,97.64910,34.67280,37.54450,70.63790,12.64390,48.11370,103.27550,37.99300,40.34380,74.79250,14.03890,49.09960,110.11930,40.51150,42.02580,81.49010,14.99690,50.68540,115.16810,44.38120,43.73930,85.91140,16.53980,50.66850,122.67540,47.56340,45.43790,92.08500
AQ,193.41380,47.73990,141.86350,454.25700,45.96150,120.79730,194.78320,48.00430,143.13320,465.83980,46.50870,121.33750,101.59550,46.40440,143.77540,343.09640,45.42350,121.57890,7.39400,25.27590,117.46830,33.15120,20.71240,99.61200,4.86940,21.32900,55.71190,18.73100,16.44440,46.54270,3.71840,19.53530,35.99320,13.50230,14.27670,28.85000,3.10120,18.42770,27.42750,10.87700,12.96900,20.32870,2.69400,17.71890,22.91570,9.39390,12.15890,15.91420,2.40770,17.10320,20.10400,8.19570,11.55200,13.35510,2.22560,16.73170,18.42200,7.53660,11.11410,11.90670,2.09040,16.34690,17.32650,6.96950,10.73030,11.05870,1.95500,16.10760,16.50930,6.62900,10.46070,10.37440,1.89290,15.90860,16.06650,6.35520,10.27890,10.05790,1.83620,15.77720,15.66710,6.22610,10.12500,9.76530,1.79290,15.59830,15.35760,6.05660,9.96430,9.60330,1.73160,15.45720,15.08540,5.90050,9.84430,9.40250,1.68380,15.42120,14.86490,5.83450,9.79440,9.30740,1.66580,15.77720,14.33840,5.75070,10.00360,9.25570,1.78960,17.71430,16.83830,5.97600,11.64300,11.09070,2.05810,19.28450,20.06240,6.38830,12.89020,13.33310,2.42520,20.73390,23.42430,7.04850,14.17990,15.77560,2.84520,22.39380,26.84690,7.86510,15.63470,18.26920,3.37580,24.01810,30.88460,8.84860,17.11640,21.22470,3.94540,25.64830,34.92820,9.88410,18.69600,24.35670,4.58660,27.43230,39.51900,11.01380,20.31890,27.78100,5.32590,28.84350,44.13650,12.20950,21.82300,31.44830,6.04280,30.53020,49.07130,13.50230,23.53640,35.09980,6.91550,31.98210,54.09910,14.92070,25.00910,39.41930,7.92280,33.56160,59.55940,16.68850,26.66140,43.62740,8.89330,34.89100,64.13290,18.34550,28.13860,47.89140,9.98870,36.08020,69.59280,20.14040,29.56220,52.16270,11.18090,37.28040,74.90250,21.83030,30.90450,56.64390,12.43400,38.40920,79.76070,23.77800,32.29750,61.19100
AQ,131.74210,57.56880,174.99600,486.19670,57.34430,152.15730,131.53440,57.56880,174.99600,482.43790,57.48700,152.78220,84.96360,55.18990,176.83380,485.44050,57.24270,153.50180,8.70410,35.55090,113.80250,147.82070,42.53370,116.05670,6.53320,31.64410,62.13520,52.91210,30.93880,74.60060,5.74610,29.86410,47.49260,34.76710,25.60740,50.32240,5.07210,28.40720,40.20360,26.80490,22.57590,37.23220,4.71990,27.64790,35.80640,22.54020,20.76620,29.87100,4.43620,26.86250,33.08890,19.82000,19.50500,25.36770,4.30770,26.27870,31.04090,18.01410,18.57100,22.64520,3.87060,26.25760,29.34000,16.45290,18.10250,20.38130,4.08830,25.08880,28.71390,15.76720,17.01510,19.72270,3.73970,25.00250,27.90490,14.58010,16.94930,18.42680,3.82550,24.76520,26.58930,14.49010,16.42320,17.59590,3.60440,24.24710,26.84690,13.35140,16.50830,17.35370,3.90200,24.29200,25.57920,13.59130,15.86330,16.86040,3.60060,23.96120,25.88650,12.72510,15.94570,16.72360,3.61790,24.37550,25.79260,12.92060,15.70790,16.36200,3.56410,28.04720,30.63970,12.72510,18.44680,18.35500,3.94540,29.77400,35.88490,13.36980,20.08870,21.50600,4.33000,32.08980,40.77610,14.38890,21.91420,24.91800,4.72410,33.89730,46.35040,15.48900,23.49930,28.78940,5.42920,35.50980,52.37300,16.95360,25.37010,33.40210,6.15850,37.39010,58.25420,18.84810,27.24080,37.79310,6.41430,39.93190,64.46040,20.56120,29.79030,41.78600,7.18020,41.36170,72.22490,21.97160,31.81250,47.77700,8.14500,42.56000,78.44180,24.36930,33.40010,53.04400,9.02540,44.58410,84.69590,26.93800,35.25440,58.15980,9.45760,46.10850,92.54480,28.21350,37.64420,63.33530,10.69100,46.80840,99.17980,30.97500,38.42060,70.21200,11.59940,48.47610,105.28630,33.42010,40.94780,74.84750,12.83860,49.00290,112.19910,35.75750,41.52630,81.27070,14.25730,50.09860,116.67430,39.02360,42.69180,86.42610
AQ,150.65820,56.55910,165.77530,424.92010,56.16270,141.31420,153.05130,57.04030,166.91970,427.86810,56.87920,142.25820,57.91560,54.78890,167.02440,250.58190,55.92690,142.33730,5.68310,24.60840,129.01860,23.68600,21.68140,116.95680,3.74750,20.50400,53.15980,13.89100,16.08260,48.99730,2.83430,18.62860,32.59490,9.99170,13.59680,27.67230,2.31200,17.44210,23.92590,7.99910,12.23080,18.07050,2.03270,16.64120,19.62600,6.90320,11.35910,13.74420,1.84120,16.10760,17.21790,6.19580,10.76590,11.54320,1.70520,15.67940,15.82170,5.77550,10.35370,10.29170,1.56930,15.33330,14.92070,5.38520,10.05990,9.57410,1.52050,15.09220,14.24190,5.20380,9.83320,9.10180,1.49460,14.85450,13.83440,5.06990,9.62920,8.78730,1.42030,14.73110,13.58760,4.93520,9.54740,8.59940,1.39300,14.58580,13.41750,4.85670,9.46600,8.49820,1.37060,14.50610,13.28920,4.82080,9.39590,8.43560,1.39940,14.43050,13.14380,4.81030,9.29670,8.37860,1.34340,14.95150,12.71800,4.72200,9.59370,8.21440,1.46870,17.21390,15.18240,5.00780,11.39320,9.95580,1.69870,18.89990,18.28830,5.50670,12.74040,12.18550,2.01070,20.55720,21.50040,6.11680,14.23940,14.50570,2.37460,22.42890,24.89860,6.88120,15.80180,16.95360,2.82170,24.27910,28.81210,7.71160,17.43760,19.87130,3.36260,26.15950,33.07110,8.68480,19.19010,23.07010,3.94140,28.10810,37.60500,9.76230,20.97740,26.38940,4.61980,30.07030,42.57110,10.97870,22.88510,30.28460,5.42480,31.92840,47.89140,12.28510,24.62140,34.25210,6.25890,33.71460,53.15980,13.77420,26.41970,38.75180,7.15280,35.52000,59.13250,15.27590,28.33010,43.27570,8.11040,37.19290,64.79050,16.96700,30.10340,48.13570,9.22140,38.90390,70.71340,18.85300,31.85700,52.82990,10.38980,40.45380,76.84060,20.79620,33.47600,57.97190,11.65910,41.87120,82.28130,22.99870,35.02170,62.97380
AQ,180.85540,58.94430,176.37110,720.91940,61.30640,148.07480,183.54550,59.32820,176.60220,729.10130,61.55520,148.50000,110.73650,57.58930,178.11740,623.83330,60.15130,148.75610,12.36110,33.51400,118.38700,119.90600,32.62600,100.39770,8.51450,28.40720,54.66370,58.61470,24.39480,53.14320,6.87380,26.27870,38.98000,39.31990,20.44030,35.19560,5.97830,24.89010,31.57420,30.43730,18.06510,25.46660,5.42920,24.10690,27.54240,25.15810,16.59390,20.01580,5.02700,23.41310,24.98260,21.92070,15.54570,16.86480,4.68650,22.95110,23.43640,19.60570,14.89320,14.97680,4.58870,22.41720,21.99430,18.11290,14.13550,13.87590,4.44440,22.27140,21.41180,16.79850,13.98810,13.08590,4.23480,22.28300,21.04470,15.89730,13.95140,12.58420,3.99480,21.67580,21.03930,14.97280,13.70090,12.35770,4.16230,21.27920,20.85000,14.53700,13.16970,12.52810,4.09030,21.55760,20.06240,14.46280,13.16270,11.95400,3.77480,21.36790,20.25530,13.75550,13.06900,11.84280,3.85680,21.51280,20.47100,13.51710,13.27100,11.99800,3.86660,24.69970,24.38820,13.63590,15.30150,14.79720,4.27730,27.27020,28.43630,14.50570,16.95800,17.51330,5.03560,29.20010,33.32120,15.81750,19.02720,20.97420,5.59350,31.67060,38.60070,16.83380,21.20190,24.56560,6.18180,33.99400,44.00850,18.26450,23.44390,28.48860,6.96460,36.03830,50.72340,20.06240,25.51900,32.83200,7.97280,38.43200,56.35480,22.13100,27.72270,37.34560,9.15580,40.04040,63.52800,24.30640,29.52980,42.37610,10.61910,41.57720,70.26190,27.38450,31.32810,47.97740,11.60270,43.87620,76.78330,30.30860,33.66670,52.27580,13.04260,45.32270,83.44220,33.57370,35.31550,58.17870,14.42770,46.98950,90.61560,36.28060,37.24750,63.69990,15.72960,48.68260,97.52330,39.66370,39.11360,69.05470,17.16390,50.21520,104.38990,42.69360,41.13520,74.57320,19.10910,50.90590,110.94350,46.52890,43.02360,79.66960
AQ,148.50000,57.34430,174.42860,535.18950,57.16160,151.18440,150.30920,57.34430,175.22380,537.01640,57.50740,150.92090,90.06050,54.78890,173.97700,554.01350,57.30360,151.00860,9.56820,36.80260,119.37650,143.29330,42.50750,119.14240,7.07570,32.47030,65.48080,52.69880,31.00760,75.42860,6.02660,30.28660,49.63870,34.59750,25.77160,50.50690,5.37420,28.65550,41.58380,26.76300,22.73590,37.71980,4.83980,27.61060,36.83370,22.38950,20.79310,30.06900,4.55760,26.83370,33.65530,19.62090,19.51010,25.50630,4.38910,25.90930,31.26460,17.78530,18.41350,22.66860,4.41570,25.24240,29.39410,16.62270,17.41060,20.88230,4.04840,24.94950,28.04400,15.48490,17.11200,19.07440,3.84700,24.51750,27.12130,14.31910,16.65410,18.22180,3.84510,23.99910,26.11630,14.04270,16.07430,17.38550,3.89410,23.65420,25.51950,13.55050,15.59420,17.02490,3.66030,23.57350,24.86000,13.07870,15.53770,16.19020,3.40790,23.46850,24.98260,12.21290,15.35720,15.96900,3.67000,23.50550,25.06690,12.26450,15.33330,16.16450,3.78640,26.96370,28.88790,12.83500,17.51430,18.45080,3.75720,29.25610,33.95670,13.15100,19.59600,21.37870,4.22070,31.24110,39.44140,14.06940,21.46250,25.04100,4.69070,32.95890,44.84960,15.42320,23.43150,28.93350,5.16050,35.36650,50.63050,16.78080,25.62780,33.36610,5.92790,37.09480,56.69840,18.53730,27.32160,38.06690,6.65790,38.61530,63.80780,20.09880,29.05680,43.23820,7.21520,40.52740,70.36190,21.86420,31.47690,48.04930,7.98590,41.96130,77.85360,23.88270,33.37180,53.45920,8.96900,43.42670,84.29680,26.53400,34.74100,59.09390,9.56530,45.29400,90.98870,28.34700,37.16010,64.22000,10.82000,46.35990,97.27250,31.23130,38.50060,70.03780,11.62590,47.63160,103.96970,33.25850,40.08870,75.76380,12.98870,48.79440,109.35590,35.99320,41.39960,80.86580,14.32680,49.47280,114.83790,38.89290,42.54690,86.66790
